Date,Breakout Type,Strike Label,Entry Price,Peak Price,MFE %,MAE %,Time To Peak Min,Decay %,Elasticity,Gamma Eff,Expansion Quality Score,Peak Exhaustion Score,Expected Opportunity Score,Time To 50%,Time Above 50%,Hybrid Return %,Hybrid Capture Eff,Hybrid Retention Ratio,Hybrid Lost Profit,Trail 20 Return %,Trail 20 Capture Eff,Momentum Return %,Momentum Capture Eff,Volatility Regime,Trend Regime,Auction Archetype
2026-02-27,bearish,ATM-2,69.55,85.85,23.44,-40.47,49,51.78,27.109,0.107,24,100,0,,0,-4.53,-0.1933,0.0,19.45,-6.02,-0.2571,-9.63,-0.411,normal,mean_reverting,open_test_drive
2026-02-27,bearish,ATM-1,86.85,106.0,22.05,-37.82,49,49.06,25.505,0.101,24,100,0,,0,-3.97,-0.1802,0.0,22.6,-5.81,-0.2637,-8.87,-0.4021,normal,mean_reverting,open_test_drive
2026-02-27,bearish,ATM,108.5,131.1,20.83,-35.99,49,47.03,24.093,0.095,25,100,0,,0,-3.92,-0.1881,0.0,26.85,-6.73,-0.323,-8.89,-0.427,normal,mean_reverting,open_test_drive
2026-02-27,bearish,ATM+1,133.55,160.05,19.84,-32.95,49,44.05,22.952,0.091,26,100,0,,0,-3.18,-0.1604,0.0,30.75,-7.24,-0.3649,-8.65,-0.4358,normal,mean_reverting,open_test_drive
2026-02-27,bearish,ATM+2,162.2,192.35,18.59,-29.84,49,40.84,21.501,0.085,28,100,0,,0,-2.59,-0.1393,0.0,34.35,-7.62,-0.41,-7.58,-0.408,normal,mean_reverting,open_test_drive
2026-03-02,bullish,ATM-2,183.5,184.0,0.27,-78.61,18,78.67,2.606,0.01,0,100,0,,0,-7.14,-26.2,0.0,13.6,-20.0,-73.4,-20.6,-75.6,normal,trending,open_test_drive
2026-03-02,bullish,ATM-1,146.9,146.95,0.03,-96.26,1,96.26,0.326,0.001,0,100,0,,0,-29.44,-865.0,0.0,43.3,-19.97,-586.8,-22.5,-661.0,normal,trending,open_test_drive
2026-03-02,bullish,ATM,114.3,114.7,0.35,-99.96,1,99.96,3.347,0.013,2,100,0,,0,-9.27,-26.5,0.0,11.0,-19.72,-56.35,-25.9,-74.0,normal,trending,open_test_drive
2026-03-02,bullish,ATM+1,86.0,86.3,0.35,-99.94,1,99.94,3.336,0.013,2,100,0,,0,-12.27,-35.1667,0.0,10.85,-19.72,-56.5333,-28.72,-82.3333,normal,trending,open_test_drive
2026-03-02,bullish,ATM+2,61.8,61.9,0.16,-99.92,1,99.92,1.548,0.006,1,100,0,,0,-14.16,-87.5,0.0,8.85,-19.87,-122.8,-32.2,-199.0,normal,trending,open_test_drive
2026-03-02,bearish,ATM-2,17.05,45.35,165.98,-99.71,7,99.89,2270.409,9.221,55,100,0,6,11,-2.64,-0.0159,0.0,28.75,-2.4,-0.0145,-4.69,-0.0283,normal,trending,open_test_drive
2026-03-02,bearish,ATM-1,30.4,74.25,144.24,-99.84,7,99.93,1973.05,8.014,55,100,0,6,2,-7.4,-0.0513,0.0,46.1,-8.42,-0.0584,-5.26,-0.0365,normal,trending,open_test_drive
2026-03-02,bearish,ATM,51.15,112.5,119.94,-99.9,7,99.96,1640.631,6.663,55,100,0,6,0,-4.4,-0.0367,0.0,63.6,-10.15,-0.0846,-2.74,-0.0228,normal,trending,open_test_drive
2026-03-02,bearish,ATM+1,81.2,156.95,93.29,-68.23,7,83.56,1276.053,5.183,55,100,0,6,0,12.07,0.1294,0.1294,65.95,54.63,0.5856,-2.03,-0.0218,normal,trending,open_test_drive
2026-03-02,bearish,ATM+2,119.55,203.25,70.01,-46.34,7,68.44,957.674,3.89,55,100,0,6,0,7.82,0.1117,0.1117,74.35,36.01,0.5143,-0.42,-0.006,normal,trending,open_test_drive
2026-03-04,bullish,ATM-2,377.0,417.65,10.78,-6.8,36,15.87,21.208,0.087,40,100,0,,0,0.4,0.0369,0.0369,39.15,4.39,0.4071,0.4,0.0369,normal,mean_reverting,open_rejection_reverse
2026-03-04,bullish,ATM-1,345.65,382.4,10.63,-7.42,53,16.32,20.912,0.085,39,100,0,,0,0.38,0.0354,0.0354,35.45,4.25,0.4,0.38,0.0354,normal,mean_reverting,open_rejection_reverse
2026-03-04,bullish,ATM,315.0,352.55,11.92,-7.65,53,17.49,23.447,0.096,39,100,0,,0,0.56,0.0466,0.0466,35.8,4.76,0.3995,0.56,0.0466,normal,mean_reverting,open_rejection_reverse
2026-03-04,bullish,ATM+1,286.35,323.95,13.13,-8.29,53,18.94,25.827,0.106,38,100,0,,0,0.4,0.0306,0.0306,36.45,4.89,0.3723,0.4,0.0306,normal,mean_reverting,open_rejection_reverse
2026-03-04,bullish,ATM+2,260.65,294.65,13.04,-9.74,53,20.16,25.657,0.105,38,100,0,,0,-0.27,-0.0206,0.0,34.7,-9.56,-0.7332,-0.27,-0.0206,normal,mean_reverting,open_rejection_reverse
2026-03-05,bearish,ATM-2,201.3,226.15,12.34,-26.03,3,34.16,142.288,0.58,40,100,0,,0,-2.68,-0.2173,0.0,30.25,-10.12,-0.8201,-0.27,-0.0221,normal,mean_reverting,open_rejection_reverse
2026-03-05,bearish,ATM-1,220.1,246.65,12.06,-25.47,3,33.49,139.036,0.566,39,100,0,,0,-0.86,-0.0716,0.0,28.45,-10.35,-0.858,-0.05,-0.0038,normal,mean_reverting,open_rejection_reverse
2026-03-05,bearish,ATM,239.9,268.15,11.78,-24.51,3,32.46,135.729,0.553,39,100,0,,0,-0.04,-0.0035,0.0,28.35,-10.58,-0.8984,0.29,0.0248,normal,mean_reverting,open_rejection_reverse
2026-03-05,bearish,ATM+1,262.4,293.15,11.72,-23.67,3,31.67,135.072,0.55,39,100,0,,0,-0.02,-0.0016,0.0,30.8,-10.63,-0.9067,0.69,0.0585,normal,mean_reverting,open_rejection_reverse
2026-03-05,bearish,ATM+2,286.25,319.95,11.77,-22.93,3,31.05,135.697,0.553,40,100,0,,0,0.35,0.0297,0.0297,32.7,-10.58,-0.8988,0.93,0.0786,normal,mean_reverting,open_rejection_reverse
2026-03-05,bullish,ATM-2,287.0,329.8,14.91,-13.29,136,24.55,18.547,0.075,34,100,0,,0,-4.69,-0.3143,0.0,56.25,-8.07,-0.5411,-1.78,-0.1192,normal,mean_reverting,open_rejection_reverse
2026-03-05,bullish,ATM-1,254.65,295.75,16.14,-14.18,136,26.1,20.073,0.081,34,100,0,,0,-4.75,-0.2944,0.0,53.2,-7.09,-0.4392,-1.67,-0.1034,normal,mean_reverting,open_rejection_reverse
2026-03-05,bullish,ATM,224.55,262.8,17.03,-15.3,136,27.63,21.185,0.086,33,100,0,,0,-5.01,-0.2941,0.0,49.5,-6.37,-0.3741,-1.67,-0.098,normal,mean_reverting,open_rejection_reverse
2026-03-05,bullish,ATM+1,196.8,232.6,18.19,-16.97,136,29.75,22.624,0.092,32,100,0,,0,-5.49,-0.3017,0.0,46.6,-11.5,-0.6324,-2.13,-0.1173,normal,mean_reverting,open_rejection_reverse
2026-03-05,bullish,ATM+2,170.45,203.55,19.42,-18.36,136,31.64,24.151,0.098,31,100,0,,0,-5.63,-0.29,0.0,42.7,-10.85,-0.5586,-2.2,-0.1133,normal,mean_reverting,open_rejection_reverse
2026-03-06,bearish,ATM-2,173.55,226.95,30.77,-12.39,250,29.52,44.125,0.179,33,100,3,,0,-7.81,-0.2537,0.0,66.95,-4.88,-0.1586,0.09,0.0028,normal,mean_reverting,open_rejection_reverse
2026-03-06,bearish,ATM-1,193.05,247.95,28.44,-12.3,250,28.49,40.783,0.166,33,100,3,,0,-7.74,-0.2723,0.0,69.85,-5.56,-0.1954,0.1,0.0036,normal,mean_reverting,open_rejection_reverse
2026-03-06,bearish,ATM,214.4,270.25,26.05,-11.68,250,26.94,37.357,0.152,34,100,3,,0,-7.46,-0.2865,0.0,71.85,-6.42,-0.2464,0.26,0.0098,normal,mean_reverting,open_rejection_reverse
2026-03-06,bearish,ATM+1,237.8,293.15,23.28,-13.67,250,25.6,33.379,0.136,34,100,3,,0,-7.11,-0.3053,0.0,72.25,-4.56,-0.1958,0.04,0.0018,normal,mean_reverting,open_rejection_reverse
2026-03-06,bearish,ATM+2,263.2,320.85,21.9,-11.38,250,24.56,31.411,0.128,35,100,3,,0,-6.91,-0.3157,0.0,75.85,-5.5,-0.2512,0.27,0.0121,normal,mean_reverting,open_rejection_reverse
2026-03-09,bullish,ATM-2,280.95,292.65,4.16,-14.47,2,17.89,9.577,0.04,49,90,0,,0,-2.08,-0.5,0.0,17.55,-9.93,-2.3846,-5.13,-1.2308,normal,trending,open_test_drive
2026-03-09,bullish,ATM-1,250.1,259.65,3.82,-16.19,2,19.28,8.781,0.037,47,90,0,,0,-2.66,-0.6963,0.0,16.2,-10.84,-2.8377,-5.7,-1.4921,normal,trending,open_test_drive
2026-03-09,bullish,ATM,220.35,230.15,4.45,-18.61,2,22.07,10.228,0.043,48,90,0,,0,-2.43,-0.5459,0.0,15.15,-16.44,-3.6969,-6.1,-1.3724,normal,trending,open_test_drive
2026-03-09,bullish,ATM+1,193.8,201.95,4.21,-20.85,2,24.04,9.671,0.04,46,90,0,,0,-3.51,-0.8344,0.0,14.95,-16.64,-3.9558,-6.94,-1.6503,normal,trending,open_test_drive
2026-03-09,bullish,ATM+2,167.9,176.8,5.3,-22.51,2,26.41,12.19,0.051,48,90,0,,0,-4.23,-0.7978,0.0,16.0,-15.76,-2.973,-7.36,-1.3876,normal,trending,open_test_drive
2026-03-10,bearish,ATM-2,41.2,60.9,47.82,-99.88,8,99.92,260.387,1.079,43,100,0,,0,27.18,0.5685,0.5685,8.5,15.73,0.3289,31.19,0.6523,normal,trending,open_test_drive
2026-03-10,bearish,ATM-1,55.65,80.35,44.38,-99.91,40,99.94,241.703,1.002,19,100,0,,0,28.57,0.6437,0.6437,8.8,11.77,0.2652,27.94,0.6296,normal,trending,open_test_drive
2026-03-10,bearish,ATM,74.05,107.25,44.83,-99.93,40,99.95,244.154,1.012,19,100,0,,0,26.81,0.5979,0.5979,13.35,8.04,0.1792,24.65,0.5497,normal,trending,open_test_drive
2026-03-10,bearish,ATM+1,97.2,138.3,42.28,-86.88,40,90.78,230.264,0.954,18,100,0,,0,26.59,0.629,0.629,15.25,4.16,0.0983,22.17,0.5243,normal,trending,open_test_drive
2026-03-10,bearish,ATM+2,126.6,174.25,37.64,-56.67,40,68.52,204.965,0.85,16,100,0,,0,22.2,0.5897,0.5897,19.55,0.82,0.0218,18.8,0.4995,normal,trending,open_test_drive
2026-03-11,bearish,ATM-2,214.7,280.2,30.51,-11.09,225,18.25,19.693,0.081,38,100,8,,0,-1.12,-0.0366,0.0,67.9,14.67,0.4809,-3.98,-0.1305,normal,trending,open_test_drive
2026-03-11,bearish,ATM-1,235.3,301.15,27.99,-11.35,225,17.65,18.065,0.075,38,100,8,,0,-0.91,-0.0326,0.0,68.0,13.05,0.4662,-4.46,-0.1595,normal,trending,open_test_drive
2026-03-11,bearish,ATM,255.95,323.1,26.24,-10.92,225,16.9,16.935,0.07,38,100,8,,0,-0.61,-0.0231,0.0,68.7,12.33,0.4698,-1.27,-0.0484,normal,trending,open_test_drive
2026-03-11,bearish,ATM+1,280.6,347.25,23.75,-11.1,225,16.26,15.332,0.063,38,100,8,,0,-1.41,-0.0593,0.0,70.6,10.3,0.4336,-2.05,-0.0863,normal,trending,open_test_drive
2026-03-11,bearish,ATM+2,306.75,371.85,21.22,-11.17,294,15.88,13.699,0.057,38,100,8,,0,-1.84,-0.0868,0.0,70.75,8.95,0.4217,-2.59,-0.1221,normal,trending,open_test_drive
2026-03-12,bullish,ATM-2,340.6,373.9,9.78,-13.14,27,20.87,16.818,0.071,38,100,0,,0,4.73,0.4835,0.4835,17.2,-12.18,-1.2456,-0.92,-0.0946,normal,trending,open_test_drive
2026-03-12,bullish,ATM-1,310.0,342.4,10.45,-14.23,27,22.34,17.979,0.076,37,100,0,,0,5.24,0.5015,0.5015,16.15,-11.64,-1.1136,-0.32,-0.0309,normal,trending,open_test_drive
2026-03-12,bullish,ATM,283.05,312.25,10.32,-15.9,27,23.76,17.746,0.075,36,100,0,,0,5.03,0.488,0.488,14.95,-11.75,-1.1387,-1.15,-0.1113,normal,trending,open_test_drive
2026-03-12,bullish,ATM+1,255.9,283.75,10.88,-17.1,27,25.23,18.721,0.079,36,100,0,,0,5.33,0.4901,0.4901,14.2,-11.29,-1.0377,-1.15,-0.1059,normal,trending,open_test_drive
2026-03-12,bullish,ATM+2,229.3,257.2,12.17,-17.62,27,26.56,20.93,0.088,35,100,0,,0,6.28,0.5161,0.5161,13.5,-10.27,-0.8437,-0.46,-0.0376,normal,trending,open_test_drive
2026-03-13,bearish,ATM-2,190.5,228.6,20.0,-9.0,253,18.37,15.957,0.068,37,100,3,,0,-4.88,-0.2441,0.0,47.4,1.13,0.0564,-4.88,-0.2441,normal,mean_reverting,open_test_drive
2026-03-13,bearish,ATM-1,210.85,251.3,19.18,-8.8,253,17.85,15.306,0.065,37,100,3,,0,-4.91,-0.2559,0.0,50.8,0.38,0.0198,-4.91,-0.2559,normal,mean_reverting,open_test_drive
2026-03-13,bearish,ATM,232.4,275.75,18.65,-8.41,253,17.57,14.883,0.064,37,100,3,,0,-5.03,-0.2699,0.0,55.05,-0.02,-0.0012,-5.03,-0.2699,normal,mean_reverting,open_test_drive
2026-03-13,bearish,ATM+1,255.8,301.5,17.87,-8.05,253,16.9,14.254,0.061,38,100,3,,0,-5.16,-0.2888,0.0,58.9,-0.31,-0.0175,-5.16,-0.2888,normal,mean_reverting,open_test_drive
2026-03-13,bearish,ATM+2,281.05,328.75,16.97,-7.7,253,16.62,13.541,0.058,38,100,3,,0,-4.75,-0.2799,0.0,61.05,-0.59,-0.0346,-4.75,-0.2799,normal,mean_reverting,open_test_drive
2026-03-16,bullish,ATM-2,251.65,284.05,12.88,-28.99,206,37.09,12.435,0.053,27,100,0,,0,-3.0,-0.233,0.0,39.95,-12.82,-0.9954,-8.64,-0.6713,normal,trending,open_test_drive
2026-03-16,bullish,ATM-1,220.35,250.9,13.86,-31.34,206,39.7,13.39,0.058,26,100,0,,0,-3.72,-0.2684,0.0,38.75,-12.43,-0.8966,-9.55,-0.689,normal,trending,open_test_drive
2026-03-16,bullish,ATM,191.2,218.75,14.41,-34.7,206,42.93,13.916,0.06,25,100,0,,0,-3.77,-0.2613,0.0,34.75,-12.13,-0.8421,-9.78,-0.6788,normal,trending,open_test_drive
2026-03-16,bullish,ATM+1,163.85,189.65,15.75,-38.14,206,46.56,15.207,0.065,23,100,0,,0,-2.93,-0.186,0.0,30.6,-11.43,-0.726,-9.86,-0.626,normal,trending,open_test_drive
2026-03-16,bullish,ATM+2,139.6,163.0,16.76,-42.19,108,50.49,16.189,0.07,22,100,0,,0,-2.9,-0.1731,0.0,27.45,-10.92,-0.6513,-10.92,-0.6517,normal,trending,open_test_drive
2026-03-16,bearish,ATM-2,128.4,149.35,16.32,-24.3,122,34.92,405.197,1.754,29,100,0,,0,-6.39,-0.3914,0.0,29.15,-10.0,-0.6129,-6.58,-0.4033,normal,trending,open_test_drive
2026-03-16,bearish,ATM-1,147.45,170.1,15.36,-21.7,122,32.13,381.479,1.652,30,100,0,,0,-6.1,-0.3974,0.0,31.65,-10.18,-0.6627,-6.75,-0.4393,normal,trending,open_test_drive
2026-03-16,bearish,ATM,168.7,194.45,15.26,-19.65,122,30.29,379.061,1.641,30,100,0,,0,-5.33,-0.3495,0.0,34.75,-10.49,-0.6874,-6.52,-0.4272,normal,trending,open_test_drive
2026-03-16,bearish,ATM+1,192.45,222.05,15.38,-17.8,122,28.71,381.963,1.654,31,100,0,,0,-5.12,-0.3328,0.0,39.45,-10.44,-0.6787,-6.0,-0.3902,normal,trending,open_test_drive
2026-03-16,bearish,ATM+2,220.1,252.2,14.58,-17.58,122,26.23,362.186,1.568,31,100,0,,0,-4.77,-0.3271,0.0,42.6,-11.22,-0.7695,-6.29,-0.4315,normal,trending,open_test_drive
2026-03-17,bullish,ATM-2,133.6,165.55,23.91,-49.81,13,59.5,34.889,0.148,33,100,0,,0,-10.44,-0.4366,0.0,45.9,-6.32,-0.2642,-10.44,-0.4366,normal,mean_reverting,open_auction
2026-03-17,bullish,ATM-1,100.85,130.55,29.45,-73.77,13,79.74,42.964,0.183,36,100,0,,0,-12.3,-0.4175,0.0,42.1,-4.13,-0.1404,-12.3,-0.4175,normal,mean_reverting,open_auction
2026-03-17,bullish,ATM,72.85,96.05,31.85,-99.59,13,99.69,46.461,0.198,37,100,0,,0,-12.83,-0.403,0.0,32.55,-0.95,-0.0297,-12.83,-0.403,normal,mean_reverting,open_auction
2026-03-17,bullish,ATM+1,51.05,70.85,38.79,-99.9,13,99.93,56.585,0.241,41,100,0,,0,-16.06,-0.4141,0.0,28.0,0.76,0.0197,-16.06,-0.4141,normal,mean_reverting,open_auction
2026-03-17,bullish,ATM+2,33.25,47.6,43.16,-99.85,13,99.89,62.963,0.268,43,100,0,,0,15.34,0.3554,0.3554,9.25,3.82,0.0885,12.48,0.2892,normal,mean_reverting,open_auction
2026-03-18,bullish,ATM-2,274.4,313.25,14.16,-9.11,113,20.38,29.809,0.126,37,100,0,,0,0.51,0.036,0.036,37.45,-8.67,-0.6126,0.49,0.0347,normal,mean_reverting,open_test_drive
2026-03-18,bullish,ATM-1,244.15,281.6,15.34,-10.03,113,22.0,32.295,0.136,36,100,0,,0,0.78,0.0507,0.0507,35.55,-7.73,-0.5039,0.35,0.0227,normal,mean_reverting,open_test_drive
2026-03-18,bullish,ATM,216.0,250.75,16.09,-11.57,113,23.83,33.872,0.143,36,100,0,,0,0.74,0.046,0.046,33.15,-7.13,-0.4432,0.76,0.0475,normal,mean_reverting,open_test_drive
2026-03-18,bullish,ATM+1,189.5,222.85,17.6,-12.03,113,25.2,37.054,0.156,35,100,0,,0,1.19,0.0675,0.0675,31.1,-5.92,-0.3364,0.95,0.054,normal,mean_reverting,open_test_drive
2026-03-18,bullish,ATM+2,165.45,195.6,18.22,-13.66,113,26.97,38.368,0.162,34,100,0,,0,1.45,0.0796,0.0796,27.75,-5.42,-0.2975,1.06,0.058,normal,mean_reverting,open_test_drive
2026-03-19,bearish,ATM-2,220.2,247.25,12.28,-14.62,92,19.88,11.597,0.05,36,100,0,,0,-7.43,-0.6044,0.0,43.4,4.45,0.3623,-3.66,-0.2976,normal,mean_reverting,open_test_drive
2026-03-19,bearish,ATM-1,241.05,270.0,12.01,-14.42,92,19.57,11.338,0.049,37,100,0,,0,-7.38,-0.6149,0.0,46.75,4.21,0.3506,-3.55,-0.2953,normal,mean_reverting,open_test_drive
2026-03-19,bearish,ATM,264.5,294.4,11.3,-14.31,92,19.87,10.672,0.046,36,100,0,,0,-7.18,-0.6355,0.0,48.9,3.21,0.2843,-3.55,-0.3144,normal,mean_reverting,open_test_drive
2026-03-19,bearish,ATM+1,288.8,320.4,10.94,-13.92,92,20.18,10.329,0.045,36,100,0,,0,-6.93,-0.6329,0.0,51.6,-11.25,-1.0278,-3.39,-0.3101,normal,mean_reverting,open_test_drive
2026-03-19,bearish,ATM+2,315.35,346.55,9.89,-13.6,92,18.9,9.34,0.04,37,100,0,,0,-6.94,-0.7019,0.0,53.1,1.66,0.1683,-3.14,-0.3173,normal,mean_reverting,open_test_drive
2026-03-20,bullish,ATM-2,311.75,335.55,7.63,-17.42,317,23.28,54.678,0.235,16,100,0,,0,0.8,0.105,0.105,21.3,-13.89,-1.8197,2.84,0.3718,normal,mean_reverting,opening_drive
2026-03-20,bullish,ATM-1,280.0,304.5,8.75,-17.95,317,24.55,62.668,0.269,16,100,0,,0,-2.88,-0.3286,0.0,32.55,-13.0,-1.4857,-3.55,-0.4061,normal,mean_reverting,opening_drive
2026-03-20,bullish,ATM,250.8,275.2,9.73,-18.56,317,25.78,69.679,0.299,16,100,0,,0,-3.05,-0.3135,0.0,32.05,-12.74,-1.3098,-3.47,-0.3566,normal,mean_reverting,opening_drive
2026-03-20,bullish,ATM+1,223.2,247.2,10.75,-19.13,317,26.98,77.012,0.33,16,100,0,,0,-2.46,-0.2292,0.0,29.5,-12.19,-1.1333,-3.47,-0.3229,normal,mean_reverting,opening_drive
2026-03-20,bullish,ATM+2,198.45,220.6,11.16,-20.43,317,28.42,79.94,0.343,15,100,0,,0,-2.52,-0.2257,0.0,27.15,-12.06,-1.0804,4.76,0.4266,normal,mean_reverting,opening_drive
2026-03-20,bearish,ATM-2,212.6,240.45,13.1,-20.53,17,29.74,76.632,0.332,19,100,0,,0,-1.41,-0.1077,0.0,30.85,-9.52,-0.7268,2.26,0.1724,normal,mean_reverting,opening_drive
2026-03-20,bearish,ATM-1,232.8,263.0,12.97,-19.52,17,28.76,75.888,0.328,19,100,0,,0,-1.2,-0.0927,0.0,33.0,-9.62,-0.7417,-1.2,-0.0927,normal,mean_reverting,opening_drive
2026-03-20,bearish,ATM,254.8,287.2,12.72,-18.68,17,27.86,74.386,0.322,19,100,0,,0,-1.39,-0.1096,0.0,35.95,-9.83,-0.7728,-1.39,-0.1096,normal,mean_reverting,opening_drive
2026-03-20,bearish,ATM+1,279.25,313.4,12.23,-17.64,17,26.61,71.539,0.31,20,100,0,,0,-1.81,-0.1479,0.0,39.2,-10.22,-0.8354,1.93,0.1581,normal,mean_reverting,opening_drive
2026-03-20,bearish,ATM+2,306.95,339.4,10.57,-17.02,17,24.96,61.844,0.268,19,100,0,,0,-2.72,-0.2573,0.0,40.8,-11.54,-1.0918,-2.72,-0.2573,normal,mean_reverting,opening_drive
2026-03-23,bearish,ATM-2,180.5,213.5,18.28,-20.11,22,32.46,26.301,0.116,35,100,0,,0,7.23,0.3955,0.3955,19.95,-5.37,-0.2939,7.23,0.3955,normal,mean_reverting,open_test_drive
2026-03-23,bearish,ATM-1,199.8,236.5,18.37,-18.42,22,31.08,26.424,0.117,36,100,0,,0,7.11,0.3869,0.3869,22.5,-5.31,-0.2888,7.11,0.3869,normal,mean_reverting,open_test_drive
2026-03-23,bearish,ATM,220.95,259.9,17.63,-17.54,22,29.9,25.36,0.112,36,100,0,,0,6.79,0.3851,0.3851,23.95,-5.9,-0.3345,6.79,0.3851,normal,mean_reverting,open_test_drive
2026-03-23,bearish,ATM+1,244.1,287.0,17.57,-16.41,22,28.9,25.282,0.112,37,100,0,,0,6.33,0.3601,0.3601,27.45,-5.94,-0.338,6.33,0.3601,normal,mean_reverting,open_test_drive
2026-03-23,bearish,ATM+2,269.5,314.05,16.53,-15.1,22,27.15,23.78,0.105,37,100,0,,0,6.44,0.3895,0.3895,27.2,-6.78,-0.4099,6.44,0.3895,normal,mean_reverting,open_test_drive
2026-03-24,bearish,ATM-2,71.5,74.6,4.34,-99.93,11,99.93,7.996,0.035,23,100,0,,0,-15.38,-3.5484,0.0,14.1,-18.77,-4.329,-15.38,-3.5484,normal,trending,open_test_drive
2026-03-24,bearish,ATM-1,92.15,96.4,4.61,-99.95,12,99.95,8.505,0.037,23,100,0,,0,-14.43,-3.1294,0.0,17.55,-18.83,-4.0824,-14.43,-3.1294,normal,trending,open_test_drive
2026-03-24,bearish,ATM,115.15,124.45,8.08,-99.91,159,99.92,14.894,0.065,21,100,0,,0,-12.64,-1.5645,0.0,23.85,-18.09,-2.2398,-13.5,-1.672,normal,trending,open_test_drive
2026-03-24,bearish,ATM+1,142.9,163.15,14.17,-84.11,159,86.09,26.133,0.115,22,100,0,,0,-11.37,-0.8025,0.0,36.5,-18.49,-1.3047,-12.14,-0.8568,normal,trending,open_test_drive
2026-03-24,bearish,ATM+2,174.7,205.25,17.49,-61.91,159,67.58,32.249,0.142,22,100,0,,0,-11.79,-0.6743,0.0,51.15,-18.72,-1.0704,-11.79,-0.6743,normal,trending,open_test_drive
2026-03-24,bullish,ATM-2,167.7,191.25,14.04,-64.01,2,68.44,22.236,0.097,51,100,0,,0,-21.02,-1.4968,0.0,58.8,-16.92,-1.2051,-20.16,-1.4352,normal,trending,open_test_drive
2026-03-24,bullish,ATM-1,132.2,153.1,15.81,-91.87,2,92.98,25.033,0.109,51,100,0,,0,-24.43,-1.5455,0.0,53.2,-16.88,-1.0679,-25.26,-1.5981,normal,trending,open_test_drive
2026-03-24,bullish,ATM,104.0,119.35,14.76,-99.95,2,99.96,23.371,0.102,51,100,0,,0,-29.57,-2.0033,0.0,46.1,-18.19,-1.2326,-32.69,-2.215,normal,trending,open_test_drive
2026-03-24,bullish,ATM+1,75.45,90.5,19.95,-99.93,2,99.94,31.585,0.138,52,100,0,,0,-31.35,-1.5714,0.0,38.7,-15.86,-0.7953,-28.23,-1.4153,normal,trending,open_test_drive
2026-03-24,bullish,ATM+2,54.6,65.7,20.33,-99.91,2,99.92,32.191,0.14,52,100,0,,0,-33.79,-1.6622,0.0,29.55,-15.02,-0.7387,-32.97,-1.6216,normal,trending,open_test_drive
2026-03-25,bullish,ATM-2,373.9,381.6,2.06,-19.07,94,20.7,2.076,0.009,35,100,0,,0,-9.12,-4.4286,0.0,41.8,-18.35,-8.9117,-4.08,-1.9805,normal,mean_reverting,opening_drive
2026-03-25,bullish,ATM-1,343.3,350.3,2.04,-19.98,94,21.58,2.055,0.009,34,100,0,,0,-9.42,-4.6214,0.0,39.35,-18.37,-9.0086,-4.24,-2.0786,normal,mean_reverting,opening_drive
2026-03-25,bullish,ATM,314.5,321.05,2.08,-21.43,94,23.03,2.099,0.009,34,100,0,,0,-9.83,-4.7176,0.0,37.45,-18.33,-8.8031,-4.93,-2.3664,normal,mean_reverting,opening_drive
2026-03-25,bullish,ATM+1,286.9,292.1,1.81,-22.59,94,23.96,1.827,0.008,33,100,0,,0,-10.25,-5.6538,0.0,34.6,-18.55,-10.2346,-5.07,-2.7981,normal,mean_reverting,opening_drive
2026-03-25,bullish,ATM+2,260.85,264.5,1.4,-23.73,94,24.78,1.41,0.006,33,100,0,,0,-10.52,-7.5205,0.0,31.1,-18.88,-13.4932,-5.27,-3.7671,normal,mean_reverting,opening_drive
2026-03-27,bearish,ATM-2,205.9,223.55,8.57,-26.1,5,31.94,9.24,0.04,40,100,0,,0,6.31,0.7365,0.7365,4.65,-13.14,-1.5331,3.62,0.4221,normal,mean_reverting,open_test_drive
2026-03-27,bearish,ATM-1,225.05,243.95,8.4,-23.44,5,29.37,9.052,0.039,41,100,0,,0,-1.22,-0.1455,0.0,21.65,-13.28,-1.5815,3.35,0.3995,normal,mean_reverting,open_test_drive
2026-03-27,bearish,ATM,245.55,266.0,8.33,-20.65,5,26.75,8.977,0.039,42,100,0,,0,5.97,0.7164,0.7164,5.8,-13.34,-1.6015,3.34,0.401,normal,mean_reverting,open_test_drive
2026-03-27,bearish,ATM+1,268.35,289.75,7.97,-18.39,5,24.42,8.596,0.037,43,100,0,,0,-1.29,-0.1612,0.0,24.85,-13.62,-1.7079,3.61,0.4533,normal,mean_reverting,open_test_drive
2026-03-27,bearish,ATM+2,292.5,315.05,7.71,-16.53,5,22.5,8.31,0.036,43,100,0,,0,5.88,0.7627,0.7627,5.35,-13.83,-1.7942,3.33,0.4324,normal,mean_reverting,open_test_drive
2026-03-30,bullish,ATM-2,157.45,212.3,34.84,-80.18,10,85.3,81.777,0.362,45,100,0,,0,20.64,0.5925,0.5925,22.35,-16.16,-0.464,17.5,0.5023,normal,trending,open_test_drive
2026-03-30,bullish,ATM-1,128.6,179.1,39.27,-99.96,10,99.97,92.182,0.408,48,100,0,,0,22.16,0.5644,0.5644,22.0,-16.11,-0.4103,20.1,0.5119,normal,trending,open_test_drive
2026-03-30,bullish,ATM,100.6,148.5,47.61,-99.95,10,99.97,111.773,0.494,54,100,0,,0,31.31,0.6576,0.6576,16.4,-14.63,-0.3073,24.5,0.5146,normal,trending,open_test_drive
2026-03-30,bullish,ATM+1,76.9,121.4,57.87,-99.93,10,99.96,135.841,0.601,57,100,0,9,0,36.09,0.6236,0.6236,16.75,-12.67,-0.2189,31.92,0.5517,normal,trending,open_test_drive
2026-03-30,bullish,ATM+2,57.25,96.9,69.26,-99.91,10,99.95,162.579,0.719,59,100,0,9,1,42.53,0.6141,0.6141,15.3,-11.83,-0.1707,39.21,0.5662,normal,trending,open_test_drive
2026-03-30,bearish,ATM-2,31.05,35.3,13.69,-99.84,1,99.86,17.447,0.078,51,100,0,,0,-55.72,-4.0706,0.0,21.55,-9.05,-0.6612,-45.57,-3.3294,normal,trending,open_test_drive
2026-03-30,bearish,ATM-1,50.6,56.2,11.07,-99.9,1,99.91,14.107,0.063,51,100,0,,0,-47.73,-4.3125,0.0,29.75,-11.15,-1.0071,-40.42,-3.6518,normal,trending,open_test_drive
2026-03-30,bearish,ATM,76.8,84.3,9.77,-97.92,1,98.1,12.448,0.055,51,100,0,,0,-41.41,-4.24,0.0,39.3,-12.19,-1.248,-36.0,-3.6867,normal,trending,open_test_drive
2026-03-30,bearish,ATM+1,109.35,118.6,8.46,-78.65,117,44.27,10.783,0.048,24,100,0,,0,-34.98,-4.1351,0.0,47.5,-13.74,-1.6249,-31.09,-3.6757,normal,trending,open_test_drive
2026-03-30,bearish,ATM+2,147.7,168.35,13.98,-62.32,122,0.65,17.822,0.079,46,100,0,,0,-29.82,-2.1332,0.0,64.7,-14.94,-1.0683,-27.35,-1.9564,normal,trending,open_test_drive
2026-04-01,bullish,ATM-2,364.0,416.95,14.55,-3.24,284,13.78,414.414,1.807,40,100,7,,0,0.43,0.0293,0.0293,51.4,8.06,0.5543,5.49,0.3777,normal,mean_reverting,open_rejection_reverse
2026-04-01,bullish,ATM-1,334.2,385.55,15.37,-3.32,217,15.72,437.727,1.909,40,100,7,,0,8.32,0.5414,0.5414,23.55,8.47,0.5511,5.7,0.371,normal,mean_reverting,open_rejection_reverse
2026-04-01,bullish,ATM,306.75,356.4,16.19,-3.68,217,16.43,461.11,2.011,41,100,7,,0,0.72,0.0443,0.0443,47.45,9.21,0.569,6.28,0.3877,normal,mean_reverting,open_rejection_reverse
2026-04-01,bullish,ATM+1,279.85,328.2,17.28,-3.75,284,14.78,492.199,2.146,43,100,7,,0,0.84,0.0486,0.0486,46.0,9.54,0.5522,6.75,0.3909,normal,mean_reverting,open_rejection_reverse
2026-04-01,bullish,ATM+2,254.85,301.7,18.38,-4.06,284,15.36,523.715,2.284,43,100,7,,0,1.12,0.0608,0.0608,44.0,9.89,0.5379,6.87,0.3735,normal,mean_reverting,open_rejection_reverse
2026-04-01,bearish,ATM-2,244.4,275.85,12.87,-11.25,103,18.6,16.321,0.072,37,100,0,,0,1.45,0.1129,0.1129,27.9,-3.38,-0.2623,1.8,0.1399,normal,mean_reverting,open_rejection_reverse
2026-04-01,bearish,ATM-1,263.6,298.45,13.22,-10.39,103,18.28,16.768,0.074,38,100,0,,0,1.65,0.1248,0.1248,30.5,-2.88,-0.2181,2.18,0.165,normal,mean_reverting,open_rejection_reverse
2026-04-01,bearish,ATM,285.05,320.85,12.56,-10.54,103,17.61,15.929,0.07,38,100,0,,0,1.53,0.1215,0.1215,31.45,-3.05,-0.243,1.95,0.155,normal,mean_reverting,open_rejection_reverse
2026-04-01,bearish,ATM+1,307.35,345.75,12.49,-10.07,103,17.24,15.846,0.07,38,100,0,,0,1.94,0.1549,0.1549,32.45,-2.18,-0.1745,2.07,0.1654,normal,mean_reverting,open_rejection_reverse
2026-04-01,bearish,ATM+2,331.9,371.1,11.81,-9.42,103,16.72,14.98,0.066,38,100,0,,0,2.0,0.1696,0.1696,32.55,-3.21,-0.2717,2.02,0.1709,normal,mean_reverting,open_rejection_reverse
2026-04-02,bearish,ATM-2,275.5,275.5,0.0,-19.67,0,19.67,0.0,0.0,15,100,0,,0,-5.44,0.0,0.0,15.0,-19.67,0.0,-4.03,0.0,normal,mean_reverting,open_test_drive
2026-04-02,bearish,ATM-1,298.0,298.25,0.08,-19.31,1,19.38,0.768,0.003,16,100,0,,0,-5.29,-63.0,0.0,16.0,-18.79,-224.0,-5.84,-69.6,normal,mean_reverting,open_test_drive
2026-04-02,bearish,ATM,320.0,321.05,0.33,-17.87,1,18.14,3.005,0.014,18,100,0,,0,-4.77,-14.5238,0.0,16.3,-17.87,-54.4762,-3.56,-10.8571,normal,mean_reverting,open_test_drive
2026-04-02,bearish,ATM+1,345.15,345.8,0.19,-18.01,1,18.16,1.725,0.008,17,100,0,,0,-5.06,-26.8462,0.0,18.1,-17.53,-93.0769,-3.69,-19.6154,normal,mean_reverting,open_test_drive
2026-04-02,bearish,ATM+2,372.1,372.1,0.0,-17.75,0,17.75,0.0,0.0,16,100,0,,0,-5.15,0.0,0.0,19.15,-16.81,0.0,-3.59,0.0,normal,mean_reverting,open_test_drive
2026-04-02,bullish,ATM-2,358.2,391.05,9.17,-18.22,33,25.09,5.414,0.024,34,100,0,,0,-3.91,-0.4262,0.0,46.85,-12.66,-1.3808,-0.03,-0.003,normal,mean_reverting,open_test_drive
2026-04-02,bullish,ATM-1,328.9,360.25,9.53,-18.94,33,26.0,5.627,0.025,34,100,0,,0,-4.13,-0.4338,0.0,44.95,-12.37,-1.2982,-0.11,-0.0112,normal,mean_reverting,open_test_drive
2026-04-02,bullish,ATM,302.1,331.6,9.76,-20.34,33,27.43,5.765,0.026,33,100,0,,0,-4.5,-0.461,0.0,43.1,-12.19,-1.2481,-0.7,-0.0712,normal,mean_reverting,open_test_drive
2026-04-02,bullish,ATM+1,275.5,303.55,10.18,-21.78,33,29.01,6.01,0.027,33,100,0,,0,-4.77,-0.4688,0.0,41.2,-11.85,-1.1643,-0.44,-0.0428,normal,mean_reverting,open_test_drive
2026-04-02,bullish,ATM+2,250.45,277.3,10.72,-23.18,33,30.62,6.329,0.028,32,100,0,,0,-5.07,-0.473,0.0,39.55,-11.42,-1.0655,-0.78,-0.0726,normal,mean_reverting,open_test_drive
2026-04-06,bearish,ATM-2,181.55,183.85,1.27,-32.39,21,33.23,5.944,0.026,9,100,0,,0,-12.09,-9.5435,0.0,24.25,-19.63,-15.4913,-12.09,-9.5435,normal,trending,opening_drive
2026-04-06,bearish,ATM-1,203.3,207.0,1.82,-30.77,21,32.0,8.539,0.038,10,100,0,,0,-11.39,-6.2568,0.0,26.85,-18.54,-10.1892,-11.39,-6.2568,normal,trending,opening_drive
2026-04-06,bearish,ATM,227.9,231.45,1.56,-29.07,21,30.16,7.308,0.032,11,100,0,,0,-11.36,-7.2958,0.0,29.45,-18.75,-12.0394,-11.36,-7.2958,normal,trending,opening_drive
2026-04-06,bearish,ATM+1,252.2,259.35,2.84,-27.42,21,29.42,13.302,0.059,12,100,0,,0,-10.11,-3.5664,0.0,32.65,-17.73,-6.2545,-10.11,-3.5664,normal,trending,opening_drive
2026-04-06,bearish,ATM+2,280.4,288.25,2.8,-25.68,21,27.7,13.135,0.058,13,100,0,,0,-9.72,-3.4713,0.0,35.1,-17.76,-6.3439,-9.72,-3.4713,normal,trending,opening_drive
2026-04-06,bullish,ATM-2,262.5,288.2,9.79,-15.18,28,22.74,11.494,0.05,36,100,0,,0,-0.29,-0.0292,0.0,26.45,-12.17,-1.2428,-5.31,-0.5428,normal,trending,opening_drive
2026-04-06,bullish,ATM-1,231.9,256.7,10.69,-16.17,27,24.27,12.555,0.055,36,100,0,,0,0.19,0.0181,0.0181,24.35,-11.44,-1.0702,-5.37,-0.502,normal,trending,opening_drive
2026-04-06,bullish,ATM,203.9,226.9,11.28,-17.68,25,26.02,13.242,0.058,35,100,0,,0,0.42,0.037,0.037,22.15,-10.98,-0.973,-5.62,-0.4978,normal,trending,opening_drive
2026-04-06,bullish,ATM+1,177.7,199.0,11.99,-19.89,28,28.47,14.072,0.062,34,100,0,,0,0.53,0.0446,0.0446,20.35,-10.41,-0.8685,-5.6,-0.4671,normal,trending,opening_drive
2026-04-06,bullish,ATM+2,154.45,173.8,12.53,-22.21,25,30.87,14.708,0.064,33,100,0,,0,0.32,0.0258,0.0258,18.85,-9.98,-0.7964,-6.02,-0.4806,normal,trending,opening_drive
2026-04-07,bullish,ATM-2,148.3,182.2,22.86,-52.6,6,61.42,20.625,0.09,44,100,0,,0,-3.88,-0.1696,0.0,39.65,-1.71,-0.0749,11.13,0.4867,normal,trending,open_rejection_reverse
2026-04-07,bullish,ATM-1,119.8,149.8,25.04,-82.8,6,86.25,22.595,0.099,46,100,0,,0,-4.3,-0.1717,0.0,35.15,-1.54,-0.0613,12.56,0.5017,normal,trending,open_rejection_reverse
2026-04-07,bullish,ATM,96.0,121.2,26.25,-99.95,6,99.96,23.685,0.103,47,100,0,,0,-6.67,-0.254,0.0,31.6,-1.71,-0.0651,11.56,0.4405,normal,trending,open_rejection_reverse
2026-04-07,bullish,ATM+1,74.6,96.35,29.16,-99.93,6,99.95,26.307,0.115,51,100,0,,0,-6.97,-0.2391,0.0,26.95,1.61,0.0552,13.61,0.4667,normal,trending,open_rejection_reverse
2026-04-07,bullish,ATM+2,57.7,75.7,31.2,-99.91,6,99.93,28.148,0.123,51,100,0,,0,-9.01,-0.2889,0.0,23.2,0.59,0.0189,13.95,0.4472,normal,trending,open_rejection_reverse
2026-04-08,bullish,ATM-2,286.55,310.85,8.48,-11.29,313,16.71,24.746,0.103,38,100,0,,0,-4.96,-0.5844,0.0,38.5,-0.52,-0.0617,-0.84,-0.0988,normal,trending,open_test_drive
2026-04-08,bullish,ATM-1,257.3,278.2,8.12,-12.34,313,17.15,23.703,0.099,38,100,0,,0,-5.11,-0.6292,0.0,34.05,-0.93,-0.1148,-0.35,-0.0431,normal,trending,open_test_drive
2026-04-08,bullish,ATM,230.05,249.65,8.52,-13.61,28,20.39,24.862,0.104,38,100,0,,0,-5.11,-0.5995,0.0,31.35,-13.18,-1.5474,-0.91,-0.1071,normal,trending,open_test_drive
2026-04-08,bullish,ATM+1,204.5,222.8,8.95,-14.72,28,21.72,26.113,0.109,37,100,0,,0,-5.33,-0.5956,0.0,29.2,-12.84,-1.435,-0.81,-0.0902,normal,trending,open_test_drive
2026-04-08,bullish,ATM+2,181.25,197.85,9.16,-16.06,28,23.1,26.726,0.112,37,100,0,,0,-5.68,-0.6205,0.0,26.9,-12.67,-1.3837,-0.77,-0.0843,normal,trending,open_test_drive
2026-04-09,bearish,ATM-2,159.95,184.45,15.32,-22.44,9,32.75,28.773,0.121,40,100,0,,0,-4.16,-0.2714,0.0,31.15,-7.75,-0.5057,3.53,0.2306,normal,trending,open_test_drive
2026-04-09,bearish,ATM-1,179.85,206.4,14.76,-21.1,9,31.25,27.73,0.116,41,100,0,,0,-3.7,-0.2505,0.0,33.2,-8.19,-0.5548,3.98,0.2693,normal,trending,open_test_drive
2026-04-09,bearish,ATM,202.0,230.15,13.94,-20.35,9,30.09,26.178,0.11,41,100,0,,0,-3.79,-0.2718,0.0,35.8,-8.85,-0.6352,3.61,0.2593,normal,trending,open_test_drive
2026-04-09,bearish,ATM+1,226.0,256.4,13.45,-19.42,9,28.98,25.268,0.106,41,100,0,,0,3.67,0.273,0.273,22.1,-9.24,-0.6868,3.67,0.273,normal,trending,open_test_drive
2026-04-09,bearish,ATM+2,253.15,284.0,12.19,-19.02,9,27.82,22.892,0.096,40,100,0,,0,2.82,0.2318,0.2318,23.7,-10.25,-0.8412,2.82,0.2318,normal,trending,open_test_drive
2026-04-10,bullish,ATM-2,228.45,238.0,4.18,-29.98,101,32.79,10.921,0.046,29,100,0,,0,-14.47,-3.4607,0.0,42.6,-16.66,-3.9843,-12.23,-2.9267,normal,mean_reverting,open_test_drive
2026-04-10,bullish,ATM-1,197.15,205.45,4.21,-32.26,101,35.0,10.998,0.046,28,100,0,,0,-15.7,-3.7289,0.0,39.25,-16.63,-3.9506,-14.05,-3.3373,normal,mean_reverting,open_test_drive
2026-04-10,bullish,ATM,168.9,175.7,4.03,-35.38,101,37.88,10.518,0.044,27,100,0,,0,-10.75,-2.6691,0.0,24.95,-16.78,-4.1676,-15.1,-3.75,normal,mean_reverting,open_test_drive
2026-04-10,bullish,ATM+1,142.35,148.5,4.32,-38.39,101,40.94,11.287,0.047,25,100,0,,0,-11.1,-2.5691,0.0,21.95,-18.09,-4.187,-15.17,-3.5122,normal,mean_reverting,open_test_drive
2026-04-10,bullish,ATM+2,119.1,124.4,4.45,-41.44,101,43.93,11.625,0.048,24,100,0,,0,-12.05,-2.7075,0.0,19.65,-18.15,-4.0792,-16.88,-3.7925,normal,mean_reverting,open_test_drive
2026-04-13,bullish,ATM-2,149.05,159.0,6.68,-54.34,19,57.2,7.99,0.034,23,100,0,,0,-22.95,-3.4372,0.0,44.15,-19.89,-2.9799,-2.01,-0.3015,normal,trending,open_test_drive
2026-04-13,bullish,ATM-1,114.35,121.15,5.95,-77.39,19,78.66,7.117,0.03,22,100,0,,0,-26.02,-4.375,0.0,36.55,-19.65,-3.3044,-3.1,-0.5221,normal,trending,open_test_drive
2026-04-13,bullish,ATM,83.95,89.25,6.31,-99.94,19,99.94,7.556,0.032,22,100,0,,0,-28.89,-4.5755,0.0,29.55,-18.43,-2.9189,-3.39,-0.5377,normal,trending,open_test_drive
2026-04-13,bullish,ATM+1,60.45,63.15,4.47,-99.92,19,99.92,5.346,0.023,22,100,0,,0,-32.84,-7.3519,0.0,22.55,-20.0,-4.4778,-6.04,-1.3519,normal,trending,open_test_drive
2026-04-13,bullish,ATM+2,41.2,42.8,3.88,-99.88,19,99.88,4.648,0.02,21,100,0,,0,-37.26,-9.5938,0.0,16.95,-19.03,-4.9,-7.89,-2.0313,normal,trending,open_test_drive
2026-04-15,bearish,ATM-2,188.9,199.3,5.51,-15.14,2,19.57,699.719,2.898,57,100,0,,0,-6.22,-1.1298,0.0,22.15,-6.75,-1.226,-5.06,-0.9183,normal,mean_reverting,failed_auction
2026-04-15,bearish,ATM-1,208.4,219.75,5.45,-14.3,2,18.73,692.182,2.866,57,100,0,,0,-3.33,-0.6123,0.0,18.3,-5.71,-1.0485,-4.77,-0.8767,normal,mean_reverting,failed_auction
2026-04-15,bearish,ATM,229.1,241.8,5.54,-13.27,2,17.82,704.532,2.918,58,100,0,,0,-2.62,-0.4724,0.0,18.7,-5.48,-0.9882,-3.97,-0.7165,normal,mean_reverting,failed_auction
2026-04-15,bearish,ATM+1,251.45,266.1,5.83,-12.41,2,17.23,740.471,3.066,59,100,0,,0,-4.49,-0.7713,0.0,25.95,-4.22,-0.7235,-3.86,-0.6621,normal,mean_reverting,failed_auction
2026-04-15,bearish,ATM+2,275.95,292.1,5.85,-11.51,2,16.4,743.814,3.08,59,100,0,,0,-4.11,-0.7028,0.0,27.5,-3.52,-0.6006,-3.3,-0.5635,normal,mean_reverting,failed_auction
2026-04-16,bearish,ATM-2,144.05,177.65,23.33,-10.79,159,27.67,26.846,0.11,33,100,3,,0,8.64,0.3705,0.3705,21.15,-1.48,-0.0634,4.06,0.1741,normal,mean_reverting,open_auction
2026-04-16,bearish,ATM-1,163.2,200.5,22.86,-9.56,7,26.38,26.306,0.108,53,100,3,,0,7.26,0.3177,0.3177,25.45,-1.72,-0.0751,4.17,0.1823,normal,mean_reverting,open_auction
2026-04-16,bearish,ATM,184.4,224.7,21.85,-8.79,159,25.14,25.154,0.103,34,100,3,,0,6.72,0.3077,0.3077,27.9,-2.82,-0.129,3.47,0.1588,normal,mean_reverting,open_auction
2026-04-16,bearish,ATM+1,207.65,251.95,21.33,-7.3,159,23.6,24.555,0.101,35,100,3,,0,6.69,0.3138,0.3138,30.4,-3.28,-0.1537,3.52,0.1648,normal,mean_reverting,open_auction
2026-04-16,bearish,ATM+2,232.65,280.95,20.76,-6.55,159,22.62,23.895,0.098,36,100,3,,0,6.79,0.3271,0.3271,32.5,-3.39,-0.1634,3.29,0.1584,normal,mean_reverting,open_auction
2026-04-17,bullish,ATM-2,230.7,254.05,10.12,-13.98,115,21.89,18.65,0.077,36,100,0,,0,-5.37,-0.531,0.0,35.75,-11.9,-1.176,-8.82,-0.8715,normal,mean_reverting,open_rejection_reverse
2026-04-17,bullish,ATM-1,200.7,221.35,10.29,-15.47,115,23.36,18.959,0.078,35,100,0,,0,3.54,0.3438,0.3438,13.55,-11.77,-1.1438,-9.17,-0.891,normal,mean_reverting,open_rejection_reverse
2026-04-17,bullish,ATM,172.95,191.0,10.44,-17.11,115,24.95,19.231,0.079,34,100,0,,0,-5.98,-0.5734,0.0,28.4,-12.14,-1.1629,-10.0,-0.9584,normal,mean_reverting,open_rejection_reverse
2026-04-17,bullish,ATM+1,148.55,162.65,9.49,-19.56,115,26.53,17.49,0.072,33,100,0,,0,-7.27,-0.766,0.0,24.9,-12.49,-1.3156,-11.01,-1.1596,normal,mean_reverting,open_rejection_reverse
2026-04-17,bullish,ATM+2,124.15,137.7,10.91,-20.86,28,28.65,20.111,0.083,34,100,0,,0,-7.05,-0.6458,0.0,22.3,-11.27,-1.0325,-11.4,-1.0443,normal,mean_reverting,open_rejection_reverse
2026-04-20,bullish,ATM-2,180.6,212.1,17.44,-14.26,19,26.99,79.265,0.324,41,100,0,,0,-2.63,-0.1508,0.0,36.25,-6.05,-0.3467,1.16,0.0667,normal,trending,open_test_drive
2026-04-20,bullish,ATM-1,151.4,179.9,18.82,-15.85,19,29.18,85.548,0.35,41,100,0,,0,1.35,0.0719,0.0719,26.45,-4.94,-0.2625,1.55,0.0825,normal,trending,open_test_drive
2026-04-20,bullish,ATM,126.05,151.0,19.79,-18.17,19,31.69,89.953,0.368,40,100,0,,0,0.4,0.02,0.02,24.45,-5.72,-0.289,0.79,0.0401,normal,trending,open_test_drive
2026-04-20,bullish,ATM+1,101.85,124.25,21.99,-19.44,19,33.96,99.949,0.409,40,100,0,,0,1.62,0.0737,0.0737,20.75,-4.17,-0.1897,2.01,0.0915,normal,trending,open_test_drive
2026-04-20,bullish,ATM+2,82.5,101.2,22.67,-22.0,19,36.41,103.01,0.422,39,100,0,,0,0.55,0.0241,0.0241,18.25,-3.71,-0.1636,1.39,0.0615,normal,trending,open_test_drive
2026-04-21,bullish,ATM-2,136.75,149.45,9.29,-49.25,55,53.56,22.835,0.093,22,100,0,,0,0.29,0.0315,0.0315,12.3,-14.0,-1.5079,-13.2,-1.4213,normal,mean_reverting,trend_from_open
2026-04-21,bullish,ATM-1,99.6,107.0,7.43,-78.51,22,80.0,18.268,0.075,23,100,0,,0,-0.15,-0.0203,0.0,7.55,-18.96,-2.5514,-15.56,-2.0946,normal,mean_reverting,trend_from_open
2026-04-21,bullish,ATM,69.15,74.4,7.59,-99.93,22,99.93,18.668,0.076,23,100,0,,0,0.07,0.0095,0.0095,5.2,-19.02,-2.5048,-19.52,-2.5714,normal,mean_reverting,trend_from_open
2026-04-21,bullish,ATM+1,44.9,47.35,5.46,-99.89,22,99.89,13.417,0.055,22,100,0,,0,-1.0,-0.1837,0.0,2.9,-18.93,-3.4694,-23.39,-4.2857,normal,mean_reverting,trend_from_open
2026-04-21,bullish,ATM+2,27.15,28.4,4.6,-99.82,22,99.82,11.32,0.046,22,100,0,,0,-1.84,-0.4,0.0,1.75,-18.53,-4.024,-15.1,-3.28,normal,mean_reverting,trend_from_open
2026-04-22,bearish,ATM-2,189.4,218.85,15.55,-17.11,64,28.26,48.921,0.2,35,100,0,,0,5.99,0.3854,0.3854,18.1,-7.56,-0.4862,4.28,0.275,normal,trending,open_test_drive
2026-04-22,bearish,ATM-1,210.35,242.5,15.28,-16.16,64,27.28,48.087,0.197,35,100,0,,0,5.25,0.3437,0.3437,21.1,-7.77,-0.5086,4.25,0.2784,normal,trending,open_test_drive
2026-04-22,bearish,ATM,232.2,267.85,15.35,-14.6,64,25.97,48.305,0.198,36,100,0,,0,5.36,0.3492,0.3492,23.2,-7.72,-0.5027,4.46,0.2903,normal,trending,open_test_drive
2026-04-22,bearish,ATM+1,256.4,295.0,15.05,-13.44,64,24.76,47.365,0.194,36,100,0,,0,5.62,0.3731,0.3731,24.2,-7.96,-0.5285,4.43,0.294,normal,trending,open_test_drive
2026-04-22,bearish,ATM+2,282.85,323.7,14.44,-12.8,64,23.8,45.439,0.186,37,100,0,,0,5.21,0.3611,0.3611,26.1,-8.45,-0.5848,4.31,0.2987,normal,trending,open_test_drive
2026-04-23,bullish,ATM-2,241.0,271.5,12.66,-11.91,7,21.8,47.499,0.196,47,100,0,,0,-3.28,-0.259,0.0,38.4,-9.88,-0.7803,-3.28,-0.259,normal,trending,open_test_drive
2026-04-23,bullish,ATM-1,214.55,242.3,12.93,-13.56,7,23.46,48.544,0.2,47,100,0,,0,-3.89,-0.3009,0.0,36.1,-9.65,-0.7463,-3.89,-0.3009,normal,trending,open_test_drive
2026-04-23,bullish,ATM,188.35,214.8,14.04,-14.34,7,24.88,52.706,0.217,47,100,0,,0,-3.82,-0.2722,0.0,33.65,-8.77,-0.6242,-3.82,-0.2722,normal,trending,open_test_drive
2026-04-23,bullish,ATM+1,163.9,189.6,15.68,-15.07,7,26.58,58.851,0.243,48,100,0,,0,-3.33,-0.2121,0.0,31.15,-7.46,-0.4755,-3.33,-0.2121,normal,trending,open_test_drive
2026-04-23,bullish,ATM+2,143.3,165.95,15.81,-16.61,7,27.99,59.323,0.245,47,100,0,,0,-4.26,-0.2693,0.0,28.75,-7.36,-0.4653,-4.26,-0.2693,normal,trending,open_test_drive
2026-04-24,bearish,ATM-2,123.85,144.7,16.83,-18.37,29,30.13,16.862,0.07,34,100,0,,0,-2.91,-0.1727,0.0,24.45,-6.53,-0.388,-6.22,-0.3693,normal,trending,open_test_drive
2026-04-24,bearish,ATM-1,144.0,167.9,16.6,-16.98,29,28.8,16.624,0.069,35,100,0,,0,-2.92,-0.1757,0.0,28.1,-6.72,-0.405,-5.76,-0.3473,normal,trending,open_test_drive
2026-04-24,bearish,ATM,166.85,191.85,14.98,-15.67,29,26.66,15.008,0.062,36,100,0,,0,-2.91,-0.194,0.0,29.85,-8.01,-0.5348,-5.99,-0.4,normal,trending,open_test_drive
2026-04-24,bearish,ATM+1,192.05,218.65,13.85,-14.61,29,24.99,13.873,0.058,36,100,0,,0,-3.05,-0.2199,0.0,32.45,-8.92,-0.644,-6.07,-0.438,normal,trending,open_test_drive
2026-04-24,bearish,ATM+2,219.85,248.2,12.9,-13.78,29,23.63,12.916,0.054,36,100,0,,0,-3.12,-0.2416,0.0,35.2,-9.68,-0.751,-5.91,-0.4586,normal,trending,open_test_drive
2026-04-27,bullish,ATM-2,164.25,211.25,28.61,-18.02,26,36.26,111.717,0.464,39,100,17,,0,7.82,0.2734,0.2734,34.15,2.89,0.1011,9.77,0.3415,normal,mean_reverting,open_auction
2026-04-27,bullish,ATM-1,132.75,175.5,32.2,-20.38,26,39.77,125.727,0.522,39,100,17,,0,9.57,0.2971,0.2971,30.05,5.76,0.1789,11.45,0.3556,normal,mean_reverting,open_auction
2026-04-27,bullish,ATM,107.0,143.0,33.64,-24.25,26,43.32,131.354,0.546,38,100,17,,0,8.69,0.2583,0.2583,26.7,6.92,0.2056,11.21,0.3333,normal,mean_reverting,open_auction
2026-04-27,bullish,ATM+1,84.0,114.4,36.19,-27.92,26,47.07,141.293,0.587,37,100,17,,0,9.94,0.2747,0.2747,22.05,8.95,0.2474,11.55,0.3191,normal,mean_reverting,open_auction
2026-04-27,bullish,ATM+2,64.95,89.5,37.8,-31.1,26,50.0,147.57,0.613,36,100,17,,0,10.24,0.2709,0.2709,17.9,-3.93,-0.1039,11.78,0.3116,normal,mean_reverting,open_auction
2026-04-28,bullish,ATM-2,118.25,145.9,23.38,-47.06,3,57.09,130.352,0.54,36,100,0,,0,-9.26,-0.396,0.0,38.6,-1.29,-0.0553,12.47,0.5335,normal,trending,open_test_drive
2026-04-28,bullish,ATM-1,80.55,104.6,29.86,-73.62,3,79.68,166.445,0.69,38,100,0,,0,-11.73,-0.3929,0.0,33.5,3.89,0.1301,15.64,0.5239,normal,trending,open_test_drive
2026-04-28,bullish,ATM,52.3,69.9,33.65,-99.9,3,99.93,187.6,0.777,39,100,0,,0,-17.21,-0.5114,0.0,26.6,-19.62,-0.583,17.21,0.5114,normal,trending,open_test_drive
2026-04-28,bullish,ATM+1,31.1,43.5,39.87,-99.84,3,99.89,222.271,0.921,41,100,0,,0,-20.58,-0.5161,0.0,18.8,-18.59,-0.4661,19.29,0.4839,normal,trending,open_test_drive
2026-04-28,bullish,ATM+2,17.9,25.2,40.78,-99.72,3,99.8,227.349,0.942,41,100,0,,0,-25.98,-0.637,0.0,11.95,-20.0,-0.4904,18.72,0.4589,normal,trending,open_test_drive
2026-04-28,bearish,ATM-2,10.0,15.2,52.0,-99.5,64,99.67,288.226,1.201,19,100,0,63,0,-35.5,-0.6827,0.0,8.75,-13.6,-0.2615,-37.0,-0.7115,normal,trending,open_test_drive
2026-04-28,bearish,ATM-1,21.2,32.15,51.65,-99.76,64,99.84,286.291,1.193,19,100,0,63,0,-33.25,-0.6438,0.0,18.0,-14.72,-0.2849,-35.85,-0.6941,normal,trending,open_test_drive
2026-04-28,bearish,ATM,42.8,63.1,47.43,-99.88,64,99.92,262.895,1.095,18,100,0,,0,-28.97,-0.6108,0.0,32.7,-16.26,-0.3429,-30.37,-0.6404,normal,trending,open_test_drive
2026-04-28,bearish,ATM+1,76.55,103.7,35.47,-83.67,64,87.95,196.587,0.819,13,100,0,,0,-22.73,-0.6409,0.0,44.55,-17.96,-0.5064,-24.62,-0.6943,normal,trending,open_test_drive
2026-04-28,bearish,ATM+2,118.55,149.05,25.73,-51.08,64,61.09,142.603,0.594,10,100,0,,0,-17.29,-0.6721,0.0,51.0,-18.48,-0.7184,-18.39,-0.7148,normal,trending,open_test_drive
2026-04-29,bullish,ATM-2,251.8,304.15,20.79,-5.18,46,21.5,24.215,0.1,38,100,13,,0,-2.86,-0.1375,0.0,59.55,-3.37,-0.162,-2.86,-0.1375,normal,mean_reverting,open_test_drive
2026-04-29,bullish,ATM-1,220.7,272.05,23.27,-5.1,39,23.01,27.1,0.112,38,100,13,,0,-2.38,-0.1022,0.0,56.6,-1.39,-0.0596,-2.38,-0.1022,normal,mean_reverting,open_test_drive
2026-04-29,bullish,ATM,193.2,241.75,25.13,-5.28,39,24.3,29.269,0.121,38,100,13,,0,-2.54,-0.1009,0.0,53.45,0.1,0.0041,-2.54,-0.1009,normal,mean_reverting,open_test_drive
2026-04-29,bullish,ATM+1,168.35,213.0,26.52,-5.91,39,25.63,30.891,0.128,38,100,13,,0,-3.15,-0.1187,0.0,49.95,1.22,0.0459,-3.15,-0.1187,normal,mean_reverting,open_test_drive
2026-04-29,bullish,ATM+2,144.7,186.85,29.13,-6.15,39,26.87,33.928,0.141,38,100,13,,0,6.22,0.2135,0.2135,33.15,3.3,0.1134,-3.52,-0.121,normal,mean_reverting,open_test_drive
2026-04-30,bearish,ATM-2,146.65,170.0,15.92,-27.86,56,37.76,50.545,0.212,30,100,0,,0,-6.38,-0.4004,0.0,32.7,-7.26,-0.4561,-7.4,-0.4647,normal,mean_reverting,opening_drive
2026-04-30,bearish,ATM-1,167.3,192.45,15.03,-27.02,56,36.55,47.721,0.2,31,100,0,,0,-5.53,-0.3678,0.0,34.4,-7.97,-0.5304,-7.2,-0.4791,normal,mean_reverting,opening_drive
2026-04-30,bearish,ATM,191.9,217.75,13.47,-26.37,56,35.11,42.762,0.179,31,100,0,,0,-5.89,-0.4371,0.0,37.15,-9.22,-0.6847,-7.09,-0.5261,normal,mean_reverting,opening_drive
2026-04-30,bearish,ATM+1,216.6,244.5,12.88,-24.98,56,33.54,40.89,0.171,32,100,0,,0,-4.89,-0.3799,0.0,38.5,-9.7,-0.7527,-6.07,-0.4713,normal,mean_reverting,opening_drive
2026-04-30,bearish,ATM+2,246.65,274.8,11.41,-24.59,56,32.31,36.23,0.152,32,100,0,,0,-5.68,-0.4973,0.0,42.15,-10.87,-0.9524,-6.59,-0.5773,normal,mean_reverting,opening_drive
2026-04-30,bullish,ATM-2,238.1,288.4,21.13,-6.97,102,14.34,72.849,0.303,43,100,11,,0,2.39,0.1133,0.1133,44.6,5.25,0.2485,1.11,0.0527,normal,mean_reverting,opening_drive
2026-04-30,bullish,ATM-1,209.0,255.55,22.27,-7.39,85,15.22,76.804,0.32,43,100,11,,0,2.39,0.1074,0.1074,41.55,6.32,0.2836,1.41,0.0634,normal,mean_reverting,opening_drive
2026-04-30,bullish,ATM,182.0,225.5,23.9,-7.64,85,15.85,82.419,0.343,43,100,11,,0,2.77,0.1161,0.1161,38.45,-6.84,-0.286,1.81,0.0759,normal,mean_reverting,opening_drive
2026-04-30,bullish,ATM+1,157.7,197.85,25.46,-7.96,85,16.86,87.794,0.366,43,100,11,,0,2.95,0.1158,0.1158,35.5,-6.18,-0.2426,1.43,0.056,normal,mean_reverting,opening_drive
2026-04-30,bullish,ATM+2,136.05,172.4,26.72,-8.56,85,17.87,92.134,0.384,43,100,11,,0,3.01,0.1128,0.1128,32.25,-5.68,-0.2127,1.65,0.0619,normal,mean_reverting,opening_drive
2026-05-04,bullish,ATM-2,208.55,236.85,13.57,-21.67,28,31.03,102.071,0.421,17,100,0,,0,-11.2,-0.8251,0.0,51.65,-9.14,-0.6739,-12.49,-0.9205,normal,trending,open_auction
2026-05-04,bullish,ATM-1,173.95,199.85,14.89,-22.25,28,32.32,111.995,0.462,18,100,0,,0,-12.04,-0.8089,0.0,46.85,-18.14,-1.2181,-13.83,-0.9286,normal,trending,open_auction
2026-05-04,bullish,ATM,142.95,166.05,16.16,-23.43,28,34.09,121.549,0.501,17,100,0,,0,-11.96,-0.7403,0.0,40.2,-18.63,-1.1528,1.75,0.1082,normal,trending,open_auction
2026-05-04,bullish,ATM+1,114.55,135.6,18.38,-24.75,28,36.43,138.223,0.57,18,100,0,,0,-10.91,-0.5938,0.0,33.55,-17.59,-0.9572,2.66,0.1449,normal,trending,open_auction
2026-05-04,bullish,ATM+2,90.75,108.2,19.23,-24.74,28,36.88,144.635,0.596,18,100,0,,0,-9.86,-0.5129,0.0,26.4,-17.58,-0.914,2.92,0.1519,normal,trending,open_auction
2026-05-04,bearish,ATM-2,65.45,82.2,25.59,-38.96,13,51.4,120.477,0.501,38,100,0,,0,-3.28,-0.1284,0.0,18.9,0.23,0.009,-7.33,-0.2866,normal,trending,open_auction
2026-05-04,bearish,ATM-1,83.1,104.0,25.15,-34.54,13,47.69,118.398,0.492,39,100,0,,0,-2.47,-0.0981,0.0,22.95,-1.13,-0.045,-5.48,-0.2177,normal,trending,open_auction
2026-05-04,bearish,ATM,102.85,129.5,25.91,-29.65,13,44.13,121.981,0.507,41,100,0,,0,-0.73,-0.0281,0.0,27.4,-1.6,-0.0619,-4.23,-0.1632,normal,trending,open_auction
2026-05-04,bearish,ATM+1,129.2,159.15,23.18,-27.24,13,40.94,109.127,0.454,41,100,0,,0,-1.66,-0.0718,0.0,32.1,-4.61,-0.199,-5.34,-0.2304,normal,trending,open_auction
2026-05-04,bearish,ATM+2,156.0,191.5,22.76,-22.79,13,37.1,107.128,0.445,42,100,0,,0,-0.45,-0.0197,0.0,36.2,-4.46,-0.1961,-2.56,-0.1127,normal,trending,open_auction
2026-05-05,bearish,ATM-2,16.55,22.85,38.07,-99.7,7,99.78,137.915,0.576,57,100,0,,0,11.78,0.3095,0.3095,4.35,-17.34,-0.4556,-6.95,-0.1825,normal,mean_reverting,open_test_drive
2026-05-05,bearish,ATM-1,31.2,40.65,30.29,-99.84,7,99.88,109.736,0.458,51,100,0,,0,9.62,0.3175,0.3175,6.45,-18.97,-0.6265,-6.09,-0.2011,normal,mean_reverting,open_test_drive
2026-05-05,bearish,ATM,52.2,66.45,27.3,-99.81,7,99.85,98.904,0.413,48,100,0,,0,9.67,0.3544,0.3544,9.2,1.84,0.0674,-3.83,-0.1404,normal,mean_reverting,open_test_drive
2026-05-05,bearish,ATM+1,82.35,100.95,22.59,-75.17,29,79.74,81.831,0.342,29,100,0,,0,7.65,0.3387,0.3387,12.3,-3.05,-0.1349,1.4,0.0618,normal,mean_reverting,open_test_drive
2026-05-05,bearish,ATM+2,119.6,141.95,18.69,-45.48,29,54.07,67.704,0.283,27,100,0,,0,6.61,0.3535,0.3535,14.45,-6.62,-0.3544,-3.6,-0.1924,normal,mean_reverting,open_test_drive
2026-05-06,bearish,ATM-2,130.35,162.4,24.59,-22.94,210,38.15,37.217,0.154,28,100,0,,0,8.86,0.3604,0.3604,20.5,-6.25,-0.2543,8.4,0.3417,normal,trending,open_test_drive
2026-05-06,bearish,ATM-1,149.2,183.9,23.26,-22.32,210,36.98,35.203,0.146,29,100,0,,0,8.48,0.3646,0.3646,22.05,-6.81,-0.2928,7.71,0.3314,normal,trending,open_test_drive
2026-05-06,bearish,ATM,170.9,207.65,21.5,-22.67,210,36.36,32.549,0.135,29,100,0,,0,7.08,0.3293,0.3293,24.65,-7.85,-0.3652,6.79,0.3156,normal,trending,open_test_drive
2026-05-06,bearish,ATM+1,192.9,233.3,20.94,-21.54,210,35.13,31.701,0.131,30,100,0,,0,7.15,0.3416,0.3416,26.6,-3.25,-0.155,6.48,0.3094,normal,trending,open_test_drive
2026-05-06,bearish,ATM+2,216.45,260.95,20.56,-20.33,210,33.91,31.119,0.129,30,100,0,,0,7.42,0.3607,0.3607,28.45,-3.55,-0.1728,7.05,0.3427,normal,trending,open_test_drive
2026-05-06,bullish,ATM-2,312.3,341.0,9.19,-10.34,34,17.7,25.77,0.106,39,100,0,,0,4.87,0.5296,0.5296,13.5,-5.24,-0.5697,4.87,0.5296,normal,trending,open_test_drive
2026-05-06,bullish,ATM-1,279.9,307.05,9.7,-11.02,34,18.89,27.2,0.112,39,100,0,,0,4.7,0.4843,0.4843,14.0,-5.59,-0.5764,4.7,0.4843,normal,trending,open_test_drive
2026-05-06,bullish,ATM,246.9,275.4,11.54,-10.73,34,19.92,32.369,0.133,39,100,0,,0,5.87,0.5088,0.5088,14.0,-4.68,-0.4053,5.87,0.5088,normal,trending,open_test_drive
2026-05-06,bullish,ATM+1,218.05,244.8,12.27,-11.51,34,20.73,34.401,0.142,39,100,0,,0,6.37,0.5196,0.5196,12.85,-10.19,-0.8303,6.37,0.5196,normal,trending,open_test_drive
2026-05-06,bullish,ATM+2,191.15,215.55,12.76,-12.27,34,21.78,35.795,0.147,38,100,0,,0,6.88,0.5389,0.5389,11.25,-11.25,-0.8816,6.88,0.5389,normal,trending,open_test_drive
2026-05-07,bearish,ATM-2,131.3,146.15,11.31,-33.85,9,40.57,218.959,0.901,23,100,0,,0,-4.91,-0.4343,0.0,21.3,-10.95,-0.9684,0.99,0.0875,normal,trending,trend_from_open
2026-05-07,bearish,ATM-1,151.8,168.4,10.94,-31.46,9,38.21,211.708,0.871,24,100,0,,0,2.73,0.25,0.25,12.45,-11.25,-1.0289,0.63,0.0572,normal,trending,trend_from_open
2026-05-07,bearish,ATM,175.0,193.2,10.4,-29.14,9,35.82,201.342,0.829,24,100,0,,0,-4.74,-0.456,0.0,26.5,-11.68,-1.1231,0.57,0.0549,normal,trending,trend_from_open
2026-05-07,bearish,ATM+1,199.4,220.35,10.51,-26.76,9,33.72,203.404,0.837,25,100,0,,0,2.51,0.2387,0.2387,15.95,-11.59,-1.1036,1.13,0.1074,normal,trending,trend_from_open
2026-05-07,bearish,ATM+2,226.55,249.15,9.98,-24.52,9,31.37,193.128,0.795,26,100,0,,0,-3.75,-0.3761,0.0,31.1,-12.02,-1.2049,1.08,0.1084,normal,trending,trend_from_open
2026-05-07,bullish,ATM-2,260.95,277.4,6.3,-16.19,160,15.61,34.006,0.139,19,100,0,,0,-6.11,-0.9696,0.0,32.4,-15.57,-2.4699,-5.17,-0.8207,normal,trending,trend_from_open
2026-05-07,bullish,ATM-1,231.95,245.45,5.82,-17.53,160,16.81,31.397,0.128,18,100,0,,0,-8.0,-1.3741,0.0,32.05,-15.96,-2.743,-6.45,-1.1074,normal,trending,trend_from_open
2026-05-07,bullish,ATM,203.35,214.7,5.58,-18.29,160,17.33,30.109,0.123,18,100,0,,0,-8.53,-1.5286,0.0,28.7,-15.69,-2.8115,-7.01,-1.2555,normal,trending,trend_from_open
2026-05-07,bullish,ATM+1,177.8,187.1,5.23,-19.69,160,18.23,28.216,0.115,17,100,0,,0,-9.11,-1.7419,0.0,25.5,-15.86,-3.0323,-7.76,-1.4839,normal,trending,trend_from_open
2026-05-07,bullish,ATM+2,154.7,162.0,4.72,-21.01,4,24.57,25.455,0.104,21,100,0,,0,-9.89,-2.0959,0.0,22.6,-16.22,-3.4384,-8.6,-1.8219,normal,trending,trend_from_open
2026-05-08,bearish,ATM-2,107.9,125.55,16.36,-32.25,7,41.78,191.281,0.792,28,100,0,,0,7.23,0.4419,0.4419,9.85,-6.91,-0.4227,1.85,0.1133,normal,mean_reverting,open_test_drive
2026-05-08,bearish,ATM-1,126.75,147.7,16.53,-28.76,26,38.86,193.279,0.8,19,100,0,,0,9.35,0.5656,0.5656,9.1,-6.78,-0.41,2.17,0.1313,normal,mean_reverting,open_test_drive
2026-05-08,bearish,ATM,148.65,171.85,15.61,-25.73,26,35.76,182.504,0.756,20,100,0,,0,8.31,0.5323,0.5323,10.85,-7.51,-0.4815,2.52,0.1616,normal,mean_reverting,open_test_drive
2026-05-08,bearish,ATM+1,172.9,198.8,14.98,-23.45,26,33.43,175.167,0.725,20,100,0,,0,8.44,0.5637,0.5637,11.3,-8.02,-0.5351,2.26,0.1506,normal,mean_reverting,open_test_drive
2026-05-08,bearish,ATM+2,198.3,227.95,14.95,-20.65,26,30.97,174.844,0.724,22,100,0,,0,6.81,0.4553,0.4553,16.15,-8.04,-0.5376,3.08,0.2057,normal,mean_reverting,open_test_drive
2026-05-11,bearish,ATM-2,82.25,87.1,5.9,-53.8,7,56.37,15.405,0.064,26,100,0,,0,-17.69,-3.0,0.0,19.4,-15.43,-2.6165,-17.69,-3.0,normal,mean_reverting,open_test_drive
2026-05-11,bearish,ATM-1,102.4,108.6,6.05,-48.93,7,51.84,15.817,0.066,26,100,0,,0,-16.99,-2.8065,0.0,23.6,-15.86,-2.6194,-16.99,-2.8065,normal,mean_reverting,open_test_drive
2026-05-11,bearish,ATM,126.25,132.75,5.15,-45.82,7,48.47,13.45,0.056,26,100,0,,0,-16.04,-3.1154,0.0,26.75,-16.29,-3.1646,-16.04,-3.1154,normal,mean_reverting,open_test_drive
2026-05-11,bearish,ATM+1,153.4,160.9,4.89,-41.04,14,43.78,12.773,0.053,26,100,0,,0,-14.54,-2.9733,0.0,29.8,-16.79,-3.4347,-14.54,-2.9733,normal,mean_reverting,open_test_drive
2026-05-11,bearish,ATM+2,183.0,192.25,5.05,-37.54,14,40.55,13.205,0.055,28,100,0,,0,-13.61,-2.6919,0.0,34.15,-15.96,-3.1568,-13.61,-2.6919,normal,mean_reverting,open_test_drive
2026-05-11,bullish,ATM-2,168.0,207.55,23.54,-11.85,70,11.39,2092.096,8.719,46,100,3,,0,10.12,0.4298,0.4298,22.55,-6.02,-0.2559,13.33,0.5664,normal,mean_reverting,open_test_drive
2026-05-11,bullish,ATM-1,136.45,171.35,25.58,-13.23,70,13.07,2272.983,9.473,46,100,3,,0,12.13,0.4742,0.4742,18.35,-4.84,-0.1894,14.58,0.5702,normal,mean_reverting,open_test_drive
2026-05-11,bullish,ATM,108.95,138.4,27.03,-15.24,70,15.25,2402.163,10.011,45,100,3,,0,12.8,0.4737,0.4737,15.5,-3.33,-0.1233,15.33,0.5671,normal,mean_reverting,open_test_drive
2026-05-11,bullish,ATM+1,85.15,108.75,27.72,-16.5,70,17.2,2463.041,10.265,44,100,3,,0,11.98,0.4322,0.4322,13.4,-2.06,-0.0742,16.79,0.6059,normal,mean_reverting,open_test_drive
2026-05-11,bullish,ATM+2,65.4,83.95,28.36,-17.66,70,22.1,2520.638,10.505,41,100,3,,0,14.53,0.5121,0.5121,9.05,-1.1,-0.0388,18.12,0.6388,normal,mean_reverting,open_test_drive
2026-05-12,bearish,ATM-2,28.45,33.3,17.05,-99.82,2,99.85,14.144,0.06,51,100,0,,0,-44.99,-2.6392,0.0,17.65,-6.36,-0.3732,-0.88,-0.0515,normal,trending,open_test_drive
2026-05-12,bearish,ATM-1,46.3,52.6,13.61,-99.89,2,99.9,11.289,0.048,51,100,0,,0,-41.47,-3.0476,0.0,25.5,-9.11,-0.6698,-2.92,-0.2143,normal,trending,open_test_drive
2026-05-12,bearish,ATM,68.85,78.05,13.36,-99.85,2,99.87,11.086,0.047,51,100,0,,0,-34.42,-2.5761,0.0,32.9,-9.31,-0.6967,-0.44,-0.0326,normal,trending,open_test_drive
2026-05-12,bearish,ATM+1,98.7,120.55,22.14,-87.84,358,0.54,18.367,0.078,46,100,0,,0,-29.84,-1.3478,0.0,51.3,-11.04,-0.4989,-1.47,-0.0664,normal,trending,open_test_drive
2026-05-12,bearish,ATM+2,134.75,170.45,26.49,-59.78,358,0.41,21.981,0.093,46,100,0,,0,-25.31,-0.9552,0.0,69.8,-13.11,-0.495,-2.49,-0.0938,normal,trending,open_test_drive
2026-05-13,bearish,ATM-2,172.15,196.6,14.2,-17.34,32,27.62,34.847,0.149,36,100,0,,0,-0.29,-0.0204,0.0,24.95,-8.64,-0.6082,-0.29,-0.0204,normal,trending,open_test_drive
2026-05-13,bearish,ATM-1,191.3,217.65,13.77,-16.23,32,26.37,33.796,0.145,36,100,0,,0,-0.29,-0.0209,0.0,26.9,-8.98,-0.652,-0.29,-0.0209,normal,trending,open_test_drive
2026-05-13,bearish,ATM,212.75,240.85,13.21,-15.39,19,25.26,32.406,0.139,38,100,0,,0,-0.31,-0.0231,0.0,28.75,-9.43,-0.7142,-0.31,-0.0231,normal,trending,open_test_drive
2026-05-13,bearish,ATM+1,235.6,265.0,12.48,-14.69,19,24.15,30.617,0.131,38,100,0,,0,-0.32,-0.0255,0.0,30.15,-10.02,-0.8027,-0.32,-0.0255,normal,trending,open_test_drive
2026-05-13,bearish,ATM+2,262.0,292.85,11.77,-14.12,314,23.17,28.89,0.124,35,100,0,,0,-1.32,-0.1118,0.0,34.3,-10.58,-0.8985,-1.32,-0.1118,normal,trending,open_test_drive
2026-05-13,bullish,ATM-2,313.8,328.2,4.59,-15.14,46,18.86,13.9,0.059,37,100,0,,0,-5.94,-1.2951,0.0,33.05,-10.45,-2.2778,-7.14,-1.5556,normal,trending,open_test_drive
2026-05-13,bullish,ATM-1,282.55,296.4,4.9,-15.77,46,19.7,14.848,0.063,37,100,0,,0,-6.07,-1.2383,0.0,31.0,-10.81,-2.2058,-7.34,-1.4982,normal,trending,open_test_drive
2026-05-13,bullish,ATM,253.05,266.65,5.37,-16.32,46,20.59,16.279,0.069,36,100,0,,0,-6.16,-1.1471,0.0,29.2,-15.7,-2.9213,-7.45,-1.386,normal,trending,open_test_drive
2026-05-13,bullish,ATM+1,226.4,238.6,5.39,-17.07,21,21.31,16.323,0.069,37,100,0,,0,-6.65,-1.2336,0.0,27.25,-15.69,-2.9115,-7.88,-1.4631,normal,trending,open_test_drive
2026-05-13,bullish,ATM+2,200.8,212.25,5.7,-17.95,21,22.38,17.272,0.073,36,100,0,,0,-3.31,-0.5808,0.0,18.1,-15.44,-2.7074,-8.29,-1.4541,normal,trending,open_test_drive
2026-05-14,bearish,ATM-2,141.85,163.95,15.58,-20.37,27,31.11,42.399,0.18,35,100,0,,0,7.08,0.4548,0.4548,12.05,-7.54,-0.4837,0.6,0.0385,normal,mean_reverting,open_test_drive
2026-05-14,bearish,ATM-1,161.05,186.0,15.49,-18.22,27,29.19,42.16,0.179,36,100,0,,0,7.14,0.4609,0.4609,13.45,-7.61,-0.491,0.81,0.0521,normal,mean_reverting,open_test_drive
2026-05-14,bearish,ATM,182.8,210.2,14.99,-16.66,27,27.52,40.791,0.173,37,100,0,,0,6.78,0.4526,0.4526,15.0,-8.01,-0.5343,0.25,0.0164,normal,mean_reverting,open_test_drive
2026-05-14,bearish,ATM+1,207.05,236.05,14.01,-15.65,27,26.01,38.117,0.162,37,100,0,,0,5.87,0.419,0.419,16.85,-8.79,-0.6279,0.14,0.0103,normal,mean_reverting,open_test_drive
2026-05-14,bearish,ATM+2,232.35,264.3,13.75,-14.59,27,24.91,37.422,0.159,38,100,0,,0,5.7,0.4147,0.4147,18.7,-9.0,-0.6545,0.04,0.0031,normal,mean_reverting,open_test_drive
2026-05-14,bullish,ATM-2,263.6,282.9,7.32,-19.42,67,24.92,15.972,0.067,34,100,0,,0,-6.68,-0.9119,0.0,36.9,-14.14,-1.9316,-0.76,-0.1036,normal,mean_reverting,open_test_drive
2026-05-14,bullish,ATM-1,233.0,250.65,7.58,-20.77,67,26.35,16.525,0.07,33,100,0,,0,-7.38,-0.9745,0.0,34.85,-13.94,-1.8402,-1.39,-0.1841,normal,mean_reverting,open_test_drive
2026-05-14,bullish,ATM,204.45,220.65,7.92,-22.89,67,28.55,17.285,0.073,32,100,0,,0,-8.12,-1.0247,0.0,32.8,-13.66,-1.7241,-1.57,-0.1975,normal,mean_reverting,open_test_drive
2026-05-14,bullish,ATM+1,178.5,192.2,7.68,-24.68,67,30.05,16.743,0.071,32,100,0,,0,-8.6,-1.1204,0.0,29.05,-13.86,-1.8058,-1.37,-0.1788,normal,mean_reverting,open_test_drive
2026-05-14,bullish,ATM+2,154.0,166.0,7.79,-26.62,67,31.93,16.998,0.072,31,100,0,,0,-8.9,-1.1417,0.0,25.7,-13.77,-1.7667,-1.95,-0.25,normal,mean_reverting,open_test_drive
2026-05-15,bullish,ATM-2,237.75,250.55,5.38,-25.49,14,29.3,34.823,0.146,14,100,0,,0,-7.97,-1.4805,0.0,31.75,-15.69,-2.9148,-2.63,-0.4883,normal,trending,open_test_drive
2026-05-15,bullish,ATM-1,207.5,219.6,5.83,-27.23,14,31.24,37.717,0.158,14,100,0,,0,-8.12,-1.3926,0.0,28.95,-15.33,-2.6298,-2.94,-0.5041,normal,trending,open_test_drive
2026-05-15,bullish,ATM,178.0,190.7,7.13,-28.6,14,33.35,46.149,0.194,14,100,0,,0,-8.79,-1.2323,0.0,28.35,-14.29,-2.0031,-1.97,-0.2756,normal,trending,open_test_drive
2026-05-15,bullish,ATM+1,153.55,164.25,6.97,-30.9,14,35.4,45.072,0.189,13,100,0,,0,-9.28,-1.3318,0.0,24.95,-14.43,-2.0701,-3.19,-0.4579,normal,trending,open_test_drive
2026-05-15,bullish,ATM+2,129.0,138.65,7.48,-32.13,14,36.86,48.385,0.203,12,100,0,,0,-8.99,-1.2021,0.0,21.25,-14.02,-1.8736,-2.33,-0.3109,normal,trending,open_test_drive
2026-05-15,bearish,ATM-2,132.4,153.9,16.24,-22.28,2,33.14,82.085,0.347,43,100,0,,0,-8.8,-0.5419,0.0,33.15,-7.01,-0.4316,5.97,0.3674,normal,trending,open_test_drive
2026-05-15,bearish,ATM-1,154.0,177.3,15.13,-21.3,2,31.64,76.481,0.323,43,100,0,,0,-8.47,-0.5601,0.0,36.35,-7.9,-0.5219,5.68,0.3755,normal,trending,open_test_drive
2026-05-15,bearish,ATM,177.4,202.35,14.06,-19.53,2,29.45,71.094,0.301,44,100,0,,0,-7.44,-0.5291,0.0,38.15,-8.75,-0.622,5.89,0.4188,normal,trending,open_test_drive
2026-05-15,bearish,ATM+1,203.05,231.8,14.16,-17.83,2,28.02,71.573,0.303,45,100,0,,0,-6.62,-0.4678,0.0,42.2,-8.67,-0.6125,6.11,0.4313,normal,trending,open_test_drive
2026-05-15,bearish,ATM+2,232.0,262.65,13.21,-16.85,2,26.56,66.782,0.282,45,100,0,,0,-6.16,-0.4666,0.0,44.95,-9.43,-0.7139,5.84,0.4421,normal,trending,open_test_drive
2026-05-18,bearish,ATM-2,84.9,108.6,27.92,-31.27,321,46.27,167.177,0.716,11,100,0,,0,4.3,0.154,0.154,20.05,-6.01,-0.2152,-6.48,-0.2321,normal,mean_reverting,opening_drive
2026-05-18,bearish,ATM-1,103.8,133.3,28.42,-28.61,321,44.41,170.2,0.729,12,100,0,,0,4.29,0.1508,0.1508,25.05,-6.9,-0.2427,-5.92,-0.2085,normal,mean_reverting,opening_drive
2026-05-18,bearish,ATM,125.55,161.4,28.55,-25.61,321,42.13,171.005,0.732,13,100,0,,0,4.7,0.1646,0.1646,29.95,-7.54,-0.2642,-5.58,-0.1953,normal,mean_reverting,opening_drive
2026-05-18,bearish,ATM+1,149.6,191.4,27.94,-21.59,321,38.71,167.333,0.716,15,100,0,,0,4.75,0.1699,0.1699,34.7,-7.99,-0.2861,-5.01,-0.1794,normal,mean_reverting,opening_drive
2026-05-18,bearish,ATM+2,177.9,229.0,28.72,-18.77,321,36.9,172.021,0.737,16,100,0,,0,4.02,0.1399,0.1399,43.95,-9.21,-0.3205,-5.56,-0.1937,normal,mean_reverting,opening_drive
2026-05-18,bullish,ATM-2,167.1,205.9,23.22,-28.9,47,42.3,27.319,0.116,28,100,0,,0,10.2,0.4394,0.4394,21.75,-5.16,-0.2222,-0.24,-0.0103,normal,mean_reverting,opening_drive
2026-05-18,bullish,ATM-1,138.25,172.3,24.63,-33.13,47,46.34,28.978,0.123,26,100,0,,0,-0.18,-0.0073,0.0,34.3,-3.94,-0.1601,-0.18,-0.0073,normal,mean_reverting,opening_drive
2026-05-18,bullish,ATM,112.2,142.95,27.41,-36.72,47,50.33,32.245,0.137,25,100,0,,0,0.36,0.013,0.013,30.35,-1.96,-0.0715,0.36,0.013,normal,mean_reverting,opening_drive
2026-05-18,bullish,ATM+1,90.4,116.55,28.93,-40.71,47,54.01,34.034,0.145,25,100,0,,0,0.28,0.0096,0.0096,25.9,-2.48,-0.0857,0.28,0.0096,normal,mean_reverting,opening_drive
2026-05-18,bullish,ATM+2,71.1,93.75,31.86,-44.87,47,58.19,37.481,0.16,26,100,0,,0,14.21,0.4459,0.4459,12.55,-0.53,-0.0168,14.21,0.4459,normal,mean_reverting,opening_drive
2026-05-19,bearish,ATM-2,43.3,46.8,8.08,-99.88,4,99.89,23.958,0.101,33,100,0,,0,-37.07,-4.5857,0.0,19.55,-17.04,-2.1086,-26.33,-3.2571,normal,trending,failed_auction
2026-05-19,bearish,ATM-1,62.15,68.2,9.73,-99.92,4,99.93,28.852,0.122,36,100,0,,0,-32.02,-3.2893,0.0,25.95,-17.04,-1.7504,-25.5,-2.6198,normal,trending,failed_auction
2026-05-19,bearish,ATM,88.65,95.75,8.01,-99.94,4,99.95,23.738,0.1,33,100,0,,0,-30.23,-3.7746,0.0,33.9,-18.51,-2.3113,-23.91,-2.9859,normal,trending,failed_auction
2026-05-19,bearish,ATM+1,118.8,130.8,10.1,-82.7,4,84.29,29.939,0.126,37,100,0,,0,-27.19,-2.6917,0.0,44.3,-17.64,-1.7467,-19.87,-1.9667,normal,trending,failed_auction
2026-05-19,bearish,ATM+2,157.15,167.95,6.87,-56.03,4,58.86,20.369,0.086,31,100,0,,0,-24.4,-3.5509,0.0,49.15,-14.5,-2.1102,-14.35,-2.088,normal,trending,failed_auction
2026-05-20,bullish,ATM-2,277.25,299.4,7.99,-12.86,15,19.31,9.253,0.039,39,100,0,,0,-4.42,-0.553,0.0,34.4,3.53,0.4424,4.35,0.544,normal,trending,open_test_drive
2026-05-20,bullish,ATM-1,249.15,270.0,8.37,-14.09,15,20.72,9.692,0.041,38,100,0,,0,-4.7,-0.5612,0.0,32.55,-13.31,-1.5899,4.13,0.494,normal,trending,open_test_drive
2026-05-20,bullish,ATM,221.5,242.0,9.26,-15.06,15,22.25,10.719,0.046,38,100,0,,0,-4.24,-0.4585,0.0,29.9,-12.6,-1.361,5.08,0.5488,normal,trending,open_test_drive
2026-05-20,bullish,ATM+1,196.8,215.45,9.48,-16.67,15,23.88,10.976,0.047,37,100,0,,0,-4.52,-0.4772,0.0,27.55,-12.42,-1.3105,5.41,0.571,normal,trending,open_test_drive
2026-05-20,bullish,ATM+2,173.9,191.2,9.95,-18.29,15,25.68,11.522,0.049,37,100,0,,0,-4.77,-0.4798,0.0,25.6,-12.04,-1.2104,5.84,0.5867,normal,trending,open_test_drive
2026-05-21,bearish,ATM-2,155.95,172.05,10.32,-24.53,194,31.59,16.252,0.068,30,100,0,,0,-14.33,-1.3882,0.0,38.45,-18.69,-1.8106,-6.44,-0.6242,normal,trending,open_test_drive
2026-05-21,bearish,ATM-1,177.2,197.4,11.4,-21.73,194,29.74,17.946,0.076,31,100,0,,0,-13.18,-1.1559,0.0,43.55,-18.65,-1.6356,-6.07,-0.5322,normal,trending,open_test_drive
2026-05-21,bearish,ATM,201.7,225.1,11.6,-20.5,194,28.76,18.263,0.077,32,100,0,,0,-13.09,-1.1282,0.0,49.8,-18.91,-1.6299,-6.52,-0.562,normal,trending,open_test_drive
2026-05-21,bearish,ATM+1,226.9,254.85,12.32,-18.33,194,27.25,19.392,0.082,33,100,0,,0,-12.32,-1.0,0.0,55.9,-14.02,-1.1385,-5.35,-0.4347,normal,trending,open_test_drive
2026-05-21,bearish,ATM+2,255.4,286.8,12.29,-17.25,194,25.78,19.354,0.082,33,100,0,,0,-11.79,-0.9586,0.0,61.5,-14.38,-1.1694,-5.31,-0.4315,normal,trending,open_test_drive
2026-05-22,bullish,ATM-2,230.75,239.7,3.88,-22.38,25,25.28,12.802,0.054,34,100,0,,0,-4.53,-1.1676,0.0,19.4,-16.9,-4.3564,-3.9,-1.0056,normal,trending,failed_auction
2026-05-22,bullish,ATM-1,199.35,207.5,4.09,-24.25,131,27.23,13.493,0.057,32,100,0,,0,-4.19,-1.0245,0.0,16.5,-16.93,-4.1411,-4.01,-0.9816,normal,trending,failed_auction
2026-05-22,bullish,ATM,170.85,176.95,3.57,-25.96,131,28.51,11.784,0.05,32,100,0,,0,-4.59,-1.2869,0.0,13.95,-17.17,-4.8082,-4.65,-1.3033,normal,trending,failed_auction
2026-05-22,bullish,ATM+1,144.3,150.5,4.3,-27.69,25,30.66,14.181,0.06,31,100,0,,0,-4.37,-1.0161,0.0,12.5,-16.56,-3.8548,-4.71,-1.0968,normal,trending,failed_auction
2026-05-22,bullish,ATM+2,121.1,125.75,3.84,-29.44,25,32.05,12.673,0.053,31,100,0,,0,-5.04,-1.3118,0.0,10.75,-19.57,-5.0968,-5.28,-1.3763,normal,trending,failed_auction
2026-05-25,bullish,ATM-2,158.9,192.6,21.21,-19.7,282,2.99,86.402,0.36,48,100,0,,0,-5.03,-0.2374,0.0,41.7,-7.79,-0.3674,-3.68,-0.1736,normal,mean_reverting,open_auction
2026-05-25,bullish,ATM-1,127.15,153.95,21.08,-23.28,282,3.93,85.868,0.358,48,100,0,,0,-5.98,-0.2836,0.0,34.4,-6.38,-0.3026,-4.56,-0.2164,normal,mean_reverting,open_auction
2026-05-25,bullish,ATM,99.2,119.25,20.21,-26.81,282,4.74,82.341,0.343,47,100,0,,0,-7.06,-0.3491,0.0,27.05,-4.88,-0.2414,-4.64,-0.2294,normal,mean_reverting,open_auction
2026-05-25,bullish,ATM+1,74.65,91.3,22.3,-30.41,11,43.1,90.866,0.379,40,100,0,,0,-7.37,-0.3303,0.0,22.15,-2.16,-0.0967,-5.02,-0.2252,normal,mean_reverting,open_auction
2026-05-25,bullish,ATM+2,54.7,68.35,24.95,-32.72,11,46.16,101.662,0.424,41,100,0,,0,-8.14,-0.326,0.0,18.1,-0.04,-0.0015,-5.3,-0.2125,normal,mean_reverting,open_auction
2026-05-26,bullish,ATM-2,137.3,144.05,4.92,-53.97,2,56.13,39.894,0.166,17,100,0,,0,-6.45,-1.3111,0.0,15.6,-16.07,-3.2681,-5.61,-1.1407,normal,trending,open_test_drive
2026-05-26,bullish,ATM-1,98.7,104.8,6.18,-86.47,2,87.26,50.152,0.208,21,100,0,,0,-10.08,-1.6311,0.0,16.05,-15.06,-2.4361,-6.08,-0.9836,normal,trending,open_test_drive
2026-05-26,bullish,ATM,67.25,71.65,6.54,-99.93,2,99.93,53.093,0.221,22,100,0,,0,-13.09,-2.0,0.0,13.2,-14.77,-2.2568,-8.77,-1.3409,normal,trending,open_test_drive
2026-05-26,bullish,ATM+1,42.8,45.8,7.01,-99.88,2,99.89,56.879,0.236,24,100,0,,0,-17.06,-2.4333,0.0,10.3,-14.39,-2.0533,-9.93,-1.4167,normal,trending,open_test_drive
2026-05-26,bullish,ATM+2,25.5,27.45,7.65,-99.8,2,99.82,62.054,0.258,26,100,0,,0,-21.18,-2.7692,0.0,7.35,-13.88,-1.8154,-13.73,-1.7949,normal,trending,open_test_drive
2026-05-26,bearish,ATM-2,4.2,9.35,122.62,-98.81,10,99.47,377.438,1.575,69,100,0,2,18,96.43,0.7864,0.7864,1.1,76.19,0.6214,96.43,0.7864,normal,trending,open_test_drive
2026-05-26,bearish,ATM-1,10.3,22.7,120.39,-99.51,10,99.78,370.572,1.546,69,100,0,2,26,96.6,0.8024,0.8024,2.45,72.82,0.6048,97.57,0.8105,normal,trending,open_test_drive
2026-05-26,bearish,ATM,24.4,49.6,103.28,-99.8,50,99.9,317.906,1.327,48,100,0,2,33,-6.97,-0.0675,0.0,26.9,56.72,0.5492,78.28,0.7579,normal,trending,open_test_drive
2026-05-26,bearish,ATM+1,51.15,91.05,78.01,-40.27,50,66.45,240.113,1.002,41,100,0,2,32,56.89,0.7293,0.7293,10.8,33.1,0.4243,55.91,0.7168,normal,trending,open_test_drive
2026-05-26,bearish,ATM+2,89.3,138.5,55.1,-16.85,50,46.39,169.591,0.708,37,100,0,49,3,-4.03,-0.0732,0.0,52.8,16.91,0.3069,39.14,0.7104,normal,trending,open_test_drive
2026-05-27,bullish,ATM-2,235.5,263.95,12.08,-14.31,307,5.59,98.261,0.41,27,100,0,,0,0.68,0.0562,0.0562,26.85,-13.36,-1.1058,-1.68,-0.1388,normal,mean_reverting,open_auction
2026-05-27,bullish,ATM-1,204.1,229.65,12.52,-15.19,304,5.55,101.821,0.425,28,100,0,,0,0.93,0.0744,0.0744,23.65,-12.91,-1.0309,-1.69,-0.135,normal,mean_reverting,open_auction
2026-05-27,bullish,ATM,175.7,197.95,12.66,-16.33,304,5.76,103.002,0.43,28,100,0,,0,1.2,0.0944,0.0944,20.15,-11.92,-0.9411,-2.16,-0.1708,normal,mean_reverting,open_auction
2026-05-27,bullish,ATM+1,150.7,169.8,12.67,-17.58,307,5.65,103.088,0.43,28,100,0,,0,0.4,0.0314,0.0314,18.5,-12.28,-0.9686,-2.22,-0.1754,normal,mean_reverting,open_auction
2026-05-27,bullish,ATM+2,126.65,144.5,14.09,-18.56,304,6.47,114.636,0.479,28,100,0,,0,0.75,0.0532,0.0532,16.9,-11.66,-0.8275,-1.86,-0.1317,normal,mean_reverting,open_auction
2026-05-27,bearish,ATM-2,110.7,111.7,0.9,-32.38,1,32.99,107.77,0.452,19,100,0,,0,-17.03,-18.85,0.0,19.85,-19.28,-21.34,-2.44,-2.7,normal,mean_reverting,open_auction
2026-05-27,bearish,ATM-1,132.4,133.1,0.53,-31.04,1,31.4,63.075,0.264,16,100,0,,0,-16.35,-30.9286,0.0,22.35,-19.58,-37.0286,-2.34,-4.4286,normal,mean_reverting,open_auction
2026-05-27,bearish,ATM,156.6,157.5,0.57,-30.14,1,30.54,68.564,0.287,17,100,0,,0,-15.49,-26.9444,0.0,25.15,-19.54,-34.0,-2.11,-3.6667,normal,mean_reverting,open_auction
2026-05-27,bearish,ATM+1,183.1,184.55,0.79,-28.7,1,29.26,94.477,0.396,20,100,0,,0,-14.53,-18.3448,0.0,28.05,-19.37,-24.4552,-1.88,-2.3793,normal,mean_reverting,open_auction
2026-05-27,bearish,ATM+2,213.6,214.25,0.3,-27.43,1,27.65,36.304,0.152,15,100,0,,0,-14.28,-46.9231,0.0,31.15,-19.76,-64.9231,-14.28,-46.9231,normal,mean_reverting,open_auction
2026-05-29,bearish,ATM-2,89.35,95.0,6.32,-66.7,286,68.68,3.811,0.016,20,100,0,,0,-15.0,-2.3717,0.0,19.05,-16.37,-2.5894,-16.51,-2.6106,normal,mean_reverting,open_rejection_reverse
2026-05-29,bearish,ATM-1,108.85,114.9,5.56,-64.86,286,66.71,3.35,0.014,20,100,0,,0,-14.47,-2.6033,0.0,21.8,-17.21,-3.0959,-15.43,-2.7769,normal,mean_reverting,open_rejection_reverse
2026-05-29,bearish,ATM,130.4,138.15,5.94,-62.58,286,64.68,3.582,0.015,20,100,0,,0,-13.0,-2.1871,0.0,24.7,-17.18,-2.8903,-14.65,-2.4645,normal,mean_reverting,open_rejection_reverse
2026-05-29,bearish,ATM+1,154.1,163.6,6.16,-60.77,286,63.05,3.716,0.016,20,100,0,,0,-11.94,-1.9368,0.0,27.9,-16.86,-2.7347,-13.34,-2.1632,normal,mean_reverting,open_rejection_reverse
2026-05-29,bearish,ATM+2,182.55,192.75,5.59,-59.13,286,61.3,3.368,0.014,20,100,0,,0,-11.78,-2.1078,0.0,31.7,-17.66,-3.1598,-12.35,-2.2108,normal,mean_reverting,open_rejection_reverse
2026-06-01,bearish,ATM-2,63.95,65.6,2.58,-63.33,21,64.25,2.67,0.011,21,100,0,,0,-27.76,-10.7576,0.0,19.4,-18.69,-7.2424,-20.95,-8.1212,normal,mean_reverting,open_test_drive
2026-06-01,bearish,ATM-1,82.8,85.6,3.38,-56.76,21,58.18,3.499,0.015,21,100,0,,0,-26.09,-7.7143,0.0,24.4,-18.31,-5.4143,-19.08,-5.6429,normal,mean_reverting,open_test_drive
2026-06-01,bearish,ATM,105.2,109.65,4.23,-50.76,21,52.76,4.377,0.019,21,100,0,,0,-23.48,-5.5506,0.0,29.15,-18.48,-4.3685,-17.3,-4.0899,normal,mean_reverting,open_test_drive
2026-06-01,bearish,ATM+1,132.8,137.2,3.31,-45.26,21,47.01,3.428,0.015,23,100,0,,0,-22.67,-6.8409,0.0,34.5,-19.1,-5.7636,-16.75,-5.0568,normal,mean_reverting,open_test_drive
2026-06-01,bearish,ATM+2,163.4,169.0,3.43,-39.99,21,41.98,3.546,0.015,25,100,0,,0,-20.65,-6.0268,0.0,39.35,-19.17,-5.5929,-15.51,-4.5268,normal,mean_reverting,open_test_drive
2026-06-02,bullish,ATM-2,118.7,156.75,32.06,-44.44,280,57.93,29.263,0.126,22,100,0,,0,10.28,0.3206,0.3206,25.85,-17.44,-0.544,-9.69,-0.3022,normal,trending,open_auction
2026-06-02,bullish,ATM-1,82.2,108.0,31.39,-78.77,280,83.84,28.653,0.123,22,100,0,,0,11.19,0.3566,0.3566,16.6,-17.96,-0.5721,-13.32,-0.4244,normal,trending,open_auction
2026-06-02,bullish,ATM,52.5,70.65,34.57,-99.9,66,99.93,31.56,0.135,25,100,0,,0,15.24,0.4408,0.4408,10.15,-16.57,-0.4793,-15.33,-0.4435,normal,trending,open_auction
2026-06-02,bullish,ATM+1,31.8,44.4,39.62,-99.84,42,99.89,36.171,0.155,28,100,0,,0,16.67,0.4206,0.4206,7.3,-16.35,-0.4127,-16.98,-0.4286,normal,trending,open_auction
2026-06-02,bullish,ATM+2,18.8,26.65,41.76,-99.73,10,99.81,38.118,0.164,47,100,0,,0,14.36,0.3439,0.3439,5.15,-16.17,-0.3873,-18.35,-0.4395,normal,trending,open_auction
2026-06-03,bearish,ATM-2,135.3,163.9,21.14,-27.05,13,39.78,44.419,0.191,37,100,0,,0,7.98,0.3776,0.3776,17.8,-3.09,-0.1462,-0.22,-0.0105,normal,trending,opening_drive
2026-06-03,bearish,ATM-1,154.5,186.35,20.61,-26.47,13,39.04,43.32,0.186,37,100,0,,0,8.22,0.3987,0.3987,19.15,-3.51,-0.1702,0.32,0.0157,normal,trending,opening_drive
2026-06-03,bearish,ATM,175.75,210.75,19.91,-25.63,13,37.98,41.848,0.18,37,100,0,,0,8.17,0.41,0.41,20.65,-4.07,-0.2043,0.4,0.02,normal,trending,opening_drive
2026-06-03,bearish,ATM+1,199.25,235.55,18.22,-25.24,13,36.77,38.283,0.165,37,100,0,,0,8.01,0.4394,0.4394,20.35,-5.43,-0.2978,0.48,0.0262,normal,trending,opening_drive
2026-06-03,bearish,ATM+2,225.0,264.0,17.33,-24.4,13,35.57,36.424,0.157,37,100,0,,0,7.24,0.4179,0.4179,22.7,-6.13,-0.3538,0.29,0.0167,normal,trending,opening_drive
2026-06-03,bullish,ATM-2,326.9,363.05,11.06,-14.09,8,22.64,1080.835,4.608,47,90,0,,0,-7.77,-0.7026,0.0,61.55,-11.15,-1.0086,-5.09,-0.4606,normal,trending,opening_drive
2026-06-03,bullish,ATM-1,294.55,329.15,11.75,-14.97,8,23.91,1148.108,4.894,47,90,0,,0,-8.23,-0.7009,0.0,58.85,-10.6,-0.9026,-4.29,-0.3656,normal,trending,opening_drive
2026-06-03,bullish,ATM,263.3,296.35,12.55,-16.08,8,25.44,1226.836,5.23,47,80,0,,0,-8.83,-0.7035,0.0,56.3,-9.96,-0.7933,-5.22,-0.416,normal,trending,opening_drive
2026-06-03,bullish,ATM+1,233.15,265.45,13.85,-16.88,8,26.99,1354.045,5.772,47,90,0,,0,-8.88,-0.6409,0.0,53.0,-8.92,-0.6437,-3.22,-0.2322,normal,trending,opening_drive
2026-06-03,bullish,ATM+2,207.25,234.75,13.27,-18.65,8,28.18,1296.893,5.529,46,90,0,,0,-9.43,-0.7109,0.0,47.05,-9.38,-0.7073,-5.91,-0.4455,normal,trending,opening_drive
2026-06-04,bullish,ATM-2,264.95,281.6,6.28,-20.42,12,25.12,15.147,0.065,36,100,0,,0,-7.15,-1.1381,0.0,35.6,-14.97,-2.3826,-7.15,-1.1381,normal,mean_reverting,open_test_drive
2026-06-04,bullish,ATM-1,233.5,249.8,6.98,-21.61,12,26.72,16.826,0.072,36,100,0,,0,-7.52,-1.0767,0.0,33.85,-14.42,-2.065,-7.17,-1.0276,normal,mean_reverting,open_test_drive
2026-06-04,bullish,ATM,204.45,221.5,8.34,-23.33,12,29.23,20.101,0.086,36,100,0,,0,-7.19,-0.8622,0.0,31.75,-13.33,-1.5982,-7.21,-0.8651,normal,mean_reverting,open_test_drive
2026-06-04,bullish,ATM+1,177.7,194.05,9.2,-24.93,12,31.25,22.177,0.095,35,100,0,,0,-7.15,-0.7768,0.0,29.05,-12.64,-1.3737,-7.48,-0.8135,normal,mean_reverting,open_test_drive
2026-06-04,bullish,ATM+2,153.85,168.85,9.75,-27.17,12,33.64,23.5,0.101,34,100,0,,0,-7.93,-0.8133,0.0,27.2,-12.2,-1.2513,-7.99,-0.82,normal,mean_reverting,open_test_drive
2026-06-05,bearish,ATM-2,104.35,110.55,5.94,-42.5,48,45.73,8.938,0.038,23,100,0,,0,-21.61,-3.6371,0.0,28.75,-19.89,-3.3468,-8.0,-1.3468,normal,trending,open_auction
2026-06-05,bearish,ATM-1,124.8,132.0,5.77,-39.34,48,42.65,8.679,0.037,25,100,0,,0,-20.67,-3.5833,0.0,33.0,-20.0,-3.4667,-7.53,-1.3056,normal,trending,open_auction
2026-06-05,bearish,ATM,146.3,156.0,6.63,-35.54,48,39.55,9.974,0.043,27,100,0,,0,-18.42,-2.7784,0.0,36.65,-19.23,-2.901,-6.46,-0.9742,normal,trending,open_auction
2026-06-05,bearish,ATM+1,172.2,182.45,5.95,-33.33,48,37.08,8.955,0.038,28,100,0,,0,-4.76,-0.8,0.0,18.45,-19.95,-3.3522,-5.69,-0.9561,normal,trending,open_auction
2026-06-05,bearish,ATM+2,200.1,211.7,5.8,-30.78,48,34.58,8.721,0.037,29,100,0,,0,-16.89,-2.9138,0.0,45.4,-20.0,-3.45,-5.25,-0.9052,normal,trending,open_auction
2026-06-08,bullish,ATM-2,175.75,216.4,23.13,-23.81,4,38.12,54.376,0.235,59,100,0,,0,13.43,0.5806,0.5806,17.05,-1.5,-0.0647,8.14,0.3518,normal,mean_reverting,open_test_drive
2026-06-08,bullish,ATM-1,146.65,183.6,25.2,-28.09,4,42.57,59.235,0.256,57,100,0,,0,2.8,0.111,0.111,32.85,0.16,0.0062,8.46,0.3356,normal,mean_reverting,open_test_drive
2026-06-08,bullish,ATM,121.1,153.4,26.67,-33.65,4,47.62,62.705,0.271,54,100,0,,0,2.11,0.0789,0.0789,29.75,1.34,0.0502,8.3,0.3111,normal,mean_reverting,open_test_drive
2026-06-08,bullish,ATM+1,98.0,126.55,29.13,-39.08,4,52.82,68.49,0.296,54,100,0,,0,2.24,0.0771,0.0771,26.35,3.31,0.1135,9.18,0.3152,normal,mean_reverting,open_test_drive
2026-06-08,bullish,ATM+2,78.45,103.0,31.29,-44.74,4,57.91,73.571,0.318,54,100,0,,0,1.98,0.0631,0.0631,23.0,5.04,0.1609,9.43,0.3014,normal,mean_reverting,open_test_drive
2026-06-09,bearish,ATM-2,22.2,22.2,0.0,-99.77,0,99.77,0.0,0.0,20,100,0,,0,-11.71,0.0,0.0,2.6,-20.0,0.0,-34.01,0.0,normal,trending,open_auction
2026-06-09,bearish,ATM-1,37.6,39.45,4.92,-99.87,116,99.87,14.206,0.061,21,100,0,,0,-37.77,-7.6757,0.0,16.05,-20.0,-4.0649,-31.78,-6.4595,normal,trending,open_auction
2026-06-09,bearish,ATM,58.65,67.05,14.32,-98.81,116,98.96,41.352,0.178,23,100,0,,0,-32.05,-2.2381,0.0,27.2,-20.0,-1.3964,-26.0,-1.8155,normal,trending,open_auction
2026-06-09,bearish,ATM+1,87.9,102.2,16.27,-71.96,116,75.88,46.971,0.203,23,100,0,,0,-5.01,-0.3077,0.0,18.7,-19.64,-1.207,-23.38,-1.4371,normal,trending,open_auction
2026-06-09,bearish,ATM+2,125.2,144.65,15.54,-44.21,116,51.71,44.854,0.193,23,100,0,,0,-23.96,-1.5424,0.0,49.45,-20.0,-1.2874,-18.77,-1.2082,normal,trending,open_auction
2026-06-09,bullish,ATM-2,125.45,131.35,4.7,-41.81,3,33.16,65.317,0.281,21,100,0,,0,-21.52,-4.5763,0.0,32.9,-17.86,-3.7983,-1.39,-0.2966,normal,trending,open_auction
2026-06-09,bullish,ATM-1,75.0,81.0,8.0,-64.8,3,53.58,111.105,0.478,22,100,0,,0,-35.8,-4.475,0.0,32.85,-15.04,-1.88,0.67,0.0833,normal,trending,open_auction
2026-06-09,bullish,ATM,29.65,33.2,11.97,-99.83,3,99.85,166.283,0.715,33,100,0,,0,-69.81,-5.831,0.0,24.25,-15.01,-1.2535,-14.67,-1.2254,normal,trending,open_auction
2026-06-09,bullish,ATM+1,5.2,5.55,6.73,-99.04,1,99.1,93.478,0.402,35,100,0,,0,-95.19,-14.1429,0.0,5.3,-14.62,-2.1714,-25.0,-3.7143,normal,trending,open_auction
2026-06-09,bullish,ATM+2,0.7,0.75,7.14,-92.86,1,93.33,99.201,0.426,35,100,0,,0,-85.71,-12.0,0.0,0.65,-14.29,-2.0,-21.43,-3.0,normal,trending,open_auction
2026-06-10,bullish,ATM-2,256.4,271.5,5.89,-18.88,30,23.39,19.44,0.083,35,100,0,,0,-7.49,-1.2715,0.0,34.3,-15.29,-2.596,-7.23,-1.2285,normal,trending,open_test_drive
2026-06-10,bullish,ATM-1,226.0,240.1,6.24,-20.09,30,24.78,20.595,0.088,35,100,0,,0,-7.57,-1.2128,0.0,31.2,-15.01,-2.4057,-7.5,-1.2021,normal,trending,open_test_drive
2026-06-10,bullish,ATM,198.35,211.1,6.43,-21.48,30,26.22,21.219,0.091,34,100,0,,0,-8.29,-1.2902,0.0,29.2,-14.86,-2.3114,-7.97,-1.2392,normal,trending,open_test_drive
2026-06-10,bullish,ATM+1,171.95,184.1,7.07,-22.65,30,27.76,23.325,0.1,34,100,0,,0,-8.26,-1.1687,0.0,26.35,-14.35,-2.0305,-8.61,-1.2181,normal,trending,open_test_drive
2026-06-10,bullish,ATM+2,148.5,159.35,7.31,-24.24,30,29.4,24.118,0.103,33,100,0,,0,-8.99,-1.2304,0.0,24.2,-14.15,-1.9373,-8.92,-1.2212,normal,trending,open_test_drive
2026-06-10,bearish,ATM-2,122.65,124.7,1.67,-8.64,1,10.14,13.59,0.059,31,75,0,,0,-1.26,-0.7561,0.0,3.6,-1.71,-1.0244,-6.52,-3.9024,normal,trending,open_test_drive
2026-06-10,bearish,ATM-1,143.35,145.25,1.33,-8.75,1,9.95,10.777,0.046,29,75,0,,0,-1.22,-0.9211,0.0,3.65,-2.34,-1.7632,-6.28,-4.7368,normal,trending,open_test_drive
2026-06-10,bearish,ATM,165.85,168.0,1.3,-7.84,1,9.02,10.54,0.045,29,75,0,,0,-0.93,-0.7209,0.0,3.7,-1.69,-1.3023,-5.94,-4.5814,normal,trending,open_test_drive
2026-06-10,bearish,ATM+1,191.1,194.0,1.52,-7.82,1,9.2,12.339,0.053,30,75,0,,0,-1.15,-0.7586,0.0,5.1,-1.78,-1.1724,-5.36,-3.5345,normal,trending,open_test_drive
2026-06-10,bearish,ATM+2,218.7,221.05,1.07,-7.34,1,8.32,8.737,0.038,28,75,0,,0,-1.07,-1.0,0.0,4.7,-2.19,-2.0426,-5.01,-4.6596,normal,trending,open_test_drive
2026-06-11,bullish,ATM-2,215.35,245.35,13.93,-13.79,193,24.33,18.645,0.081,34,100,0,,0,1.67,0.12,0.12,26.4,-8.86,-0.6357,1.67,0.12,normal,trending,open_test_drive
2026-06-11,bullish,ATM-1,187.55,212.95,13.54,-16.64,194,26.58,18.126,0.078,33,100,0,,0,1.44,0.1063,0.1063,22.7,-10.77,-0.7949,1.44,0.1063,normal,trending,open_test_drive
2026-06-11,bullish,ATM,160.5,182.85,13.93,-17.76,193,27.81,18.638,0.08,32,100,0,,0,1.74,0.1253,0.1253,19.55,-10.11,-0.7257,1.74,0.1253,normal,trending,open_test_drive
2026-06-11,bullish,ATM+1,136.65,154.8,13.28,-20.45,193,29.78,17.777,0.077,31,100,0,,0,1.46,0.1102,0.1102,16.15,-10.93,-0.8226,1.46,0.1102,normal,trending,open_test_drive
2026-06-11,bullish,ATM+2,114.65,129.7,13.13,-22.02,66,31.07,17.569,0.076,32,100,0,,0,2.14,0.1628,0.1628,12.6,-10.65,-0.8113,2.14,0.1628,normal,trending,open_test_drive
2026-06-12,bearish,ATM-2,94.55,105.6,11.69,-43.15,307,29.92,33.083,0.141,32,100,0,,0,-10.21,-0.8733,0.0,20.7,-12.85,-1.0995,-2.8,-0.2398,normal,mean_reverting,open_test_drive
2026-06-12,bearish,ATM-1,113.25,126.55,11.74,-40.18,307,28.53,33.245,0.142,33,100,0,,0,-9.54,-0.812,0.0,24.1,-12.76,-1.0865,-2.52,-0.2143,normal,mean_reverting,open_test_drive
2026-06-12,bearish,ATM,134.6,150.4,11.74,-36.96,307,27.26,33.229,0.142,33,100,0,,0,-8.47,-0.7215,0.0,27.2,-11.83,-1.0076,-1.86,-0.1582,normal,mean_reverting,open_test_drive
2026-06-12,bearish,ATM+1,159.5,177.3,11.16,-33.76,307,25.69,31.591,0.135,34,100,0,,0,-8.12,-0.7275,0.0,30.75,-12.23,-1.0955,-2.76,-0.2472,normal,mean_reverting,open_test_drive
2026-06-12,bearish,ATM+2,187.35,208.25,11.16,-30.64,307,24.42,31.579,0.135,35,100,0,,0,-8.09,-0.7249,0.0,36.05,-12.19,-1.0923,-2.08,-0.1866,normal,mean_reverting,open_test_drive
2026-06-12,bullish,ATM-2,177.55,238.55,34.36,-0.31,90,24.0,42.879,0.183,37,100,71,,0,10.36,0.3016,0.3016,42.6,7.49,0.2179,21.6,0.6287,normal,mean_reverting,open_test_drive
2026-06-12,bullish,ATM-1,149.0,205.3,37.79,-1.04,90,26.4,47.158,0.201,37,100,71,,0,10.77,0.2851,0.2851,40.25,3.52,0.0931,23.15,0.6128,normal,mean_reverting,open_test_drive
2026-06-12,bullish,ATM,121.1,174.9,44.43,-0.66,90,28.3,55.447,0.236,37,100,71,,0,12.59,0.2835,0.2835,38.55,6.62,0.1491,26.84,0.6041,normal,mean_reverting,open_test_drive
2026-06-12,bullish,ATM+1,97.95,148.0,51.1,-0.82,90,30.98,63.773,0.272,36,100,71,89,0,15.06,0.2947,0.2947,35.3,9.32,0.1824,29.66,0.5804,normal,mean_reverting,open_test_drive
2026-06-12,bullish,ATM+2,77.3,123.35,59.57,-0.39,90,33.36,74.351,0.317,36,100,71,89,3,16.88,0.2834,0.2834,33.0,12.81,0.215,33.96,0.57,normal,mean_reverting,open_test_drive
2026-06-15,bearish,ATM-2,68.5,78.35,14.38,-59.93,15,64.96,29.593,0.124,27,100,0,,0,-0.15,-0.0102,0.0,9.95,-17.02,-1.1838,1.31,0.0914,normal,trending,trend_from_open
2026-06-15,bearish,ATM-1,89.85,101.65,13.13,-57.1,15,62.08,27.027,0.113,27,100,0,,0,0.33,0.0254,0.0254,11.5,-17.02,-1.2958,1.5,0.1144,normal,trending,trend_from_open
2026-06-15,bearish,ATM,115.2,129.1,12.07,-50.78,15,56.08,24.831,0.104,26,100,0,,0,0.52,0.0432,0.0432,13.3,-17.5,-1.4504,1.35,0.1115,normal,trending,trend_from_open
2026-06-15,bearish,ATM+1,144.9,160.15,10.52,-46.69,15,51.76,21.659,0.09,25,100,0,,0,0.03,0.0033,0.0033,15.2,-11.58,-1.1003,1.21,0.1148,normal,trending,trend_from_open
2026-06-15,bearish,ATM+2,177.5,195.25,10.0,-41.15,15,46.5,20.58,0.086,27,100,0,,0,-0.28,-0.0282,0.0,18.25,-12.0,-1.2,1.15,0.1155,normal,trending,trend_from_open
2026-06-16,bullish,ATM-2,102.85,143.7,39.72,-36.56,19,54.59,154.491,0.645,40,100,0,,0,-4.08,-0.1028,0.0,45.05,7.57,0.1907,1.85,0.0465,normal,mean_reverting,failed_auction
2026-06-16,bullish,ATM-1,68.95,102.25,48.3,-67.66,19,78.19,187.856,0.785,45,100,0,,0,-7.11,-0.1471,0.0,38.2,-5.73,-0.1186,2.39,0.0495,normal,mean_reverting,failed_auction
2026-06-16,bullish,ATM,42.75,67.5,57.89,-99.88,19,99.93,225.193,0.941,50,100,0,9,0,-9.12,-0.1576,0.0,28.65,-2.6,-0.0448,2.22,0.0384,normal,mean_reverting,failed_auction
2026-06-16,bullish,ATM+1,24.45,40.75,66.67,-99.8,19,99.88,259.313,1.083,54,100,0,9,0,-6.95,-0.1043,0.0,18.0,2.25,0.0337,4.29,0.0644,normal,mean_reverting,failed_auction
2026-06-16,bullish,ATM+2,13.4,23.45,75.0,-99.63,19,99.79,291.727,1.219,58,100,0,9,2,-13.06,-0.1741,0.0,11.8,4.18,0.0557,3.73,0.0498,normal,mean_reverting,failed_auction
2026-06-17,bullish,ATM-2,214.35,234.0,9.17,-14.98,44,22.12,37.947,0.158,37,100,0,,0,5.51,0.6005,0.6005,7.85,-12.67,-1.3817,2.85,0.3104,normal,trending,open_rejection_reverse
2026-06-17,bullish,ATM-1,186.3,203.8,9.39,-16.51,44,23.68,38.884,0.162,36,100,0,,0,5.69,0.6057,0.6057,6.9,-12.49,-1.3291,3.3,0.3514,normal,trending,open_rejection_reverse
2026-06-17,bullish,ATM,159.5,176.25,10.5,-18.03,44,25.82,43.471,0.181,36,100,0,,0,6.96,0.6627,0.6627,5.65,-11.6,-1.1045,3.86,0.3672,normal,trending,open_rejection_reverse
2026-06-17,bullish,ATM+1,136.35,150.9,10.67,-20.02,44,27.73,44.172,0.184,35,100,0,,0,7.15,0.6701,0.6701,4.8,-11.46,-1.0742,3.96,0.3711,normal,trending,open_rejection_reverse
2026-06-17,bullish,ATM+2,115.0,127.95,11.26,-21.43,44,29.39,46.614,0.194,34,100,0,,0,7.61,0.6757,0.6757,4.2,-10.99,-0.9761,3.39,0.3012,normal,trending,open_rejection_reverse
2026-06-18,bullish,ATM-2,171.15,198.95,16.24,-14.31,5,26.29,75.615,0.313,55,100,0,,0,-2.89,-0.1781,0.0,32.75,-7.01,-0.4313,-1.99,-0.1223,normal,trending,open_test_drive
2026-06-18,bullish,ATM-1,142.9,167.8,17.42,-16.38,5,28.78,81.116,0.336,56,100,0,,0,-3.92,-0.2249,0.0,30.5,-6.06,-0.3478,-2.31,-0.1325,normal,trending,open_test_drive
2026-06-18,bullish,ATM,118.0,140.25,18.86,-19.19,5,32.01,87.779,0.364,56,100,0,,0,-4.28,-0.227,0.0,27.3,-4.92,-0.2607,-2.67,-0.1416,normal,trending,open_test_drive
2026-06-18,bullish,ATM+1,95.75,115.05,20.16,-21.31,5,34.51,93.834,0.389,57,100,0,,0,-4.91,-0.2435,0.0,24.0,-3.87,-0.1922,-2.98,-0.1477,normal,trending,open_test_drive
2026-06-18,bullish,ATM+2,76.6,93.15,21.61,-24.48,5,37.9,100.58,0.417,57,100,0,,0,-5.68,-0.2628,0.0,20.9,-2.72,-0.1257,-3.39,-0.1571,normal,trending,open_test_drive
2026-06-19,bullish,ATM-2,189.35,221.85,17.16,-21.31,246,32.84,98.808,0.412,14,100,0,,0,5.91,0.3446,0.3446,21.3,-12.8,-0.7455,-4.96,-0.2892,normal,trending,open_auction
2026-06-19,bullish,ATM-1,158.3,186.1,17.56,-24.86,246,36.08,101.097,0.421,12,100,0,,0,6.44,0.3669,0.3669,17.6,-12.12,-0.6899,-5.15,-0.2932,normal,trending,open_auction
2026-06-19,bullish,ATM,130.85,153.0,16.93,-28.85,246,39.15,97.448,0.406,11,100,0,,0,6.99,0.4131,0.4131,13.0,-11.53,-0.6813,-5.69,-0.3363,normal,trending,open_auction
2026-06-19,bullish,ATM+1,106.5,124.3,16.71,-33.33,246,42.88,96.216,0.401,9,100,0,,0,7.93,0.4747,0.4747,9.35,-10.76,-0.6438,-5.73,-0.3427,normal,trending,open_auction
2026-06-19,bullish,ATM+2,85.7,99.15,15.69,-37.75,246,46.19,90.348,0.376,7,100,0,,0,8.28,0.5279,0.5279,6.35,-10.15,-0.6468,-6.48,-0.4126,normal,trending,open_auction
2026-06-19,bearish,ATM-2,76.3,84.45,10.68,-43.18,9,48.67,69.863,0.292,11,100,0,,0,-17.43,-1.6319,0.0,21.45,-16.75,-1.5681,-17.43,-1.6319,normal,trending,open_auction
2026-06-19,bearish,ATM-1,96.7,106.0,9.62,-40.28,9,45.52,62.903,0.263,12,100,0,,0,-16.55,-1.7204,0.0,25.3,-17.23,-1.7914,-16.55,-1.7204,normal,trending,open_auction
2026-06-19,bearish,ATM,120.35,130.45,8.39,-35.94,9,40.9,54.89,0.229,13,100,0,,0,-15.95,-1.901,0.0,29.3,-17.24,-2.0545,-15.95,-1.901,normal,trending,open_auction
2026-06-19,bearish,ATM+1,147.95,159.05,7.5,-33.49,9,38.13,49.071,0.205,13,100,0,,0,-14.97,-1.9955,0.0,33.25,-14.0,-1.8658,-14.97,-1.9955,normal,trending,open_auction
2026-06-19,bearish,ATM+2,178.2,189.95,6.59,-30.42,9,34.72,43.127,0.18,14,100,0,,0,-13.61,-2.0638,0.0,36.0,-14.73,-2.2332,-13.61,-2.0638,normal,trending,open_auction
2026-06-22,bullish,ATM-2,129.55,171.8,32.61,-12.66,299,24.33,338.68,1.403,30,100,27,,0,3.86,0.1183,0.1183,37.25,-0.24,-0.0073,-5.87,-0.1799,normal,trending,open_auction
2026-06-22,bullish,ATM-1,97.65,130.2,33.33,-16.03,299,28.19,346.162,1.434,29,100,27,,0,4.45,0.1336,0.1336,28.2,1.46,0.0439,-5.12,-0.1536,normal,trending,open_auction
2026-06-22,bullish,ATM,71.05,95.45,34.34,-20.41,299,33.16,356.637,1.477,27,100,27,,0,4.64,0.1352,0.1352,21.1,3.48,0.1012,-7.25,-0.2111,normal,trending,open_auction
2026-06-22,bullish,ATM+1,49.8,67.1,34.74,-24.6,299,40.39,360.759,1.494,23,100,27,,0,4.62,0.1329,0.1329,15.0,-11.73,-0.3376,-9.04,-0.2601,normal,trending,open_auction
2026-06-22,bullish,ATM+2,33.55,45.7,36.21,-29.66,144,48.36,376.084,1.558,21,100,27,,0,5.22,0.144,0.144,10.4,-10.1,-0.279,-9.69,-0.2675,normal,trending,open_auction
2026-06-23,bullish,ATM-2,113.15,171.2,51.3,-38.67,329,58.12,326.63,1.355,17,100,0,328,0,-19.4,-0.3781,0.0,80.0,-1.58,-0.0308,12.59,0.2455,normal,trending,open_test_drive
2026-06-23,bullish,ATM-1,72.85,119.95,64.65,-65.0,329,78.74,411.623,1.708,22,100,0,146,0,-23.2,-0.3588,0.0,64.0,5.97,0.0924,18.6,0.2877,normal,trending,open_test_drive
2026-06-23,bullish,ATM,41.9,71.65,71.0,-99.64,147,99.79,452.045,1.876,25,100,0,146,3,-26.97,-0.3798,0.0,41.05,16.18,0.2279,24.11,0.3395,normal,trending,open_test_drive
2026-06-23,bullish,ATM+1,21.4,41.8,95.33,-99.77,147,99.88,606.911,2.519,29,100,0,7,11,22.66,0.2377,0.2377,15.55,33.08,0.3471,34.81,0.3652,normal,trending,open_test_drive
2026-06-23,bullish,ATM+2,10.45,24.25,132.06,-99.52,173,99.79,840.759,3.489,30,100,0,7,16,27.27,0.2065,0.2065,10.95,34.35,0.2601,41.15,0.3116,normal,trending,open_test_drive
2026-06-23,bearish,ATM-2,14.4,23.3,61.81,-99.65,22,99.79,74.434,0.31,41,100,0,21,1,-33.33,-0.5393,0.0,13.7,-18.61,-0.3011,-32.64,-0.5281,normal,trending,open_test_drive
2026-06-23,bearish,ATM-1,27.1,40.35,48.89,-99.82,22,99.88,58.883,0.246,36,100,0,,0,-30.63,-0.6264,0.0,21.55,-18.52,-0.3789,-37.45,-0.766,normal,trending,open_test_drive
2026-06-23,bearish,ATM,48.15,65.75,36.55,-99.9,22,99.92,44.021,0.184,32,100,0,,0,-23.57,-0.6449,0.0,28.95,-18.5,-0.5062,-22.64,-0.6193,normal,trending,open_test_drive
2026-06-23,bearish,ATM+1,79.25,99.3,25.3,-94.01,22,95.22,30.469,0.127,28,100,0,,0,-19.81,-0.783,0.0,35.75,-19.6,-0.7746,-29.27,-1.1571,normal,trending,open_test_drive
2026-06-23,bearish,ATM+2,119.05,138.95,16.72,-71.27,22,75.39,20.131,0.084,26,100,0,,0,-17.56,-1.0503,0.0,40.8,-19.5,-1.1663,-25.49,-1.5251,normal,trending,open_test_drive
2026-06-24,bullish,ATM-2,228.7,241.0,5.38,-20.16,246,24.23,6.313,0.026,33,100,0,,0,-10.19,-1.8943,0.0,35.6,-16.9,-3.1431,-12.86,-2.3902,normal,trending,failed_auction
2026-06-24,bullish,ATM-1,198.3,208.0,4.89,-22.44,246,26.06,5.742,0.024,32,100,0,,0,-10.94,-2.2371,0.0,31.4,-16.87,-3.4495,-13.72,-2.8041,normal,trending,failed_auction
2026-06-24,bullish,ATM,169.25,177.45,4.84,-24.22,16,27.73,5.687,0.024,33,100,0,,0,-11.4,-2.3537,0.0,27.5,-16.12,-3.328,-14.48,-2.9878,normal,trending,failed_auction
2026-06-24,bullish,ATM+1,143.3,150.65,5.13,-27.01,16,30.57,6.02,0.025,32,100,0,,0,-12.46,-2.4286,0.0,25.2,-19.05,-3.7143,-15.49,-3.0204,normal,trending,failed_auction
2026-06-24,bullish,ATM+2,120.05,126.55,5.41,-29.57,16,33.19,6.355,0.027,31,100,0,,0,-13.37,-2.4692,0.0,22.55,-18.93,-3.4969,-16.49,-3.0462,normal,trending,failed_auction
2026-06-25,bullish,ATM-2,166.9,212.4,27.26,-16.87,151,34.68,76.591,0.317,33,100,23,,0,-0.96,-0.0352,0.0,47.1,-4.49,-0.1648,-2.19,-0.0802,normal,mean_reverting,open_auction
2026-06-25,bullish,ATM-1,135.3,176.95,30.78,-18.7,151,37.84,86.485,0.358,32,100,23,,0,-0.55,-0.018,0.0,42.4,-2.44,-0.0792,-1.96,-0.0636,normal,mean_reverting,open_auction
2026-06-25,bullish,ATM,107.45,143.85,33.88,-20.8,151,40.84,95.174,0.394,31,100,23,,0,-0.37,-0.011,0.0,36.8,-0.23,-0.0069,-1.95,-0.0577,normal,mean_reverting,open_auction
2026-06-25,bullish,ATM+1,84.4,114.25,35.37,-22.87,151,43.02,99.364,0.411,30,100,23,,0,-1.42,-0.0402,0.0,31.05,0.95,0.0268,-2.78,-0.0787,normal,mean_reverting,open_auction
2026-06-25,bullish,ATM+2,64.1,87.75,36.9,-23.4,151,44.05,103.657,0.429,30,100,23,,0,-1.17,-0.0317,0.0,24.4,3.28,0.0888,-2.81,-0.0761,normal,mean_reverting,open_auction
2026-06-25,bearish,ATM-2,62.5,80.3,28.48,-24.24,11,41.03,112.244,0.466,46,100,0,,0,-1.44,-0.0506,0.0,18.7,2.78,0.0978,2.56,0.0899,normal,mean_reverting,open_auction
2026-06-25,bearish,ATM-1,78.3,101.9,30.14,-22.35,11,40.33,118.788,0.493,47,100,0,,0,0.77,0.0254,0.0254,23.0,4.11,0.1364,4.66,0.1547,normal,mean_reverting,open_auction
2026-06-25,bearish,ATM,99.85,127.05,27.24,-21.53,11,38.33,107.36,0.445,46,100,0,,0,0.0,0.0,0.0,27.2,1.79,0.0658,3.05,0.1121,normal,mean_reverting,open_auction
2026-06-25,bearish,ATM+1,123.65,156.1,26.24,-19.85,11,36.52,103.429,0.429,46,100,0,,0,11.81,0.4499,0.4499,17.85,0.99,0.0379,11.81,0.4499,normal,mean_reverting,open_auction
2026-06-25,bearish,ATM+2,153.2,190.75,24.51,-18.67,11,34.68,96.599,0.401,46,100,0,,0,9.86,0.4021,0.4021,22.45,-0.39,-0.016,9.86,0.4021,normal,mean_reverting,open_auction
2026-06-29,bearish,ATM-2,45.85,73.95,61.29,-37.08,325,60.99,156.349,0.651,29,100,34,324,0,-11.01,-0.1797,0.0,33.15,3.73,0.0609,-5.34,-0.0872,normal,trending,open_test_drive
2026-06-29,bearish,ATM-1,61.15,99.85,63.29,-30.74,325,57.59,161.452,0.672,29,100,34,324,0,-9.4,-0.1486,0.0,44.45,2.96,0.0468,-4.25,-0.0672,normal,trending,open_test_drive
2026-06-29,bearish,ATM,81.9,127.25,55.37,-27.66,325,52.77,141.261,0.588,28,100,34,324,0,-10.38,-0.1874,0.0,53.85,-0.76,-0.0137,-5.25,-0.0948,normal,trending,open_test_drive
2026-06-29,bearish,ATM+1,104.45,162.65,55.72,-23.65,325,49.58,142.149,0.592,28,100,34,324,0,-7.47,-0.134,0.0,66.0,-0.81,-0.0146,-1.68,-0.0301,normal,trending,open_test_drive
2026-06-29,bearish,ATM+2,134.45,200.15,48.87,-21.49,325,44.49,124.662,0.519,30,100,34,,0,-6.88,-0.1408,0.0,74.95,-3.13,-0.0641,-1.93,-0.0396,normal,trending,open_test_drive
2026-06-30,bearish,ATM-2,27.9,38.1,36.56,-99.82,4,99.87,145.441,0.609,57,100,0,,0,-23.66,-0.6471,0.0,16.8,2.22,0.0608,11.29,0.3088,normal,mean_reverting,opening_drive
2026-06-30,bearish,ATM-1,44.6,57.35,28.59,-99.89,4,99.91,113.727,0.476,56,100,0,,0,-21.75,-0.7608,0.0,22.45,-2.96,-0.1035,9.19,0.3216,normal,mean_reverting,opening_drive
2026-06-30,bearish,ATM,66.9,82.6,23.47,-99.78,4,99.82,93.36,0.391,55,100,0,,0,-19.66,-0.8376,0.0,28.85,-4.93,-0.2102,7.62,0.3248,normal,mean_reverting,opening_drive
2026-06-30,bearish,ATM+1,94.35,117.45,24.48,-81.82,112,85.4,97.4,0.408,26,100,0,,0,-17.12,-0.6991,0.0,39.25,-6.65,-0.2714,7.58,0.3095,normal,mean_reverting,opening_drive
2026-06-30,bearish,ATM+2,128.05,160.2,25.11,-61.19,112,68.98,99.883,0.418,26,100,0,,0,-14.68,-0.5848,0.0,50.95,-8.29,-0.33,6.33,0.2519,normal,mean_reverting,opening_drive
2026-07-01,bullish,ATM-2,231.95,265.4,14.42,-15.2,59,25.89,32.089,0.134,35,100,0,,0,-7.01,-0.4858,0.0,49.7,-8.46,-0.5868,-2.78,-0.1928,normal,mean_reverting,open_auction
2026-07-01,bullish,ATM-1,202.2,232.3,14.89,-17.38,59,28.09,33.124,0.138,34,100,0,,0,-7.49,-0.5033,0.0,45.25,-8.09,-0.5435,-3.36,-0.2259,normal,mean_reverting,open_auction
2026-07-01,bullish,ATM,174.05,202.05,16.09,-18.73,59,29.99,35.796,0.15,33,100,0,,0,-8.01,-0.4982,0.0,41.95,-7.13,-0.4432,-3.33,-0.2071,normal,mean_reverting,open_auction
2026-07-01,bullish,ATM+1,148.7,173.25,16.51,-20.75,59,31.98,36.736,0.153,33,100,0,,0,-8.91,-0.5397,0.0,37.8,-6.79,-0.4114,-3.63,-0.22,normal,mean_reverting,open_auction
2026-07-01,bullish,ATM+2,125.55,147.35,17.36,-23.02,59,34.41,38.636,0.161,31,100,0,,0,-9.8,-0.5642,0.0,34.1,-6.11,-0.3518,-3.9,-0.2248,normal,mean_reverting,open_auction
2026-07-02,bullish,ATM-2,220.25,226.0,2.61,-27.36,1,29.2,9.472,0.039,47,100,0,,0,-15.41,-5.9043,0.0,39.7,-17.91,-6.8609,-8.63,-3.3043,normal,mean_reverting,trend_from_open
2026-07-02,bullish,ATM-1,187.0,192.0,2.67,-30.37,1,32.19,9.701,0.04,45,100,0,,0,-17.01,-6.36,0.0,36.8,-17.86,-6.68,-9.57,-3.58,normal,mean_reverting,trend_from_open
2026-07-02,bullish,ATM,156.5,161.0,2.88,-33.55,1,35.4,10.433,0.043,45,100,0,,0,-10.06,-3.5,0.0,20.25,-17.7,-6.1556,-10.22,-3.5556,normal,mean_reverting,trend_from_open
2026-07-02,bullish,ATM+1,128.65,132.7,3.15,-37.43,1,39.34,11.422,0.047,45,100,0,,0,-13.14,-4.1728,0.0,20.95,-17.48,-5.5531,-11.19,-3.5556,normal,mean_reverting,trend_from_open
2026-07-02,bullish,ATM+2,103.45,107.1,3.53,-41.32,1,43.32,12.802,0.053,45,100,0,,0,-21.99,-6.2329,0.0,26.4,-17.18,-4.8685,-12.13,-3.4384,normal,mean_reverting,trend_from_open
2026-07-03,bearish,ATM-2,59.55,69.15,16.12,-38.71,3,47.22,99.645,0.41,36,100,0,,0,4.2,0.2604,0.2604,7.1,-11.47,-0.7115,3.86,0.2396,normal,mean_reverting,trend_from_open
2026-07-03,bearish,ATM-1,77.6,87.7,13.02,-35.57,3,42.99,80.45,0.331,34,100,0,,0,3.67,0.2822,0.2822,7.25,-12.37,-0.9505,3.03,0.2327,normal,mean_reverting,trend_from_open
2026-07-03,bearish,ATM,98.9,110.55,11.78,-31.6,3,38.81,72.811,0.3,33,100,0,,0,3.24,0.2747,0.2747,8.45,-12.96,-1.1004,2.83,0.2403,normal,mean_reverting,trend_from_open
2026-07-03,bearish,ATM+1,124.7,138.0,10.67,-27.35,3,34.35,65.925,0.271,32,100,0,,0,3.13,0.2932,0.2932,9.4,-13.74,-1.2887,2.57,0.2406,normal,mean_reverting,trend_from_open
2026-07-03,bearish,ATM+2,154.55,169.35,9.58,-23.65,3,30.32,59.191,0.244,32,100,0,,0,2.59,0.2703,0.2703,10.8,-14.2,-1.4831,2.49,0.2601,normal,mean_reverting,trend_from_open
2026-07-06,bullish,ATM-2,143.15,157.2,9.81,-34.93,36,40.74,24.625,0.101,27,100,0,,0,-18.09,-1.8434,0.0,39.95,-17.35,-1.7673,-18.09,-1.8434,normal,trending,open_test_drive
2026-07-06,bullish,ATM-1,107.85,120.2,11.45,-41.86,36,47.84,28.73,0.118,24,100,0,,0,-20.58,-1.7976,0.0,34.55,-16.92,-1.4777,-20.58,-1.7976,normal,trending,open_test_drive
2026-07-06,bullish,ATM,77.5,87.7,13.16,-48.52,36,54.5,33.021,0.136,24,100,0,,0,-23.61,-1.7941,0.0,28.5,-16.54,-1.2569,-23.61,-1.7941,normal,trending,open_test_drive
2026-07-06,bullish,ATM+1,52.7,61.2,16.13,-54.65,36,60.95,40.466,0.166,25,100,0,,0,-25.9,-1.6059,0.0,22.15,-16.05,-0.9953,-25.9,-1.6059,normal,trending,open_test_drive
2026-07-06,bullish,ATM+2,34.0,40.1,17.94,-59.56,36,65.71,45.013,0.185,25,100,0,,0,-29.26,-1.6311,0.0,16.05,-15.76,-0.8787,-29.26,-1.6311,normal,trending,open_test_drive
2026-07-07,bullish,ATM-2,96.35,149.8,55.47,-30.67,312,2.24,323.457,1.321,41,100,0,311,8,2.02,0.0365,0.0365,51.5,-11.66,-0.2101,-8.67,-0.1562,normal,mean_reverting,open_auction
2026-07-07,bullish,ATM-1,57.7,99.6,72.62,-64.12,315,2.46,423.407,1.729,46,100,0,33,8,10.92,0.1504,0.1504,35.6,-8.84,-0.1217,-11.79,-0.1623,normal,mean_reverting,open_auction
2026-07-07,bullish,ATM,30.65,53.55,74.71,-98.69,40,99.25,435.637,1.779,33,100,0,33,9,11.75,0.1572,0.1572,19.3,-8.78,-0.1175,-16.31,-0.2183,normal,mean_reverting,open_auction
2026-07-07,bullish,ATM+1,14.0,26.1,86.43,-99.64,40,99.81,503.938,2.058,38,100,0,33,3,12.86,0.1488,0.1488,10.3,-18.0,-0.2083,-20.71,-0.2397,normal,mean_reverting,open_auction
2026-07-07,bullish,ATM+2,6.05,10.8,78.51,-99.17,40,99.54,457.781,1.869,34,100,0,33,1,-4.96,-0.0632,0.0,5.05,-16.69,-0.2126,-21.49,-0.2737,normal,mean_reverting,open_auction
2026-07-07,bearish,ATM-2,6.25,7.95,27.2,-99.2,5,99.37,86.677,0.355,54,100,0,,0,-47.2,-1.7353,0.0,4.65,-11.04,-0.4059,-47.2,-1.7353,normal,mean_reverting,open_auction
2026-07-07,bearish,ATM-1,15.1,19.45,28.81,-99.67,5,99.74,91.801,0.376,55,100,0,,0,-52.65,-1.8276,0.0,12.3,3.05,0.1057,-52.65,-1.8276,normal,mean_reverting,open_auction
2026-07-07,bearish,ATM,37.45,43.8,16.96,-99.87,5,99.89,54.032,0.221,43,100,0,,0,-52.74,-3.1102,0.0,26.1,-6.44,-0.3795,-52.74,-3.1102,normal,mean_reverting,open_auction
2026-07-07,bearish,ATM+1,76.95,84.85,10.27,-98.38,5,98.53,32.715,0.134,34,100,0,,0,-46.2,-4.5,0.0,43.45,-11.79,-1.1481,-46.2,-4.5,normal,mean_reverting,open_auction
2026-07-07,bearish,ATM+2,122.95,134.0,8.99,-59.25,110,62.61,28.64,0.117,22,100,0,,0,-32.94,-3.6652,0.0,51.55,-14.34,-1.5955,-32.94,-3.6652,normal,mean_reverting,open_auction
2026-07-08,bearish,ATM-2,126.05,190.4,51.05,-38.95,285,31.01,29.329,0.121,32,100,13,284,0,-15.07,-0.2953,0.0,83.35,-18.13,-0.3551,-13.61,-0.2665,normal,trending,open_test_drive
2026-07-08,bearish,ATM-1,148.3,212.85,43.53,-36.65,285,29.13,25.006,0.103,33,100,13,,0,-13.89,-0.3191,0.0,85.15,-17.82,-0.4093,-12.41,-0.2851,normal,trending,open_test_drive
2026-07-08,bearish,ATM,173.4,239.35,38.03,-34.11,285,28.16,21.85,0.09,33,100,13,,0,-13.12,-0.345,0.0,88.7,-17.83,-0.4688,-11.79,-0.3101,normal,trending,open_test_drive
2026-07-08,bearish,ATM+1,202.25,265.1,31.08,-32.01,285,26.2,17.853,0.074,33,100,13,,0,-12.41,-0.3994,0.0,87.95,-18.14,-0.5838,-11.37,-0.366,normal,trending,open_test_drive
2026-07-08,bearish,ATM+2,232.25,295.75,27.34,-29.71,285,25.22,15.708,0.065,34,100,13,,0,-11.78,-0.4307,0.0,90.85,-17.98,-0.6578,-10.51,-0.3843,normal,trending,open_test_drive
2026-07-09,bullish,ATM-2,207.05,236.65,14.3,-21.61,62,29.69,41.079,0.171,34,100,0,,0,-3.57,-0.25,0.0,37.0,-15.17,-1.0611,-3.77,-0.2635,normal,trending,open_auction
2026-07-09,bullish,ATM-1,176.4,204.3,15.82,-23.38,62,32.57,45.448,0.189,33,100,0,,0,-3.85,-0.2437,0.0,34.7,-14.99,-0.9477,-4.31,-0.2724,normal,trending,open_auction
2026-07-09,bullish,ATM,149.5,174.75,16.89,-25.72,62,35.36,48.532,0.202,31,100,0,,0,-4.75,-0.2812,0.0,32.35,-15.45,-0.9149,-5.75,-0.3406,normal,trending,open_auction
2026-07-09,bullish,ATM+1,123.6,146.85,18.81,-27.18,62,38.13,54.052,0.225,30,100,0,,0,-4.37,-0.2323,0.0,28.65,-14.98,-0.7966,-6.07,-0.3226,normal,trending,open_auction
2026-07-09,bullish,ATM+2,101.8,122.65,20.48,-29.37,62,40.89,58.853,0.245,29,100,0,,0,-4.47,-0.2182,0.0,25.4,-14.97,-0.7309,-5.94,-0.2902,normal,trending,open_auction
2026-07-10,bullish,ATM-2,174.1,192.0,10.28,-20.56,128,27.97,71.789,0.297,15,100,0,,0,2.07,0.2011,0.2011,14.3,-13.15,-1.2793,0.11,0.0112,normal,mean_reverting,open_auction
2026-07-10,bullish,ATM-1,142.9,158.0,10.57,-24.0,97,31.27,73.781,0.305,14,100,0,,0,2.41,0.2285,0.2285,11.65,-12.36,-1.1695,0.31,0.0298,normal,mean_reverting,open_auction
2026-07-10,bullish,ATM,114.25,127.75,11.82,-26.78,97,34.52,82.505,0.341,13,100,0,,0,2.84,0.2407,0.2407,10.25,-11.39,-0.9637,0.44,0.037,normal,mean_reverting,open_auction
2026-07-10,bullish,ATM+1,89.9,100.85,12.18,-30.2,97,37.78,85.046,0.352,11,100,0,,0,3.17,0.2603,0.2603,8.1,-10.48,-0.8603,0.39,0.032,normal,mean_reverting,open_auction
2026-07-10,bullish,ATM+2,68.8,78.3,13.81,-32.92,97,41.06,96.413,0.399,10,100,0,,0,3.42,0.2474,0.2474,7.15,-9.48,-0.6863,0.36,0.0263,normal,mean_reverting,open_auction
2026-07-13,bullish,ATM-2,135.35,176.3,30.25,-19.28,200,38.03,35.988,0.15,29,100,19,,0,-8.31,-0.2747,0.0,52.2,-11.05,-0.3651,-8.31,-0.2747,normal,trending,open_test_drive
2026-07-13,bullish,ATM-1,102.9,141.2,37.22,-22.98,200,43.87,44.274,0.184,26,100,19,,0,-7.97,-0.2141,0.0,46.5,-8.3,-0.223,-7.97,-0.2141,normal,trending,open_test_drive
2026-07-13,bullish,ATM,76.55,109.8,43.44,-28.87,200,50.41,51.667,0.215,24,100,19,,0,-7.64,-0.1759,0.0,39.1,-6.52,-0.1501,-7.64,-0.1759,normal,trending,open_test_drive
2026-07-13,bullish,ATM+1,55.55,82.65,48.78,-36.81,200,57.53,58.029,0.241,24,100,19,,0,-8.1,-0.1661,0.0,31.6,-5.09,-0.1044,-8.1,-0.1661,normal,trending,open_test_drive
2026-07-13,bullish,ATM+2,38.95,60.65,55.71,-42.49,200,63.07,66.27,0.275,25,100,19,156,0,-7.45,-0.1336,0.0,24.6,-2.44,-0.0438,-7.45,-0.1336,normal,trending,open_test_drive
2026-07-14,bearish,ATM-2,15.2,27.3,79.61,-99.67,8,99.82,749.294,3.116,55,100,50,7,0,-16.12,-0.2025,0.0,14.55,43.68,0.5488,5.59,0.0702,normal,trending,open_test_drive
2026-07-14,bearish,ATM-1,27.05,45.8,69.32,-99.82,8,99.89,652.446,2.713,55,100,50,7,0,-16.45,-0.2373,0.0,23.2,35.45,0.5115,6.1,0.088,normal,trending,open_test_drive
2026-07-14,bearish,ATM,45.5,74.1,62.86,-22.97,8,52.7,591.651,2.46,55,100,50,7,0,-12.97,-0.2063,0.0,34.5,30.29,0.4818,5.82,0.0927,normal,trending,open_test_drive
2026-07-14,bearish,ATM+1,73.45,110.4,50.31,-63.24,8,75.54,473.514,1.969,54,100,50,7,0,-9.26,-0.184,0.0,43.75,20.25,0.4024,4.22,0.0839,normal,trending,open_test_drive
2026-07-14,bearish,ATM+2,110.05,152.85,38.89,-30.62,8,50.05,366.07,1.522,47,100,50,,0,-6.5,-0.1671,0.0,49.95,11.11,0.2857,2.14,0.0549,normal,trending,open_test_drive
