Date,Breakout Type,Entry Time,Underlying Entry Price,OR High,OR Low,OR Width,Gap %,Inside Day,Outside Day,Relation PDH/PDL,Days To Expiry,Day Of Week,Max Continuation,Max Adverse,Sustained,Failed,ATR,ADX,RSI,VWAP Dist,ATM MFE %,ATM MAE %,ATM Peak Time,ATM Time To Peak Min,ATM Decay %,ATM Gamma Eff,ATM Expansion Quality Score,ATM Peak Exhaustion Score,ATM Expected Opportunity Score,ATM Time To 50%,ATM Time Above 50%,ATM Exit Hybrid Return %,ATM Exit Hybrid Capture Eff,ATM Exit Hybrid Retention Ratio,ATM Exit Hybrid Lost Profit,Volatility Regime,Trend Regime,Auction Archetype,Failure Reason
2025-07-14,bearish,2025-07-14 09:36:00 +0530,25047.45,25151.0996,25051.1992,99.90040000000226,0.0,false,false,inside,4,Monday,45.50080000000162,79.75,false,true,,,,,20.91,-28.0,2025-07-14 09:40:00 +0530,4,40.45,0.46,40,100,0,,0,-0.25,-0.0118,0.0,21.35,normal,mean_reverting,failed_auction,vwap_reclaimed
2025-07-15,bullish,2025-07-15 10:39:00 +0530,25153.15,25151.1504,25088.4492,62.70119999999952,0.0,false,false,inside,4,Tuesday,92.04919999999765,2.0,true,false,,,,,29.87,-25.0,2025-07-15 11:10:00 +0530,31,42.25,0.325,34,100,0,,0,3.85,0.129,0.129,24.3,normal,mean_reverting,open_auction,none
2025-07-16,bearish,2025-07-16 10:45:00 +0530,25127.1,25218.9492,25127.75,91.19919999999911,0.0,false,false,inside,4,Wednesday,6.049199999997654,128.20080000000235,false,true,,,,,72.69,-18.7,2025-07-16 12:47:00 +0530,122,52.92,12.016,29,100,68,1,4,31.24,0.4298,0.4298,19.5,normal,trending,opening_drive,vwap_reclaimed
2025-07-16,bullish,2025-07-16 12:48:00 +0530,25232.1,25218.9492,25127.75,91.19919999999911,0.0,false,false,inside,4,Wednesday,23.200800000002346,46.099999999998545,false,true,,,,,2.04,-40.3,2025-07-16 12:51:00 +0530,3,41.49,0.088,9,100,0,,0,-14.25,-7.0,0.0,12.0,normal,trending,opening_drive,vwap_reclaimed
2025-07-17,bearish,2025-07-17 09:32:00 +0530,25196.1,25238.3496,25197.75,40.599600000001374,0.0,false,false,inside,4,Thursday,95.09999999999854,14.350000000002183,true,false,,,,,63.15,-99.86,2025-07-17 11:11:00 +0530,99,99.91,0.664,32,100,0,98,0,10.4,0.1648,0.1648,18.25,normal,mean_reverting,open_auction,none
2025-07-18,bearish,2025-07-18 09:43:00 +0530,25056.2,25144.5996,25061.0996,83.5,0.0,false,false,inside,4,Friday,137.5496000000021,0.3499999999985448,true,false,,,,,24.66,-16.36,2025-07-18 11:00:00 +0530,77,32.9,0.179,33,100,0,,0,3.99,0.1617,0.1617,22.55,normal,trending,open_test_drive,none
2025-07-21,bearish,2025-07-21 09:34:00 +0530,24886.2,25037.1992,24894.5508,142.64839999999822,0.0,false,false,inside,4,Monday,3.7000000000007276,225.2003999999979,false,true,,,,,16.53,-33.25,2025-07-21 09:40:00 +0530,6,42.72,4.468,45,100,0,,0,-5.7,-0.3448,0.0,23.4,normal,mean_reverting,open_test_drive,vwap_reclaimed
2025-07-21,bullish,2025-07-21 12:01:00 +0530,25041.5,25037.1992,24894.5508,142.64839999999822,0.0,false,false,inside,4,Monday,69.90039999999863,53.400000000001455,true,false,,,,,20.32,-17.43,2025-07-21 12:30:00 +0530,29,31.38,0.291,37,100,0,,0,0.92,0.0451,0.0451,21.15,normal,mean_reverting,open_test_drive,none
2025-07-22,bearish,2025-07-22 09:36:00 +0530,25113.15,25182.0,25115.5996,66.40039999999863,0.0,false,false,inside,4,Tuesday,77.59920000000056,18.44999999999709,true,false,,,,,34.46,-23.05,2025-07-22 11:55:00 +0530,139,42.78,0.444,30,100,20,,0,21.36,0.6197,0.6197,8.5,normal,trending,open_test_drive,none
2025-07-23,bearish,2025-07-23 09:42:00 +0530,25101.85,25149.8496,25105.0508,44.79880000000048,0.0,false,false,inside,4,Wednesday,16.349999999998545,131.65000000000146,false,true,,,,,20.59,-36.97,2025-07-23 10:56:00 +0530,74,47.74,1.259,18,100,0,,0,6.89,0.3348,0.3348,7.65,normal,mean_reverting,open_test_drive,vwap_reclaimed
2025-07-23,bullish,2025-07-23 12:05:00 +0530,25152.4,25149.8496,25105.0508,44.79880000000048,0.0,false,false,inside,4,Wednesday,81.09999999999854,21.850000000002183,true,false,,,,,24.62,-42.43,2025-07-23 12:44:00 +0530,39,53.8,0.304,27,100,0,,0,-25.99,-1.0559,0.0,33.1,normal,mean_reverting,open_test_drive,none
2025-07-24,bearish,2025-07-24 09:49:00 +0530,25183.05,25246.25,25183.3496,62.900399999998626,0.0,false,false,inside,4,Thursday,164.35080000000016,0.0,true,false,,,,,243.41,-99.74,2025-07-24 12:06:00 +0530,137,99.92,1.481,48,100,100,9,64,9.04,0.0372,0.0372,45.35,normal,trending,open_auction,none
2025-07-25,bearish,2025-07-25 10:15:00 +0530,24903.2,25010.3496,24907.4492,102.90040000000226,0.0,false,false,inside,4,Friday,96.85039999999935,13.649999999997817,true,false,,,,,43.45,-3.57,2025-07-25 12:40:00 +0530,145,32.78,0.449,36,100,64,,0,7.45,0.1714,0.1714,36.25,normal,trending,open_auction,none
2025-07-28,bullish,2025-07-28 09:31:00 +0530,24803.7,24799.8008,24732.6992,67.10160000000178,0.0,false,false,inside,4,Monday,85.49919999999838,157.10039999999935,true,false,,,,,10.83,-27.56,2025-07-28 10:15:00 +0530,44,34.64,0.127,31,100,0,,0,1.33,0.1229,0.1229,13.2,normal,trending,failed_auction,none
2025-07-28,bearish,2025-07-28 12:52:00 +0530,24718.35,24799.8008,24732.6992,67.10160000000178,0.0,false,false,inside,4,Monday,71.75039999999717,28.30000000000291,true,false,,,,,17.68,-28.31,2025-07-28 14:12:00 +0530,80,39.08,0.246,30,100,0,,0,-14.74,-0.8338,0.0,34.75,normal,trending,failed_auction,none
2025-07-29,bullish,2025-07-29 09:55:00 +0530,24722.9,24712.1504,24598.5996,113.55079999999725,0.0,false,false,inside,4,Tuesday,124.25039999999717,108.60000000000218,true,false,,,,,3.63,-42.33,2025-07-29 10:47:00 +0530,52,44.35,0.029,24,100,0,,0,-13.53,-3.7283,0.0,21.75,normal,trending,opening_drive,none
2025-07-30,bearish,2025-07-30 10:29:00 +0530,24813.3,24892.0508,24813.9004,78.15040000000226,0.0,false,false,inside,4,Wednesday,41.35080000000016,89.00080000000162,false,true,,,,,31.85,-38.96,2025-07-30 10:32:00 +0530,3,53.7,0.77,39,100,0,,0,-7.41,-0.2328,0.0,25.95,normal,trending,open_auction,vwap_reclaimed
2025-07-31,bullish,2025-07-31 11:02:00 +0530,24745.4,24728.9492,24635.0,93.94919999999911,0.0,false,false,inside,4,Thursday,211.09999999999854,4.700000000000728,true,false,,,,,56.6,-99.13,2025-07-31 12:16:00 +0530,74,99.44,0.268,28,100,0,73,0,-11.01,-0.1946,0.0,31.0,normal,mean_reverting,open_auction,none
2025-08-01,bullish,2025-08-01 10:21:00 +0530,24765.85,24759.75,24679.3008,80.44919999999911,0.0,false,false,inside,4,Friday,18.30040000000008,230.79919999999765,false,true,,,,,10.66,-23.12,2025-08-01 11:18:00 +0530,57,30.52,0.582,18,100,0,,0,-13.31,-1.2486,0.0,40.7,normal,mean_reverting,open_auction,vwap_reclaimed
2025-08-01,bearish,2025-08-01 12:01:00 +0530,24656.7,24759.75,24679.3008,80.44919999999911,0.0,false,false,inside,4,Friday,121.64919999999984,41.0,true,false,,,,,18.09,-16.49,2025-08-01 13:25:00 +0530,84,29.28,0.149,33,100,0,,0,-0.9,-0.0498,0.0,27.4,normal,mean_reverting,open_auction,none
2025-08-04,bearish,2025-08-04 09:49:00 +0530,24563.95,24666.4004,24562.8496,103.55079999999725,0.0,false,false,inside,4,Monday,0.10000000000218279,172.29999999999927,false,true,,,,,23.89,-21.01,2025-08-04 10:04:00 +0530,15,33.75,238.931,43,100,0,,0,5.68,0.2378,0.2378,21.8,normal,trending,open_auction,vwap_reclaimed
2025-08-04,bullish,2025-08-04 12:01:00 +0530,24675.0,24666.4004,24562.8496,103.55079999999725,0.0,false,false,inside,4,Monday,61.25,30.900000000001455,true,false,,,,,3.31,-27.69,2025-08-04 13:27:00 +0530,86,30.0,0.054,31,100,0,,0,-17.18,-5.1979,0.0,29.75,normal,trending,open_auction,none
2025-08-05,bearish,2025-08-05 09:37:00 +0530,24655.55,24733.0996,24664.1992,68.90040000000226,0.0,false,false,inside,4,Tuesday,65.24919999999838,15.600000000002183,true,false,,,,,12.52,-32.59,2025-08-05 10:09:00 +0530,32,40.09,0.192,30,100,0,,0,-11.61,-0.927,0.0,26.4,normal,trending,open_test_drive,none
2025-08-06,bearish,2025-08-06 09:37:00 +0530,24631.7,24671.4004,24634.3496,37.05079999999725,0.0,false,false,inside,4,Wednesday,92.50080000000162,17.75,true,false,,,,,33.45,-31.73,2025-08-06 09:52:00 +0530,15,48.84,0.362,38,100,3,,0,-0.21,-0.0062,0.0,24.45,normal,mean_reverting,open_rejection_reverse,none
2025-08-07,bearish,2025-08-07 10:29:00 +0530,24456.95,24533.75,24460.0508,73.69919999999911,0.0,false,false,inside,4,Thursday,112.7996000000021,177.24919999999838,true,false,,,,,81.91,-90.74,2025-08-07 10:55:00 +0530,26,94.91,0.726,48,100,0,1,22,34.47,0.4209,0.4209,16.65,normal,mean_reverting,open_auction,none
2025-08-07,bullish,2025-08-07 14:51:00 +0530,24532.3,24533.75,24460.0508,73.69919999999911,0.0,false,false,inside,4,Thursday,101.89919999999984,14.899999999997817,true,false,,,,,272.69,-99.63,2025-08-07 14:55:00 +0530,4,99.9,2.676,75,100,100,3,2,-26.2,-0.0961,0.0,40.5,normal,mean_reverting,open_auction,none
2025-08-08,bearish,2025-08-08 09:34:00 +0530,24510.8,24585.5,24514.3496,71.15039999999863,0.0,false,false,inside,4,Friday,173.29999999999927,22.150000000001455,true,false,,,,,15.79,-16.83,2025-08-08 10:52:00 +0530,78,28.17,0.091,33,100,0,,0,8.33,0.5277,0.5277,8.95,normal,trending,open_test_drive,none
2025-08-11,bullish,2025-08-11 10:25:00 +0530,24433.85,24428.4004,24347.4492,80.95119999999952,0.0,false,false,inside,4,Monday,166.99960000000283,31.75,true,false,,,,,20.42,-33.89,2025-08-11 11:35:00 +0530,70,45.1,0.122,26,100,0,,0,2.85,0.1396,0.1396,22.5,normal,trending,open_auction,none
2025-08-12,bullish,2025-08-12 09:32:00 +0530,24634.9,24627.9004,24530.75,97.15039999999863,0.0,false,false,inside,4,Tuesday,67.69959999999992,169.24960000000283,true,false,,,,,56.41,-12.83,2025-08-12 10:31:00 +0530,59,44.27,0.833,39,100,61,58,0,3.86,0.0684,0.0684,46.3,normal,trending,open_test_drive,none
2025-08-12,bearish,2025-08-12 14:16:00 +0530,24529.15,24627.9004,24530.75,97.15039999999863,0.0,false,false,inside,4,Tuesday,63.49960000000283,33.14999999999782,true,false,,,,,7.26,-34.69,2025-08-12 14:18:00 +0530,2,39.11,0.114,49,100,0,,0,-25.1,-3.456,0.0,27.85,normal,trending,open_test_drive,none
2025-08-13,bullish,2025-08-13 09:59:00 +0530,24613.6,24599.5508,24543.1992,56.35160000000178,0.0,false,false,inside,4,Wednesday,50.950800000002346,74.69999999999709,true,false,,,,,23.44,-39.35,2025-08-13 10:26:00 +0530,27,50.87,0.46,31,100,0,,0,0.06,0.0024,0.0024,20.8,normal,trending,open_auction,none
2025-08-14,bullish,2025-08-14 09:46:00 +0530,24668.5,24664.3496,24604.5996,59.75,0.0,false,false,inside,4,Thursday,5.150399999998626,71.59960000000137,false,true,,,,,9.68,-99.92,2025-08-14 10:10:00 +0530,24,99.93,1.88,25,100,0,,0,-34.01,-3.5126,0.0,26.85,normal,mean_reverting,open_auction,vwap_reclaimed
2025-08-18,bullish,2025-08-18 09:31:00 +0530,24979.7,24968.8496,24884.3008,84.54880000000048,0.0,false,false,inside,4,Monday,42.29999999999927,126.85039999999935,false,true,,,,,16.86,-18.42,2025-08-18 09:50:00 +0530,19,30.19,0.398,20,100,0,,0,0.82,0.0485,0.0485,22.55,normal,mean_reverting,open_test_drive,vwap_reclaimed
2025-08-18,bearish,2025-08-18 12:14:00 +0530,24883.4,24968.8496,24884.3008,84.54880000000048,0.0,false,false,inside,4,Monday,30.55040000000008,75.84999999999854,false,true,,,,,3.85,-45.33,2025-08-18 12:15:00 +0530,1,47.36,0.126,26,100,0,,0,-12.02,-3.125,0.0,19.8,normal,mean_reverting,open_test_drive,vwap_reclaimed
2025-08-19,bearish,2025-08-19 09:44:00 +0530,24883.2,24936.4492,24886.9492,49.5,0.0,false,false,inside,4,Tuesday,9.250800000001618,129.4503999999979,false,true,,,,,4.31,-39.5,2025-08-19 09:45:00 +0530,1,42.0,0.466,35,100,0,,0,-17.09,-3.961,0.0,19.1,normal,trending,open_auction,vwap_reclaimed
2025-08-19,bullish,2025-08-19 12:01:00 +0530,24953.65,24936.4492,24886.9492,49.5,0.0,false,false,inside,4,Tuesday,59.00039999999717,34.25,true,false,,,,,9.04,-29.67,2025-08-19 12:14:00 +0530,13,35.5,0.153,33,100,0,,0,-0.59,-0.0652,0.0,9.8,normal,trending,open_auction,none
2025-08-20,bullish,2025-08-20 09:50:00 +0530,24985.75,24983.75,24932.1504,51.599600000001374,0.0,false,false,inside,4,Wednesday,102.94919999999911,38.400000000001455,true,false,,,,,2.81,-55.05,2025-08-20 11:15:00 +0530,85,56.28,0.027,21,100,0,,0,-32.09,-11.4082,0.0,30.4,normal,trending,open_auction,none
2025-08-21,bearish,2025-08-21 09:40:00 +0530,25056.85,25144.8496,25058.5996,86.25,0.0,false,false,inside,4,Thursday,1.9499999999970896,96.80040000000008,false,true,,,,,62.77,-99.86,2025-08-21 09:47:00 +0530,7,99.91,32.188,55,100,0,6,1,-23.68,-0.3773,0.0,30.3,normal,mean_reverting,trend_from_open,vwap_reclaimed
2025-08-21,bullish,2025-08-21 14:18:00 +0530,25148.25,25144.8496,25058.5996,86.25,0.0,false,false,inside,4,Thursday,0.09999999999854481,79.70000000000073,false,true,,,,,191.67,-99.62,2025-08-21 14:27:00 +0530,9,99.87,1916.667,55,100,71,8,10,-53.79,-0.2806,0.0,32.4,normal,mean_reverting,trend_from_open,vwap_reclaimed
2025-08-22,bearish,2025-08-22 09:31:00 +0530,24978.2,25084.8496,24985.4004,99.44920000000275,0.0,false,false,inside,4,Friday,119.0496000000021,7.450000000000728,true,false,,,,,15.98,-24.91,2025-08-22 09:52:00 +0530,21,35.26,0.134,34,100,0,,0,-8.36,-0.5234,0.0,27.65,normal,mean_reverting,trend_from_open,none
2025-08-25,bullish,2025-08-25 09:39:00 +0530,24964.0,24961.3496,24915.0,46.349600000001374,0.0,false,false,inside,4,Monday,57.55080000000089,69.65039999999863,true,false,,,,,10.62,-33.88,2025-08-25 10:02:00 +0530,23,40.23,0.185,30,100,0,,0,-2.34,-0.2198,0.0,14.15,normal,trending,open_rejection_reverse,none
2025-08-26,bearish,2025-08-26 09:31:00 +0530,24785.5,24919.6504,24796.5996,123.05079999999725,0.0,false,false,inside,4,Tuesday,95.90039999999863,52.79999999999927,true,false,,,,,12.24,-45.51,2025-08-26 09:49:00 +0530,18,51.45,0.128,26,100,0,,0,-14.19,-1.159,0.0,21.05,normal,mean_reverting,open_test_drive,none
2025-08-28,bearish,2025-08-28 09:34:00 +0530,24512.35,24702.6504,24514.3496,188.30079999999725,0.0,false,false,inside,4,Thursday,30.75039999999717,165.5500000000029,false,true,,,,,46.29,-99.89,2025-08-28 09:45:00 +0530,11,99.92,1.505,43,100,0,,0,-9.71,-0.2099,0.0,24.5,normal,trending,failed_auction,vwap_reclaimed
2025-08-29,bullish,2025-08-29 11:36:00 +0530,24565.55,24564.3496,24466.5996,97.75,0.0,false,false,inside,4,Friday,6.900000000001455,160.85080000000016,false,true,,,,,12.33,-30.3,2025-08-29 15:21:00 +0530,225,25.59,1.787,34,100,0,,0,-0.39,-0.0314,0.0,14.8,normal,mean_reverting,open_auction,vwap_reclaimed
2025-08-29,bearish,2025-08-29 14:39:00 +0530,24461.8,24564.3496,24466.5996,97.75,0.0,false,false,inside,4,Friday,57.10080000000016,29.049999999999272,true,false,,,,,24.19,-23.98,2025-08-29 14:57:00 +0530,18,38.79,0.424,39,100,0,,0,-2.66,-0.1098,0.0,18.7,normal,mean_reverting,open_auction,none
2025-09-01,bullish,2025-09-01 09:34:00 +0530,24534.95,24533.5508,24432.6992,100.85160000000178,0.0,false,false,inside,4,Monday,100.64960000000065,32.10000000000218,true,false,,,,,26.01,-43.99,2025-09-01 10:18:00 +0530,44,55.56,0.258,27,100,0,,0,-5.2,-0.2,0.0,24.3,normal,trending,open_auction,none
2025-09-02,bullish,2025-09-02 09:38:00 +0530,24689.4,24685.8496,24631.3496,54.5,0.0,false,false,inside,4,Tuesday,66.69959999999992,167.05040000000008,true,false,,,,,113.01,-99.84,2025-09-02 10:33:00 +0530,55,99.92,1.694,53,100,0,13,41,20.33,0.1799,0.1799,28.5,normal,trending,open_auction,none
2025-09-02,bearish,2025-09-02 13:55:00 +0530,24626.05,24685.8496,24631.3496,54.5,0.0,false,false,inside,4,Tuesday,103.7003999999979,0.0,true,false,,,,,67.01,-99.85,2025-09-02 14:10:00 +0530,15,99.91,0.646,55,100,0,14,0,-17.09,-0.255,0.0,28.3,normal,trending,open_auction,none
2025-09-03,bullish,2025-09-03 12:16:00 +0530,24631.7,24630.6992,24533.1992,97.5,0.0,false,false,inside,4,Wednesday,105.35080000000016,38.60000000000218,true,false,,,,,25.25,-14.99,2025-09-03 12:47:00 +0530,31,32.13,0.24,37,100,0,,0,0.54,0.0212,0.0212,30.0,normal,mean_reverting,open_test_drive,none
2025-09-04,bearish,2025-09-04 10:14:00 +0530,24842.0,24980.75,24847.25,133.5,0.0,false,false,inside,4,Thursday,133.8008000000009,35.0,true,false,,,,,8.22,-30.91,2025-09-04 10:47:00 +0530,33,36.16,0.061,29,100,0,,0,-7.56,-0.9195,0.0,16.7,normal,trending,open_auction,none
2025-09-05,bearish,2025-09-05 09:45:00 +0530,24778.3,24832.3496,24779.4004,52.94920000000275,0.0,false,false,inside,4,Friday,156.7003999999979,25.299999999999272,true,false,,,,,42.03,-30.31,2025-09-05 10:24:00 +0530,39,49.91,0.268,30,100,15,,0,-26.45,-0.6293,0.0,56.7,normal,trending,open_auction,none
2025-09-08,bullish,2025-09-08 09:38:00 +0530,24832.15,24831.3496,24758.5,72.84960000000137,0.0,false,false,inside,4,Monday,53.349999999998545,80.59920000000056,true,false,,,,,53.43,-21.98,2025-09-08 09:51:00 +0530,13,49.15,1.002,57,100,41,11,2,1.63,0.0306,0.0306,31.7,normal,mean_reverting,open_rejection_reverse,none
2025-09-08,bearish,2025-09-08 15:12:00 +0530,24752.2,24831.3496,24758.5,72.84960000000137,0.0,false,false,inside,4,Monday,0.649199999999837,48.599999999998545,false,true,,,,,33.33,-19.4,2025-09-08 15:17:00 +0530,5,39.55,51.345,60,100,25,,0,-6.97,-0.209,0.0,14.75,normal,mean_reverting,open_rejection_reverse,vwap_reclaimed
2025-09-09,bearish,2025-09-09 09:35:00 +0530,24837.95,24879.0508,24840.9004,38.150400000002264,0.0,false,false,inside,4,Tuesday,23.950000000000728,53.85080000000016,false,true,,,,,34.3,-99.89,2025-09-09 10:22:00 +0530,47,99.92,1.432,22,100,0,,0,-19.2,-0.5597,0.0,24.8,normal,mean_reverting,failed_auction,vwap_reclaimed
2025-09-09,bullish,2025-09-09 14:27:00 +0530,24885.55,24879.0508,24840.9004,38.150400000002264,0.0,false,false,inside,4,Tuesday,6.250800000001618,59.95000000000073,false,true,,,,,0.0,-99.86,2025-09-09 14:27:00 +0530,0,99.86,0.0,0,100,0,,0,-60.03,0.0,0.0,22.15,normal,mean_reverting,failed_auction,vwap_reclaimed
2025-09-10,bullish,2025-09-10 09:38:00 +0530,24992.1,24992.8008,24958.0996,34.70119999999952,0.0,false,false,inside,4,Wednesday,43.599200000000565,77.04919999999765,false,true,,,,,23.86,-14.21,2025-09-10 14:43:00 +0530,305,29.95,0.547,17,100,0,,0,5.41,0.2268,0.2268,24.55,normal,trending,open_rejection_reverse,vwap_reclaimed
2025-09-10,bearish,2025-09-10 13:16:00 +0530,24956.2,24992.8008,24958.0996,34.70119999999952,0.0,false,false,inside,4,Wednesday,41.14919999999984,31.700000000000728,false,true,,,,,9.65,-23.59,2025-09-10 15:11:00 +0530,115,6.94,0.235,25,100,0,,0,-3.22,-0.3333,0.0,12.0,normal,trending,open_rejection_reverse,vwap_reclaimed
2025-09-11,bullish,2025-09-11 12:33:00 +0530,25011.15,25008.9492,24940.1504,68.79880000000048,0.0,false,false,inside,4,Thursday,26.150799999999435,24.25,false,true,,,,,3.35,-26.95,2025-09-11 13:52:00 +0530,79,29.32,0.128,12,100,0,,0,-0.28,-0.0843,0.0,4.5,normal,mean_reverting,trend_from_open,vwap_reclaimed
2025-09-12,bullish,2025-09-12 10:54:00 +0530,25089.8,25089.75,25038.0508,51.69919999999911,0.0,false,false,inside,4,Friday,49.64919999999984,11.149999999997817,false,true,,,,,19.81,-19.64,2025-09-12 12:05:00 +0530,71,32.92,0.399,15,100,0,,0,-3.18,-0.1605,0.0,20.25,normal,mean_reverting,open_auction,vwap_reclaimed
2025-09-15,bearish,2025-09-15 09:39:00 +0530,25082.8,25138.4492,25085.25,53.19919999999911,0.0,false,false,inside,4,Monday,34.04999999999927,35.54999999999927,false,true,,,,,6.73,-56.73,2025-09-15 10:07:00 +0530,28,59.46,0.198,4,100,0,,0,-3.45,-0.5122,0.0,6.2,normal,mean_reverting,failed_auction,vwap_reclaimed
2025-09-16,bullish,2025-09-16 09:34:00 +0530,25127.75,25122.0,25070.4492,51.55080000000089,0.0,false,false,inside,4,Tuesday,133.65039999999863,2.650000000001455,true,false,,,,,144.92,-99.82,2025-09-16 10:09:00 +0530,35,99.92,1.084,58,100,14,5,142,74.31,0.5128,0.5128,19.1,normal,mean_reverting,open_auction,none
2025-09-17,bullish,2025-09-17 09:37:00 +0530,25329.4,25324.3496,25275.3496,49.0,0.0,false,false,inside,4,Wednesday,17.099999999998545,49.55000000000291,false,true,,,,,26.92,-5.73,2025-09-17 15:23:00 +0530,346,20.73,1.574,34,100,15,,0,2.46,0.0915,0.0915,30.3,normal,trending,open_auction,vwap_reclaimed
2025-09-18,bearish,2025-09-18 12:38:00 +0530,25386.85,25448.9492,25393.8008,55.14839999999822,0.0,false,false,inside,4,Thursday,57.099999999998545,49.900000000001455,true,false,,,,,15.55,-29.37,2025-09-18 13:32:00 +0530,54,38.88,0.272,31,100,0,,0,-14.4,-0.9259,0.0,20.8,normal,mean_reverting,open_auction,none
2025-09-19,bearish,2025-09-19 09:32:00 +0530,25353.7,25428.75,25356.75,72.0,0.0,false,false,inside,4,Friday,67.39919999999984,6.700000000000728,true,false,,,,,36.59,-37.78,2025-09-19 09:38:00 +0530,6,54.45,0.543,57,100,0,,0,1.49,0.0407,0.0407,23.55,normal,mean_reverting,open_test_drive,none
2025-09-22,bullish,2025-09-22 09:32:00 +0530,25298.7,25290.9004,25211.5996,79.30079999999725,0.0,false,false,inside,4,Monday,32.99919999999838,147.64919999999984,false,true,,,,,47.14,-25.29,2025-09-22 14:48:00 +0530,316,39.32,1.429,23,100,33,,0,18.71,0.397,0.397,19.9,normal,mean_reverting,open_test_drive,vwap_reclaimed
2025-09-22,bearish,2025-09-22 14:38:00 +0530,25212.6,25290.9004,25211.5996,79.30079999999725,0.0,false,false,inside,4,Monday,61.549199999997654,9.30000000000291,true,false,,,,,69.88,-2.93,2025-09-22 14:45:00 +0530,7,41.84,1.135,68,100,93,4,6,20.48,0.2931,0.2931,14.35,normal,mean_reverting,open_test_drive,none
2025-09-23,bearish,2025-09-23 09:31:00 +0530,25172.95,25250.8496,25185.0,65.84960000000137,0.0,false,false,inside,4,Tuesday,88.2996000000021,88.9503999999979,true,false,,,,,133.33,-99.81,2025-09-23 09:48:00 +0530,17,99.92,1.51,68,100,0,8,62,79.92,0.5994,0.5994,13.7,normal,mean_reverting,open_test_drive,none
2025-09-23,bullish,2025-09-23 14:08:00 +0530,25260.9,25250.8496,25185.0,65.84960000000137,0.0,false,false,inside,4,Tuesday,1.000399999997171,109.95000000000073,false,true,,,,,45.09,-99.86,2025-09-23 14:14:00 +0530,6,99.9,45.072,55,100,0,,0,-6.36,-0.1411,0.0,18.6,normal,mean_reverting,open_test_drive,vwap_reclaimed
2025-09-24,bearish,2025-09-24 09:31:00 +0530,25056.2,25149.8496,25061.5,88.34960000000137,0.0,false,false,inside,4,Wednesday,28.750800000001618,85.84999999999854,false,true,,,,,4.39,-35.8,2025-09-24 09:37:00 +0530,6,38.5,0.153,12,100,0,,0,-17.32,-3.9444,0.0,22.25,normal,mean_reverting,open_test_drive,vwap_reclaimed
2025-09-25,bearish,2025-09-25 10:47:00 +0530,25001.45,25092.6992,25003.9004,88.79880000000048,0.0,false,false,inside,4,Thursday,123.14919999999984,43.45000000000073,true,false,,,,,24.25,-28.47,2025-09-25 12:10:00 +0530,83,42.43,0.197,28,100,0,,0,-2.66,-0.1096,0.0,20.75,normal,mean_reverting,open_rejection_reverse,none
2025-09-26,bearish,2025-09-26 09:31:00 +0530,24776.65,24868.5996,24785.1504,83.44920000000275,0.0,false,false,inside,4,Friday,147.20080000000235,49.54999999999927,true,false,,,,,19.52,-29.35,2025-09-26 14:24:00 +0530,293,30.39,0.133,32,100,0,,0,-20.32,-1.0408,0.0,30.0,normal,trending,open_test_drive,none
2025-09-29,bullish,2025-09-29 09:44:00 +0530,24746.2,24743.75,24668.1504,75.59960000000137,0.0,false,false,inside,4,Monday,45.10080000000016,140.00080000000162,false,true,,,,,39.84,-49.84,2025-09-29 11:37:00 +0530,113,64.13,0.883,13,100,0,,0,11.85,0.2974,0.2974,25.75,normal,trending,open_rejection_reverse,vwap_reclaimed
2025-09-29,bearish,2025-09-29 12:01:00 +0530,24665.9,24743.75,24668.1504,75.59960000000137,0.0,false,false,inside,4,Monday,59.700800000002346,80.0,true,false,,,,,47.84,-28.93,2025-09-29 13:04:00 +0530,63,51.93,0.801,34,100,23,,0,4.44,0.0927,0.0927,20.55,normal,trending,open_rejection_reverse,none
2025-09-30,bearish,2025-09-30 09:31:00 +0530,24656.2,24731.8008,24668.0996,63.70119999999952,0.0,false,false,inside,4,Tuesday,68.50080000000162,31.5,true,false,,,,,66.3,-99.88,2025-09-30 10:01:00 +0530,30,99.93,0.968,45,100,0,1,0,7.49,0.1129,0.1129,24.35,normal,mean_reverting,open_test_drive,none
2025-10-01,bullish,2025-10-01 09:34:00 +0530,24661.85,24661.8496,24605.9492,55.900400000002264,0.0,false,false,inside,4,Wednesday,206.09920000000056,44.14999999999782,true,false,,,,,11.66,-28.64,2025-10-01 12:24:00 +0530,170,36.09,0.057,28,100,0,,0,-13.82,-1.186,0.0,35.85,normal,mean_reverting,open_auction,none
2025-10-03,bullish,2025-10-03 14:37:00 +0530,24857.35,24855.6992,24747.5508,108.14839999999822,0.0,false,false,inside,4,Friday,47.450800000002346,0.0,false,true,,,,,12.98,-26.63,2025-10-03 14:49:00 +0530,12,32.71,0.274,18,100,0,,0,-22.1,-1.7021,0.0,31.75,normal,trending,open_auction,vwap_reclaimed
2025-10-06,bearish,2025-10-06 09:31:00 +0530,24887.0,24943.0508,24897.8496,45.20119999999952,0.0,false,false,inside,4,Monday,0.5999999999985448,208.9491999999991,false,true,,,,,32.23,-50.99,2025-10-06 09:38:00 +0530,7,62.93,53.71,53,100,0,,0,-4.49,-0.1393,0.0,20.45,normal,trending,failed_auction,vwap_reclaimed
2025-10-06,bullish,2025-10-06 12:01:00 +0530,24992.0,24943.0508,24897.8496,45.20119999999952,0.0,false,false,inside,4,Monday,103.94919999999911,1.75,true,false,,,,,42.65,-32.54,2025-10-06 13:47:00 +0530,106,52.71,0.41,27,100,11,,0,1.58,0.037,0.037,26.0,normal,trending,failed_auction,none
2025-10-07,bullish,2025-10-07 09:41:00 +0530,25141.4,25139.6992,25076.3008,63.39839999999822,0.0,false,false,inside,4,Tuesday,79.50039999999717,55.5,true,false,,,,,97.57,-98.65,2025-10-07 10:31:00 +0530,50,99.32,1.227,46,100,0,6,22,9.85,0.101,0.101,32.5,normal,trending,open_auction,none
2025-10-08,bullish,2025-10-08 09:32:00 +0530,25180.5,25179.0508,25078.0,101.05080000000089,0.0,false,false,inside,4,Wednesday,12.0,172.0,false,true,,,,,1.95,-39.55,2025-10-08 09:33:00 +0530,1,40.7,0.163,18,100,0,,0,-19.81,-10.1579,0.0,31.8,normal,mean_reverting,trend_from_open,vwap_reclaimed
2025-10-08,bearish,2025-10-08 12:01:00 +0530,25047.05,25179.0508,25078.0,101.05080000000089,0.0,false,false,inside,4,Wednesday,38.54999999999927,87.29999999999927,false,true,,,,,15.78,-31.16,2025-10-08 14:54:00 +0530,173,36.76,0.409,12,100,0,,0,-0.55,-0.0347,0.0,16.4,normal,mean_reverting,trend_from_open,vwap_reclaimed
2025-10-09,bullish,2025-10-09 09:31:00 +0530,25115.25,25111.5,25039.0996,72.40039999999863,0.0,false,false,inside,4,Thursday,84.0,90.95000000000073,true,false,,,,,28.08,-25.32,2025-10-09 12:40:00 +0530,189,41.69,0.334,29,100,0,,0,-11.37,-0.4051,0.0,44.4,normal,trending,failed_auction,none
2025-10-10,bullish,2025-10-10 09:32:00 +0530,25248.9,25242.0508,25156.8496,85.20119999999952,0.0,false,false,inside,4,Friday,81.84999999999854,13.400000000001455,true,false,,,,,35.19,-16.15,2025-10-10 10:36:00 +0530,64,34.74,0.43,36,100,34,,0,2.64,0.0751,0.0751,33.85,normal,trending,trend_from_open,none
2025-10-13,bearish,2025-10-13 09:32:00 +0530,25165.1,25241.9492,25175.8008,66.14839999999822,0.0,false,false,inside,4,Monday,12.799199999997654,102.20080000000235,false,true,,,,,35.42,-41.61,2025-10-13 09:46:00 +0530,14,56.88,2.767,40,100,0,,0,-1.79,-0.0505,0.0,24.95,normal,mean_reverting,failed_auction,vwap_reclaimed
2025-10-13,bullish,2025-10-13 14:27:00 +0530,25251.9,25241.9492,25175.8008,66.14839999999822,0.0,false,false,inside,4,Monday,15.400799999999435,36.650000000001455,false,true,,,,,23.97,-23.58,2025-10-13 15:13:00 +0530,46,36.13,1.556,29,100,0,,0,4.13,0.1725,0.1725,12.95,normal,mean_reverting,failed_auction,vwap_reclaimed
2025-10-14,bearish,2025-10-14 09:40:00 +0530,25249.45,25310.35,25255.4,54.94999999999709,0.0,false,false,inside,4,Tuesday,188.90000000000146,14.349999999998545,true,false,,,,,64.29,-99.88,2025-10-14 10:22:00 +0530,42,99.93,0.34,33,100,0,21,3,-15.75,-0.245,0.0,34.3,normal,mean_reverting,open_test_drive,none
2025-10-15,bullish,2025-10-15 09:31:00 +0530,25262.45,25257.25,25159.35,97.90000000000146,0.0,false,false,inside,4,Wednesday,102.70000000000073,53.35000000000218,true,false,,,,,6.53,-27.29,2025-10-15 11:29:00 +0530,118,31.75,0.064,30,100,0,,0,-18.51,-2.8364,0.0,41.05,normal,mean_reverting,open_test_drive,none
2025-10-16,bullish,2025-10-16 09:32:00 +0530,25435.35,25430.3008,25376.8496,53.45119999999952,0.0,false,false,inside,4,Thursday,190.05040000000008,23.349999999998545,true,false,,,,,22.75,-98.99,2025-10-16 09:39:00 +0530,7,99.17,0.12,41,100,0,,0,-6.53,-0.2868,0.0,33.2,normal,trending,opening_drive,none
2025-10-17,bullish,2025-10-17 09:34:00 +0530,25606.55,25604.6504,25508.5996,96.05079999999725,0.0,false,false,inside,4,Friday,174.95000000000073,44.0,true,false,,,,,28.75,-32.14,2025-10-17 11:34:00 +0530,120,47.3,0.164,25,100,0,,0,4.19,0.1457,0.1457,26.1,normal,mean_reverting,open_test_drive,none
2025-10-20,bearish,2025-10-20 09:47:00 +0530,25805.05,25926.1992,25809.5996,116.59959999999774,0.0,false,false,inside,4,Monday,13.5,105.20000000000073,false,true,,,,,9.74,-99.45,2025-10-20 10:04:00 +0530,17,99.5,0.721,12,100,0,,0,-12.07,-1.2394,0.0,15.9,normal,mean_reverting,open_auction,vwap_reclaimed
2025-10-21,bearish,2025-10-21 14:31:00 +0530,25860.15,25934.3496,25873.5508,60.79880000000048,0.0,false,false,inside,4,Tuesday,33.849200000000565,12.19999999999709,false,true,,,,,13.18,-7.5,2025-10-21 14:44:00 +0530,13,3.33,0.389,34,75,3,,0,-1.07,-0.0813,0.0,15.3,normal,mean_reverting,open_auction,vwap_reclaimed
2025-10-23,bullish,2025-10-23 09:32:00 +0530,26069.3,26066.9004,25991.6992,75.20119999999952,0.0,false,false,inside,4,Thursday,34.89919999999984,206.85080000000016,false,true,,,,,2.5,-32.29,2025-10-23 09:33:00 +0530,1,33.94,0.072,24,100,0,,0,-13.75,-5.5,0.0,31.2,normal,trending,open_rejection_reverse,vwap_reclaimed
2025-10-23,bearish,2025-10-23 13:59:00 +0530,25992.7,26066.9004,25991.6992,75.20119999999952,0.0,false,false,inside,4,Thursday,130.25080000000162,4.149999999997817,true,false,,,,,10.03,-28.6,2025-10-23 14:05:00 +0530,6,35.11,0.077,38,100,0,,0,-14.53,-1.4489,0.0,21.55,normal,trending,open_rejection_reverse,none
2025-10-24,bearish,2025-10-24 10:20:00 +0530,25834.9,25944.1504,25840.3008,103.84959999999774,0.0,false,false,inside,4,Friday,116.70080000000235,39.79999999999927,true,false,,,,,20.21,-34.75,2025-10-24 13:50:00 +0530,210,39.13,0.173,28,100,0,,0,-15.85,-0.7844,0.0,34.35,normal,trending,open_auction,none
2025-10-27,bullish,2025-10-27 09:33:00 +0530,25891.85,25891.5,25827.0,64.5,0.0,false,false,inside,4,Monday,114.09920000000056,7.149999999997817,true,false,,,,,34.94,-34.9,2025-10-27 10:25:00 +0530,52,51.75,0.306,28,100,0,,0,-0.49,-0.0141,0.0,39.65,normal,mean_reverting,open_test_drive,none
2025-10-28,bullish,2025-10-28 09:33:00 +0530,26015.45,26005.8496,25929.6504,76.19920000000275,0.0,false,false,inside,4,Tuesday,26.249199999998382,205.39919999999984,false,true,,,,,51.78,-99.93,2025-10-28 09:43:00 +0530,10,99.95,1.973,54,100,0,5,0,3.57,0.0689,0.0689,32.45,normal,trending,open_test_drive,vwap_reclaimed
2025-10-28,bearish,2025-10-28 12:01:00 +0530,25851.45,26005.8496,25929.6504,76.19920000000275,0.0,false,false,inside,4,Tuesday,41.39919999999984,116.70000000000073,false,true,,,,,46.97,-97.49,2025-10-28 12:06:00 +0530,5,98.29,1.134,44,100,0,,0,36.15,0.7697,0.7697,4.1,normal,trending,open_test_drive,vwap_reclaimed
2025-10-29,bearish,2025-10-29 09:40:00 +0530,25965.7,26022.8496,25966.0,56.849600000001374,0.0,false,false,inside,4,Wednesday,5.399199999999837,132.14999999999782,false,true,,,,,19.78,-19.39,2025-10-29 09:51:00 +0530,11,32.7,3.664,44,100,0,,0,3.24,0.1637,0.1637,18.9,normal,mean_reverting,failed_auction,vwap_reclaimed
2025-10-29,bullish,2025-10-29 12:01:00 +0530,26035.9,26022.8496,25966.0,56.849600000001374,0.0,false,false,inside,4,Wednesday,61.94999999999709,20.600000000002183,true,false,,,,,17.03,-15.32,2025-10-29 12:31:00 +0530,30,27.64,0.275,38,100,0,,0,5.65,0.3317,0.3317,21.05,normal,mean_reverting,failed_auction,none
2025-10-30,bearish,2025-10-30 09:32:00 +0530,25958.4,26032.0508,25963.8496,68.20119999999952,0.0,false,false,inside,4,Thursday,113.15000000000146,16.599999999998545,true,false,,,,,22.57,-26.4,2025-10-30 09:49:00 +0530,17,39.95,0.199,35,100,0,,0,-1.29,-0.0571,0.0,27.75,normal,mean_reverting,open_test_drive,none
2025-10-31,bullish,2025-10-31 09:33:00 +0530,25931.25,25927.8,25822.1,105.70000000000073,0.0,false,false,inside,4,Friday,22.5,220.04999999999927,false,true,,,,,27.9,-23.4,2025-10-31 15:25:00 +0530,352,21.75,1.24,29,100,0,,0,-1.84,-0.0659,0.0,39.65,normal,mean_reverting,open_test_drive,vwap_reclaimed
2025-10-31,bearish,2025-10-31 12:01:00 +0530,25819.85,25927.8,25822.1,105.70000000000073,0.0,false,false,inside,4,Friday,108.64999999999782,14.900000000001455,true,false,,,,,29.44,-36.65,2025-10-31 12:11:00 +0530,10,51.06,0.271,41,100,0,,0,-0.26,-0.0087,0.0,23.25,normal,mean_reverting,open_test_drive,none
2025-11-03,bearish,2025-11-03 09:31:00 +0530,25657.4,25738.75,25659.2,79.54999999999927,0.0,false,false,inside,4,Monday,11.900000000001455,145.6999999999971,false,true,,,,,30.58,-27.16,2025-11-03 09:35:00 +0530,4,44.22,2.57,58,100,8,,0,13.32,0.4355,0.4355,11.6,normal,trending,open_rejection_reverse,vwap_reclaimed
2025-11-03,bullish,2025-11-03 12:48:00 +0530,25742.15,25738.75,25659.2,79.54999999999927,0.0,false,false,inside,4,Monday,60.94999999999709,15.200000000000728,true,false,,,,,22.88,-23.23,2025-11-03 14:01:00 +0530,73,37.52,0.375,33,100,0,,0,0.53,0.0232,0.0232,18.95,normal,trending,open_rejection_reverse,none
2025-11-04,bearish,2025-11-04 09:31:00 +0530,25708.3,25787.4,25722.4,65.0,0.0,false,false,inside,4,Tuesday,129.89999999999782,13.950000000000728,true,false,,,,,19.6,-97.24,2025-11-04 09:35:00 +0530,4,97.69,0.151,51,100,0,,0,-4.88,-0.2488,0.0,13.3,normal,trending,open_rejection_reverse,none
2025-11-06,bearish,2025-11-06 10:10:00 +0530,25571.2,25679.15,25587.2,91.95000000000073,0.0,false,false,inside,4,Thursday,79.65000000000146,45.64999999999782,true,false,,,,,14.33,-27.01,2025-11-06 10:37:00 +0530,27,36.16,0.18,32,100,0,,0,5.98,0.4172,0.4172,8.8,normal,trending,open_auction,none
2025-11-07,bearish,2025-11-07 09:35:00 +0530,25320.2,25447.1,25325.15,121.94999999999709,0.0,false,false,inside,4,Friday,1.75,231.04999999999927,false,true,,,,,42.88,-17.04,2025-11-07 13:26:00 +0530,231,41.93,24.5,30,100,39,,0,-3.36,-0.0783,0.0,36.5,normal,trending,open_test_drive,vwap_reclaimed
2025-11-07,bullish,2025-11-07 12:03:00 +0530,25448.65,25447.1,25325.15,121.94999999999709,0.0,false,false,inside,4,Friday,102.59999999999854,10.650000000001455,true,false,,,,,18.76,-31.92,2025-11-07 13:50:00 +0530,107,35.35,0.183,31,100,0,,0,-1.41,-0.0751,0.0,20.75,normal,trending,open_test_drive,none
2025-11-10,bullish,2025-11-10 09:52:00 +0530,25591.75,25591.45,25503.5,87.95000000000073,0.0,false,false,inside,4,Monday,61.70000000000073,39.45000000000073,true,false,,,,,37.79,-29.31,2025-11-10 15:16:00 +0530,324,8.05,0.613,49,100,28,,0,-7.44,-0.1969,0.0,34.65,normal,trending,open_auction,none
2025-11-11,bearish,2025-11-11 09:34:00 +0530,25503.1,25637.6,25513.35,124.25,0.0,false,false,inside,4,Tuesday,53.849999999998545,212.70000000000073,true,false,,,,,54.22,-99.54,2025-11-11 09:44:00 +0530,10,99.7,1.007,62,100,0,9,0,-8.22,-0.1516,0.0,27.35,normal,mean_reverting,open_test_drive,none
2025-11-11,bullish,2025-11-11 13:39:00 +0530,25641.55,25637.6,25513.35,124.25,0.0,false,false,inside,4,Tuesday,74.25,19.299999999999272,true,false,,,,,76.82,-99.8,2025-11-11 13:50:00 +0530,11,99.89,1.035,62,100,0,9,6,69.55,0.9054,0.9054,1.85,normal,mean_reverting,open_test_drive,none
2025-11-12,bearish,2025-11-12 09:31:00 +0530,25791.45,25850.2,25791.1,59.10000000000218,0.0,false,false,inside,4,Wednesday,10.299999999999272,143.09999999999854,false,true,,,,,16.86,-16.15,2025-11-12 09:41:00 +0530,10,28.25,1.637,41,100,0,,0,3.08,0.1828,0.1828,15.65,normal,trending,failed_auction,vwap_reclaimed
2025-11-12,bullish,2025-11-12 12:01:00 +0530,25888.2,25850.2,25791.1,59.10000000000218,0.0,false,false,inside,4,Wednesday,46.349999999998545,34.650000000001455,false,true,,,,,23.0,-7.15,2025-11-12 15:18:00 +0530,197,4.07,0.496,30,100,15,,0,4.84,0.2102,0.2102,27.05,normal,trending,failed_auction,vwap_reclaimed
2025-11-13,bullish,2025-11-13 10:25:00 +0530,25912.15,25906.8,25808.4,98.39999999999782,0.0,false,false,inside,4,Thursday,98.54999999999927,46.05000000000291,true,false,,,,,15.38,-19.2,2025-11-13 15:19:00 +0530,294,19.55,0.156,37,100,0,,0,0.0,0.0,0.0,23.35,normal,mean_reverting,open_auction,none
2025-11-14,bullish,2025-11-14 09:31:00 +0530,25827.5,25826.75,25766.3,60.45000000000073,0.0,false,false,inside,4,Friday,112.70000000000073,86.70000000000073,true,false,,,,,19.14,-39.09,2025-11-14 09:35:00 +0530,4,48.88,0.17,51,100,0,,0,2.41,0.1257,0.1257,24.7,normal,mean_reverting,open_auction,none
2025-11-14,bearish,2025-11-14 13:45:00 +0530,25758.25,25826.75,25766.3,60.45000000000073,0.0,false,false,inside,4,Friday,17.450000000000728,181.95000000000073,false,true,,,,,25.56,-28.11,2025-11-14 15:00:00 +0530,75,33.32,1.465,28,100,0,,0,-8.52,-0.3333,0.0,33.4,normal,mean_reverting,open_auction,vwap_reclaimed
2025-11-17,bullish,2025-11-17 09:31:00 +0530,25976.2,25975.65,25906.35,69.30000000000291,0.0,false,false,inside,4,Monday,48.0,61.10000000000218,false,true,,,,,3.76,-45.97,2025-11-17 09:33:00 +0530,2,47.93,0.078,13,100,0,,0,-0.91,-0.241,0.0,5.15,normal,trending,open_rejection_reverse,vwap_reclaimed
2025-11-18,bearish,2025-11-18 09:50:00 +0530,25926.55,26029.85,25930.15,99.69999999999709,0.0,false,false,inside,4,Tuesday,50.04999999999927,70.60000000000218,true,false,,,,,41.53,-99.89,2025-11-18 10:00:00 +0530,10,99.92,0.83,55,100,0,,0,-5.61,-0.1351,0.0,21.85,normal,trending,open_auction,none
2025-11-19,bullish,2025-11-19 10:08:00 +0530,25934.7,25933.65,25856.2,77.45000000000073,0.0,false,false,inside,4,Wednesday,139.95000000000073,16.900000000001455,true,false,,,,,20.15,-9.04,2025-11-19 12:51:00 +0530,163,19.67,0.144,38,100,3,,0,12.45,0.6179,0.6179,11.5,normal,trending,open_auction,none
2025-11-20,bearish,2025-11-20 09:44:00 +0530,26077.1,26136.0,26080.5,55.5,0.0,false,false,inside,4,Thursday,13.899999999997817,169.5500000000029,false,true,,,,,5.27,-31.75,2025-11-20 09:45:00 +0530,1,35.16,0.379,42,100,0,,0,-15.0,-2.8472,0.0,27.7,normal,trending,open_auction,vwap_reclaimed
2025-11-20,bullish,2025-11-20 12:01:00 +0530,26150.35,26136.0,26080.5,55.5,0.0,false,false,inside,4,Thursday,96.30000000000291,15.0,true,false,,,,,22.35,-16.75,2025-11-20 13:54:00 +0530,113,24.51,0.232,37,100,0,,0,-2.27,-0.1015,0.0,32.55,normal,trending,open_auction,none
2025-11-21,bullish,2025-11-21 09:33:00 +0530,26172.95,26169.95,26094.45,75.5,0.0,false,false,inside,4,Friday,6.25,120.75,false,true,,,,,8.18,-29.66,2025-11-21 11:42:00 +0530,129,34.98,1.309,24,100,0,,0,-7.91,-0.9671,0.0,20.95,normal,mean_reverting,trend_from_open,vwap_reclaimed
2025-11-21,bearish,2025-11-21 12:01:00 +0530,26087.05,26169.95,26094.45,75.5,0.0,false,false,inside,4,Friday,34.849999999998545,92.15000000000146,false,true,,,,,17.82,-17.42,2025-11-21 15:06:00 +0530,185,27.26,0.511,18,100,0,,0,-1.56,-0.0876,0.0,19.25,normal,mean_reverting,trend_from_open,vwap_reclaimed
2025-11-24,bearish,2025-11-24 09:36:00 +0530,26081.9,26137.55,26082.3,55.25,0.0,false,false,inside,4,Monday,169.75,60.89999999999782,true,false,,,,,11.76,-51.59,2025-11-24 09:47:00 +0530,11,56.68,0.069,27,100,0,,0,-21.22,-1.8042,0.0,26.5,normal,trending,open_test_drive,none
2025-11-25,bullish,2025-11-25 10:11:00 +0530,26008.9,26005.45,25924.15,81.29999999999927,0.0,false,false,inside,4,Tuesday,23.69999999999709,151.40000000000146,false,true,,,,,8.26,-99.93,2025-11-25 10:14:00 +0530,3,99.93,0.349,21,100,0,,0,-9.05,-1.0948,0.0,12.15,normal,trending,open_auction,vwap_reclaimed
2025-11-25,bearish,2025-11-25 14:55:00 +0530,25921.15,26005.45,25924.15,81.29999999999927,0.0,false,false,inside,4,Tuesday,63.650000000001455,11.44999999999709,true,false,,,,,0.0,-99.88,2025-11-25 14:55:00 +0530,0,99.88,0.0,20,100,0,,0,-57.23,0.0,0.0,24.15,normal,trending,open_auction,none
2025-11-26,bullish,2025-11-26 09:31:00 +0530,25991.5,25983.9,25842.95,140.95000000000073,0.0,false,false,inside,4,Wednesday,223.65000000000146,4.349999999998545,true,false,,,,,30.29,-16.37,2025-11-26 09:52:00 +0530,21,35.81,0.135,37,100,27,,0,7.4,0.2442,0.2442,35.6,normal,trending,open_auction,none
2025-11-27,bullish,2025-11-27 10:08:00 +0530,26299.45,26295.55,26208.9,86.64999999999782,0.0,false,false,inside,4,Thursday,11.0,157.54999999999927,false,true,,,,,18.86,-19.93,2025-11-27 10:30:00 +0530,22,32.63,1.714,34,100,0,,0,-3.99,-0.2118,0.0,29.75,normal,trending,open_rejection_reverse,vwap_reclaimed
2025-11-27,bearish,2025-11-27 13:12:00 +0530,26198.15,26295.55,26208.9,86.64999999999782,0.0,false,false,inside,4,Thursday,56.25,36.04999999999927,true,false,,,,,10.79,-27.52,2025-11-27 13:16:00 +0530,4,34.58,0.192,46,100,0,,0,-8.7,-0.8058,0.0,21.85,normal,trending,open_rejection_reverse,none
2025-11-28,bullish,2025-11-28 09:35:00 +0530,26252.45,26251.75,26172.4,79.34999999999854,0.0,false,false,inside,4,Friday,28.299999999999272,60.54999999999927,false,true,,,,,26.19,-24.2,2025-11-28 09:37:00 +0530,2,39.93,0.925,46,100,0,,0,-3.17,-0.1211,0.0,32.4,normal,mean_reverting,failed_auction,vwap_reclaimed
2025-12-01,bearish,2025-12-01 10:00:00 +0530,26264.45,26325.8,26270.35,55.45000000000073,0.0,false,false,inside,4,Monday,140.25,26.399999999997817,true,false,,,,,6.59,-44.05,2025-12-01 12:23:00 +0530,143,47.51,0.047,22,100,0,,0,-30.24,-4.5922,0.0,28.8,normal,mean_reverting,open_auction,none
2025-12-02,bearish,2025-12-02 09:50:00 +0530,26071.85,26154.6,26077.45,77.14999999999782,0.0,false,false,inside,4,Tuesday,74.0,28.650000000001455,true,false,,,,,63.27,-99.32,2025-12-02 09:54:00 +0530,4,99.58,0.855,60,100,0,3,5,-5.99,-0.0946,0.0,25.45,normal,mean_reverting,open_auction,none
2025-12-03,bearish,2025-12-03 09:34:00 +0530,25947.35,26066.45,25954.35,112.10000000000218,0.0,false,false,inside,4,Wednesday,56.349999999998545,58.20000000000073,true,false,,,,,6.21,-28.5,2025-12-03 09:37:00 +0530,3,32.68,0.11,42,100,0,,0,-14.41,-2.3203,0.0,25.4,normal,mean_reverting,open_test_drive,none
2025-12-04,bullish,2025-12-04 09:31:00 +0530,25997.0,25996.85,25938.95,57.89999999999782,0.0,false,false,inside,4,Thursday,101.25,34.599999999998545,true,false,,,,,13.02,-21.32,2025-12-04 09:47:00 +0530,16,30.38,0.129,36,100,0,,0,-11.9,-0.9137,0.0,32.15,normal,mean_reverting,open_test_drive,none
2025-12-05,bullish,2025-12-05 10:05:00 +0530,26086.0,26061.95,25985.35,76.60000000000218,0.0,false,false,inside,4,Friday,116.59999999999854,78.75,true,false,,,,,20.11,-34.24,2025-12-05 10:28:00 +0530,23,45.25,0.172,30,100,0,,0,-7.59,-0.3776,0.0,32.65,normal,mean_reverting,open_test_drive,none
2025-12-08,bearish,2025-12-08 09:36:00 +0530,26116.3,26178.7,26127.25,51.45000000000073,0.0,false,false,inside,4,Monday,224.04999999999927,19.200000000000728,true,false,,,,,61.92,-27.28,2025-12-08 15:10:00 +0530,334,36.55,0.276,31,100,49,272,6,6.58,0.1062,0.1062,28.2,normal,trending,failed_auction,none
2025-12-09,bearish,2025-12-09 09:31:00 +0530,25773.2,25890.95,25797.05,93.90000000000146,0.0,false,false,inside,4,Tuesday,45.20000000000073,150.45000000000073,false,true,,,,,78.61,-87.47,2025-12-09 10:18:00 +0530,47,92.98,1.739,31,100,0,22,0,10.99,0.1398,0.1398,28.6,normal,trending,trend_from_open,vwap_reclaimed
2025-12-09,bullish,2025-12-09 12:08:00 +0530,25894.1,25890.95,25797.05,93.90000000000146,0.0,false,false,inside,4,Tuesday,29.55000000000291,92.5,false,true,,,,,49.01,-99.88,2025-12-09 12:24:00 +0530,16,99.92,1.659,38,100,0,,0,46.8,0.9548,0.9548,0.9,normal,trending,trend_from_open,vwap_reclaimed
2025-12-10,bullish,2025-12-10 09:31:00 +0530,25898.7,25893.45,25832.65,60.79999999999927,0.0,false,false,inside,4,Wednesday,48.95000000000073,164.15000000000146,false,true,,,,,16.74,-16.05,2025-12-10 10:28:00 +0530,57,28.09,0.342,17,100,0,,0,5.94,0.3548,0.3548,15.55,normal,mean_reverting,open_test_drive,vwap_reclaimed
2025-12-10,bearish,2025-12-10 12:02:00 +0530,25824.6,25893.45,25832.65,60.79999999999927,0.0,false,false,inside,4,Wednesday,90.04999999999927,35.35000000000218,true,false,,,,,25.46,-6.26,2025-12-10 12:36:00 +0530,34,25.28,0.283,40,100,11,,0,-2.04,-0.0801,0.0,29.0,normal,mean_reverting,open_test_drive,none
2025-12-11,bearish,2025-12-11 09:40:00 +0530,25719.55,25803.05,25727.15,75.89999999999782,0.0,false,false,inside,4,Thursday,26.299999999999272,203.25,false,true,,,,,20.13,-32.49,2025-12-11 09:43:00 +0530,3,43.8,0.765,42,100,0,,0,-3.98,-0.1977,0.0,25.75,normal,trending,open_test_drive,vwap_reclaimed
2025-12-11,bullish,2025-12-11 12:01:00 +0530,25852.3,25803.05,25727.15,75.89999999999782,0.0,false,false,inside,4,Thursday,70.5,11.5,true,false,,,,,8.84,-24.35,2025-12-11 12:03:00 +0530,2,30.49,0.125,58,100,0,,0,-9.13,-1.0332,0.0,24.5,normal,trending,open_test_drive,none
2025-12-12,bullish,2025-12-12 09:31:00 +0530,26020.3,26013.85,25963.1,50.75,0.0,false,false,inside,4,Friday,37.29999999999927,81.84999999999854,false,true,,,,,34.37,-22.18,2025-12-12 10:08:00 +0530,37,42.09,0.921,21,100,21,,0,-0.56,-0.0162,0.0,34.4,normal,trending,open_auction,vwap_reclaimed
2025-12-15,bearish,2025-12-15 09:46:00 +0530,25907.2,26007.2,25913.65,93.54999999999927,0.0,false,false,inside,4,Monday,0.6000000000021828,139.95000000000073,false,true,,,,,3.49,-47.75,2025-12-15 10:47:00 +0530,61,49.51,5.819,26,100,0,,0,-12.25,-3.5085,0.0,13.3,normal,trending,open_auction,vwap_reclaimed
2025-12-15,bullish,2025-12-15 12:01:00 +0530,26015.3,26007.2,25913.65,93.54999999999927,0.0,false,false,inside,4,Monday,31.850000000002183,25.149999999997817,false,true,,,,,9.48,-44.35,2025-12-15 12:07:00 +0530,6,49.17,0.298,13,100,0,,0,2.74,0.2895,0.2895,5.4,normal,trending,open_auction,vwap_reclaimed
2025-12-16,bearish,2025-12-16 09:31:00 +0530,25914.6,25980.75,25920.1,60.650000000001455,0.0,false,false,inside,4,Tuesday,80.25,29.150000000001455,true,false,,,,,52.37,-99.88,2025-12-16 09:44:00 +0530,13,99.92,0.653,52,100,0,12,0,-5.1,-0.0974,0.0,23.65,normal,mean_reverting,open_rejection_reverse,none
2025-12-17,bullish,2025-12-17 09:36:00 +0530,25926.85,25924.9,25855.65,69.25,0.0,false,false,inside,4,Wednesday,2.3000000000029104,156.5,false,true,,,,,3.72,-25.42,2025-12-17 11:03:00 +0530,87,28.09,1.617,31,100,0,,0,-14.88,-4.0,0.0,28.5,normal,trending,failed_auction,vwap_reclaimed
2025-12-17,bearish,2025-12-17 12:01:00 +0530,25811.05,25924.9,25855.65,69.25,0.0,false,false,inside,4,Wednesday,40.70000000000073,24.700000000000728,false,true,,,,,16.78,-16.78,2025-12-17 15:00:00 +0530,179,28.73,0.412,16,100,0,,0,-0.3,-0.0179,0.0,17.05,normal,trending,failed_auction,vwap_reclaimed
2025-12-18,bearish,2025-12-18 09:43:00 +0530,25753.05,25827.15,25762.45,64.70000000000073,0.0,false,false,inside,4,Thursday,26.75,149.29999999999927,false,true,,,,,21.24,-25.43,2025-12-18 10:09:00 +0530,26,38.5,0.794,20,100,0,,0,8.66,0.4079,0.4079,11.25,normal,mean_reverting,open_rejection_reverse,vwap_reclaimed
2025-12-18,bullish,2025-12-18 12:01:00 +0530,25864.8,25827.15,25762.45,64.70000000000073,0.0,false,false,inside,4,Thursday,37.54999999999927,93.95000000000073,false,true,,,,,7.35,-30.83,2025-12-18 12:18:00 +0530,17,35.57,0.196,12,100,0,,0,2.09,0.2843,0.2843,7.05,normal,mean_reverting,open_rejection_reverse,vwap_reclaimed
2025-12-19,bullish,2025-12-19 09:31:00 +0530,25966.4,25950.85,25880.45,70.39999999999782,0.0,false,false,inside,4,Friday,26.94999999999709,60.80000000000291,false,true,,,,,3.28,-40.55,2025-12-19 09:46:00 +0530,15,42.44,0.122,7,100,0,,0,-5.04,-1.5352,0.0,9.0,normal,mean_reverting,open_test_drive,vwap_reclaimed
2025-12-22,bullish,2025-12-22 09:32:00 +0530,26134.65,26132.5,26047.8,84.70000000000073,0.0,false,false,inside,4,Monday,46.04999999999927,23.450000000000728,false,true,,,,,46.21,-44.65,2025-12-22 09:48:00 +0530,16,62.14,1.004,29,100,0,,0,-1.04,-0.0226,0.0,27.15,normal,mean_reverting,opening_drive,vwap_reclaimed
2025-12-23,bearish,2025-12-23 09:31:00 +0530,26138.0,26206.55,26141.55,65.0,0.0,false,false,inside,4,Tuesday,18.950000000000728,95.54999999999927,false,true,,,,,32.85,-99.89,2025-12-23 09:45:00 +0530,14,99.92,1.734,35,100,0,,0,5.2,0.1582,0.1582,12.5,normal,trending,open_auction,vwap_reclaimed
2025-12-23,bullish,2025-12-23 14:16:00 +0530,26218.8,26206.55,26141.55,65.0,0.0,false,false,inside,4,Tuesday,14.75,60.099999999998545,false,true,,,,,55.89,-99.8,2025-12-23 15:03:00 +0530,47,99.87,3.789,32,100,0,46,0,18.9,0.3382,0.3382,9.1,normal,trending,open_auction,vwap_reclaimed
2025-12-24,bullish,2025-12-24 09:34:00 +0530,26226.2,26222.45,26141.4,81.04999999999927,0.0,false,false,inside,4,Wednesday,10.200000000000728,103.20000000000073,false,true,,,,,1.05,-30.77,2025-12-24 09:35:00 +0530,1,31.49,0.103,17,100,0,,0,-5.01,-4.7778,0.0,7.8,normal,mean_reverting,open_test_drive,vwap_reclaimed
2025-12-24,bearish,2025-12-24 14:26:00 +0530,26139.45,26222.45,26141.4,81.04999999999927,0.0,false,false,inside,4,Wednesday,16.450000000000728,27.099999999998545,false,true,,,,,0.85,-15.33,2025-12-24 14:27:00 +0530,1,16.05,0.052,23,90,0,,0,-6.36,-7.5,0.0,5.95,normal,mean_reverting,open_test_drive,premium_divergence
2025-12-26,bearish,2025-12-26 09:40:00 +0530,26093.2,26144.2,26095.65,48.54999999999927,0.0,false,false,inside,4,Friday,84.60000000000218,8.899999999997817,true,false,,,,,16.08,-41.62,2025-12-26 09:53:00 +0530,13,49.71,0.19,30,100,0,,0,3.27,0.2034,0.2034,9.4,normal,trending,open_test_drive,none
2025-12-29,bearish,2025-12-29 09:59:00 +0530,26043.35,26106.8,26044.15,62.64999999999782,0.0,false,false,inside,4,Monday,123.04999999999927,0.0,true,false,,,,,5.87,-45.84,2025-12-29 13:40:00 +0530,221,47.43,0.048,22,100,0,,0,-37.69,-6.4179,0.0,24.85,normal,mean_reverting,open_auction,none
2025-12-30,bullish,2025-12-30 10:21:00 +0530,25962.55,25956.15,25878.0,78.15000000000146,0.0,false,false,inside,4,Tuesday,14.200000000000728,82.64999999999782,false,true,,,,,35.47,-99.87,2025-12-30 10:24:00 +0530,3,99.91,2.498,55,100,0,,0,27.42,0.773,0.773,3.2,normal,trending,open_auction,vwap_reclaimed
2025-12-31,bullish,2025-12-31 10:33:00 +0530,26032.05,26028.0,25970.75,57.25,0.0,false,false,inside,4,Wednesday,155.90000000000146,9.700000000000728,true,false,,,,,26.65,-18.91,2025-12-31 15:11:00 +0530,278,25.3,0.171,35,100,0,,0,0.6,0.0225,0.0225,30.45,normal,trending,open_auction,none
2026-01-01,bearish,2026-01-01 10:16:00 +0530,26146.45,26195.35,26149.25,46.099999999998545,0.0,false,false,inside,4,Thursday,33.04999999999927,39.14999999999782,false,true,,,,,12.07,-31.77,2026-01-01 10:23:00 +0530,7,39.12,0.365,20,100,0,,0,-15.91,-1.3182,0.0,22.95,normal,mean_reverting,open_auction,vwap_reclaimed
2026-01-02,bullish,2026-01-02 09:33:00 +0530,26213.95,26210.4,26118.4,92.0,0.0,false,false,inside,4,Friday,126.04999999999927,18.049999999999272,true,false,,,,,8.72,-43.85,2026-01-02 11:29:00 +0530,116,48.36,0.069,22,100,0,,0,-1.08,-0.1242,0.0,9.05,normal,mean_reverting,opening_drive,none
2026-01-05,bearish,2026-01-05 09:32:00 +0530,26288.55,26358.25,26287.65,70.59999999999854,0.0,false,false,inside,4,Monday,78.5,84.65000000000146,true,false,,,,,33.88,-44.48,2026-01-05 14:51:00 +0530,319,49.5,0.432,26,100,0,,0,-25.3,-0.7467,0.0,39.65,normal,trending,open_test_drive,none
2026-01-06,bullish,2026-01-06 09:56:00 +0530,26240.75,26238.6,26144.7,93.89999999999782,0.0,false,false,inside,4,Tuesday,33.20000000000073,116.0,false,true,,,,,43.23,-99.88,2026-01-06 10:23:00 +0530,27,99.91,1.302,25,100,0,,0,-15.15,-0.3504,0.0,23.7,normal,mean_reverting,open_auction,vwap_reclaimed
2026-01-06,bearish,2026-01-06 14:10:00 +0530,26138.15,26238.6,26144.7,93.89999999999782,0.0,false,false,inside,4,Tuesday,13.400000000001455,49.54999999999927,false,true,,,,,28.86,-99.82,2026-01-06 15:00:00 +0530,50,99.86,2.153,28,100,0,,0,-85.12,-2.9497,0.0,31.4,normal,mean_reverting,open_auction,vwap_reclaimed
2026-01-07,bearish,2026-01-07 09:53:00 +0530,26100.65,26166.0,26104.3,61.70000000000073,0.0,false,false,inside,4,Wednesday,32.75,86.5,false,true,,,,,23.99,-25.19,2026-01-07 09:57:00 +0530,4,39.66,0.732,44,100,0,,0,1.94,0.081,0.081,19.3,normal,mean_reverting,open_test_drive,vwap_reclaimed
2026-01-08,bearish,2026-01-08 09:31:00 +0530,26062.4,26133.2,26063.75,69.45000000000073,0.0,false,false,inside,4,Thursday,203.95000000000073,40.94999999999709,true,false,,,,,44.2,-16.29,2026-01-08 12:06:00 +0530,155,41.95,0.217,28,100,42,,0,24.08,0.5448,0.5448,15.25,normal,mean_reverting,open_rejection_reverse,none
2026-01-09,bearish,2026-01-09 09:34:00 +0530,25822.4,25940.6,25839.15,101.44999999999709,0.0,false,false,inside,4,Friday,199.40000000000146,79.54999999999927,true,false,,,,,25.64,-26.72,2026-01-09 09:44:00 +0530,10,41.67,0.129,41,100,0,,0,-17.24,-0.6725,0.0,33.7,normal,trending,failed_auction,none
2026-01-12,bearish,2026-01-12 11:16:00 +0530,25527.7,25700.95,25529.05,171.90000000000146,0.0,false,false,inside,4,Monday,54.29999999999927,285.4500000000007,true,false,,,,,82.94,-10.67,2026-01-12 12:42:00 +0530,86,51.17,1.527,44,100,93,53,10,9.54,0.115,0.115,41.95,normal,mean_reverting,opening_drive,none
2026-01-12,bullish,2026-01-12 12:43:00 +0530,25732.05,25700.95,25529.05,171.90000000000146,0.0,false,false,inside,4,Monday,81.10000000000218,58.95000000000073,true,false,,,,,4.73,-44.68,2026-01-12 12:46:00 +0530,3,47.18,0.058,32,100,0,,0,-4.32,-0.9143,0.0,10.05,normal,mean_reverting,opening_drive,none
2026-01-13,bearish,2026-01-13 09:33:00 +0530,25742.25,25899.8,25760.05,139.75,0.0,false,false,inside,4,Tuesday,138.95000000000073,84.79999999999927,true,false,,,,,12.55,-99.93,2026-01-13 09:44:00 +0530,11,99.94,0.09,28,100,0,,0,1.5,0.1196,0.1196,8.1,normal,trending,opening_drive,none
2026-01-14,bullish,2026-01-14 09:31:00 +0530,25743.3,25744.8,25638.35,106.45000000000073,0.0,false,false,inside,4,Wednesday,48.45000000000073,139.34999999999854,false,true,,,,,26.71,-19.1,2026-01-14 09:57:00 +0530,26,36.16,0.551,20,100,0,,0,-0.15,-0.0055,0.0,36.55,normal,mean_reverting,open_test_drive,vwap_reclaimed
2026-01-14,bearish,2026-01-14 13:57:00 +0530,25637.4,25744.8,25638.35,106.45000000000073,0.0,false,false,inside,4,Wednesday,33.45000000000073,78.25,false,true,,,,,8.11,-23.27,2026-01-14 14:33:00 +0530,36,25.68,0.242,16,100,0,,0,-8.59,-1.06,0.0,20.6,normal,mean_reverting,open_test_drive,premium_divergence
2026-01-16,bullish,2026-01-16 09:51:00 +0530,25744.25,25743.25,25678.4,64.84999999999854,0.0,false,false,inside,4,Friday,129.25,81.84999999999854,true,false,,,,,29.62,-12.83,2026-01-16 10:16:00 +0530,25,32.75,0.229,38,100,3,,0,-4.83,-0.163,0.0,39.6,normal,mean_reverting,open_auction,none
2026-01-16,bearish,2026-01-16 13:26:00 +0530,25670.4,25743.25,25678.4,64.84999999999854,0.0,false,false,inside,4,Friday,8.0,50.04999999999927,false,true,,,,,1.01,-32.46,2026-01-16 14:10:00 +0530,44,27.04,0.126,13,100,0,,0,-9.52,-9.4091,0.0,11.45,normal,mean_reverting,open_auction,premium_divergence
2026-01-19,bearish,2026-01-19 10:01:00 +0530,25517.8,25653.3,25528.3,125.0,0.0,false,false,inside,4,Monday,23.450000000000728,118.5,false,true,,,,,37.74,-29.95,2026-01-19 10:08:00 +0530,7,49.14,1.609,50,100,11,,0,-8.37,-0.2217,0.0,36.1,normal,trending,open_auction,vwap_reclaimed
2026-01-20,bearish,2026-01-20 09:36:00 +0530,25484.1,25585.0,25484.1,100.90000000000146,0.0,false,false,inside,4,Tuesday,312.75,19.900000000001455,true,false,,,,,39.18,-99.9,2026-01-20 10:08:00 +0530,32,99.93,0.125,29,100,0,,0,2.45,0.0625,0.0625,18.0,normal,mean_reverting,open_auction,none
2026-01-21,bearish,2026-01-21 10:23:00 +0530,25125.1,25277.75,25130.15,147.59999999999854,0.0,false,false,inside,4,Wednesday,205.29999999999927,175.85000000000218,true,false,,,,,44.8,-4.64,2026-01-21 14:17:00 +0530,234,34.14,0.218,32,100,63,,0,7.52,0.1679,0.1679,46.6,normal,trending,open_test_drive,none
2026-01-21,bullish,2026-01-21 12:50:00 +0530,25279.55,25277.75,25130.15,147.59999999999854,0.0,false,false,inside,4,Wednesday,21.400000000001455,159.70000000000073,false,true,,,,,32.43,-17.45,2026-01-21 13:10:00 +0530,20,37.67,1.515,34,100,28,,0,5.95,0.1833,0.1833,44.55,normal,trending,open_test_drive,vwap_reclaimed
2026-01-22,bullish,2026-01-22 09:31:00 +0530,25400.0,25395.75,25302.45,93.29999999999927,0.0,false,false,inside,4,Thursday,35.75,231.5,false,true,,,,,23.99,-13.51,2026-01-22 09:51:00 +0530,20,30.24,0.671,25,100,0,,0,1.39,0.058,0.058,33.3,normal,mean_reverting,open_test_drive,vwap_reclaimed
2026-01-22,bearish,2026-01-22 12:01:00 +0530,25184.45,25395.75,25302.45,93.29999999999927,0.0,false,false,inside,4,Thursday,15.950000000000728,147.89999999999782,false,true,,,,,12.59,-44.39,2026-01-22 12:43:00 +0530,42,50.61,0.789,11,100,0,,0,-10.29,-0.8176,0.0,30.9,normal,mean_reverting,open_test_drive,vwap_reclaimed
2026-01-23,bearish,2026-01-23 11:38:00 +0530,25248.35,25347.95,25249.1,98.85000000000218,0.0,false,false,inside,4,Friday,223.04999999999927,2.600000000002183,true,false,,,,,18.2,-31.82,2026-01-23 14:13:00 +0530,155,37.79,0.082,28,100,0,,0,-8.72,-0.479,0.0,26.4,normal,mean_reverting,open_auction,none
2026-01-27,bullish,2026-01-27 09:44:00 +0530,25140.25,25126.3,24932.55,193.75,0.0,false,false,inside,4,Tuesday,106.40000000000146,161.20000000000073,true,false,,,,,19.55,-99.95,2026-01-27 09:56:00 +0530,12,99.96,0.184,32,100,0,,0,0.41,0.0211,0.0211,18.6,normal,trending,open_test_drive,none
2026-01-28,bearish,2026-01-28 13:43:00 +0530,25224.75,25372.1,25225.7,146.39999999999782,0.0,false,false,inside,4,Wednesday,37.099999999998545,133.65000000000146,false,true,,,,,16.06,-5.06,2026-01-28 14:19:00 +0530,36,18.19,0.433,24,100,4,,0,-0.45,-0.0279,0.0,31.35,normal,trending,opening_drive,vwap_reclaimed
2026-01-29,bearish,2026-01-29 09:37:00 +0530,25229.65,25359.35,25248.55,110.79999999999927,0.0,false,false,inside,4,Thursday,69.85000000000218,228.5,true,false,,,,,24.6,-11.83,2026-01-29 09:57:00 +0530,20,29.24,0.352,42,100,0,,0,3.39,0.1379,0.1379,37.2,normal,trending,open_test_drive,none
2026-01-29,bullish,2026-01-29 13:09:00 +0530,25367.2,25359.35,25248.55,110.79999999999927,0.0,false,false,inside,4,Thursday,90.95000000000073,38.900000000001455,true,false,,,,,9.55,-12.07,2026-01-29 13:49:00 +0530,40,19.74,0.105,38,100,0,,0,-6.19,-0.6484,0.0,33.05,normal,trending,open_test_drive,none
2026-01-30,bullish,2026-01-30 09:37:00 +0530,25295.55,25285.95,25224.35,61.60000000000218,0.0,false,false,inside,4,Friday,75.15000000000146,81.89999999999782,true,false,,,,,13.03,-13.03,2026-01-30 15:00:00 +0530,323,23.05,0.173,36,100,0,,0,1.22,0.0933,0.0933,24.3,normal,trending,open_test_drive,none
2026-02-02,bullish,2026-02-02 09:32:00 +0530,24903.8,24884.7,24726.85,157.85000000000218,0.0,false,false,inside,4,Monday,204.29999999999927,224.39999999999782,true,false,,,,,8.73,-57.82,2026-02-02 09:35:00 +0530,3,61.21,0.043,38,100,0,,0,-5.8,-0.6644,0.0,24.05,normal,mean_reverting,open_test_drive,none
2026-02-03,bearish,2026-02-03 09:35:00 +0530,25756.3,26341.2,25763.9,577.2999999999993,0.0,false,false,inside,4,Tuesday,115.0,106.85000000000218,true,false,,,,,17.7,-99.96,2026-02-03 09:48:00 +0530,13,99.97,0.154,30,100,0,,0,-8.25,-0.4658,0.0,32.1,normal,trending,open_test_drive,none
2026-02-04,bullish,2026-02-04 09:45:00 +0530,25788.05,25788.3,25563.95,224.34999999999854,0.0,false,false,inside,4,Wednesday,30.5,102.09999999999854,false,true,,,,,11.76,-17.77,2026-02-04 09:51:00 +0530,6,26.42,0.386,28,100,0,,0,-6.58,-0.5597,0.0,33.3,normal,trending,open_test_drive,vwap_reclaimed
2026-02-05,bearish,2026-02-05 09:42:00 +0530,25662.0,25757.65,25666.15,91.5,0.0,false,false,inside,4,Thursday,82.5,38.45000000000073,true,false,,,,,21.68,-16.09,2026-02-05 09:56:00 +0530,14,31.05,0.263,42,100,0,,0,-1.36,-0.0627,0.0,30.5,normal,mean_reverting,open_auction,none
2026-02-06,bearish,2026-02-06 09:38:00 +0530,25547.0,25630.8,25553.55,77.25,0.0,false,false,inside,4,Friday,55.099999999998545,156.95000000000073,true,false,,,,,15.06,-30.42,2026-02-06 11:14:00 +0530,96,39.53,0.273,29,100,0,,0,-2.68,-0.1782,0.0,20.5,normal,mean_reverting,open_test_drive,none
2026-02-06,bullish,2026-02-06 12:01:00 +0530,25647.45,25630.8,25553.55,77.25,0.0,false,false,inside,4,Friday,56.5,120.79999999999927,true,false,,,,,17.68,-24.29,2026-02-06 12:04:00 +0530,3,35.66,0.313,61,100,0,,0,0.71,0.0404,0.0404,19.0,normal,mean_reverting,open_test_drive,none
2026-02-09,bearish,2026-02-09 09:39:00 +0530,25788.15,25922.25,25793.3,128.95000000000073,0.0,false,false,inside,4,Monday,7.25,87.69999999999709,false,true,,,,,2.12,-33.51,2026-02-09 10:21:00 +0530,42,34.89,0.292,11,100,0,,0,-25.91,-12.2222,0.0,23.8,normal,trending,open_test_drive,vwap_reclaimed
2026-02-10,bullish,2026-02-10 09:34:00 +0530,25936.1,25934.95,25870.45,64.5,0.0,false,false,inside,4,Tuesday,53.35000000000218,42.89999999999782,true,false,,,,,30.57,-99.66,2026-02-10 09:48:00 +0530,14,99.74,0.573,40,100,0,,0,-0.34,-0.0112,0.0,13.6,normal,mean_reverting,open_rejection_reverse,none
2026-02-11,bearish,2026-02-11 09:39:00 +0530,25941.75,26009.4,25942.45,66.95000000000073,0.0,false,false,inside,4,Wednesday,41.95000000000073,39.54999999999927,false,true,,,,,26.46,-4.97,2026-02-11 10:09:00 +0530,30,24.86,0.631,25,100,14,,0,2.67,0.1008,0.1008,23.2,normal,mean_reverting,open_test_drive,vwap_reclaimed
2026-02-12,bearish,2026-02-12 09:31:00 +0530,25831.45,25906.7,25831.25,75.45000000000073,0.0,false,false,inside,4,Thursday,79.04999999999927,51.14999999999782,true,false,,,,,2.47,-33.35,2026-02-12 14:54:00 +0530,323,28.03,0.031,31,100,0,,0,-17.36,-7.0357,0.0,22.5,normal,mean_reverting,trend_from_open,none
2026-02-13,bearish,2026-02-13 09:35:00 +0530,25549.0,25630.35,25558.3,72.04999999999927,0.0,false,false,inside,4,Friday,104.70000000000073,57.04999999999927,true,false,,,,,37.26,-16.55,2026-02-13 15:28:00 +0530,353,11.25,0.356,44,100,45,,0,8.16,0.2191,0.2191,26.2,normal,mean_reverting,failed_auction,none
2026-02-16,bullish,2026-02-16 09:31:00 +0530,25495.6,25493.35,25372.7,120.64999999999782,0.0,false,false,inside,4,Monday,201.40000000000146,63.69999999999709,true,false,,,,,31.43,-29.71,2026-02-16 10:48:00 +0530,77,46.52,0.156,26,100,5,,0,4.46,0.1418,0.1418,23.6,normal,trending,trend_from_open,none
2026-02-17,bullish,2026-02-17 09:58:00 +0530,25668.35,25664.85,25570.3,94.54999999999927,0.0,false,false,inside,4,Tuesday,96.05000000000291,25.599999999998545,true,false,,,,,11.94,-99.92,2026-02-17 10:29:00 +0530,31,99.93,0.124,24,100,0,,0,-9.88,-0.8278,0.0,13.8,normal,trending,open_auction,none
2026-02-18,bearish,2026-02-18 09:56:00 +0530,25680.3,25759.75,25697.75,62.0,0.0,false,false,inside,4,Wednesday,35.14999999999782,147.75,false,true,,,,,19.11,-14.36,2026-02-18 10:35:00 +0530,39,28.1,0.544,20,100,0,,0,5.69,0.2976,0.2976,16.4,normal,mean_reverting,open_auction,vwap_reclaimed
2026-02-18,bullish,2026-02-18 14:18:00 +0530,25760.9,25759.75,25697.75,62.0,0.0,false,false,inside,4,Wednesday,67.14999999999782,1.7000000000007276,true,false,,,,,4.59,-23.8,2026-02-18 14:46:00 +0530,28,27.15,0.068,33,100,0,,0,-7.76,-1.6923,0.0,19.25,normal,mean_reverting,open_auction,none
2026-02-19,bearish,2026-02-19 09:31:00 +0530,25808.7,25885.3,25811.2,74.09999999999854,0.0,false,false,inside,4,Thursday,419.9500000000007,12.5,true,false,,,,,50.05,-8.75,2026-02-19 15:09:00 +0530,338,23.62,0.119,36,100,67,337,0,12.68,0.2534,0.2534,40.8,normal,trending,open_test_drive,none
2026-02-20,bullish,2026-02-20 09:46:00 +0530,25488.2,25485.85,25379.75,106.09999999999854,0.0,false,false,inside,4,Friday,175.34999999999854,19.25,true,false,,,,,35.74,-8.73,2026-02-20 11:13:00 +0530,87,32.76,0.204,34,100,47,,0,16.57,0.4638,0.4638,24.05,normal,trending,open_test_drive,none
2026-02-23,bullish,2026-02-23 09:31:00 +0530,25767.8,25767.9,25626.5,141.40000000000146,0.0,false,false,inside,4,Monday,2.4500000000007276,158.45000000000073,false,true,,,,,22.45,-36.11,2026-02-23 09:53:00 +0530,22,47.82,9.162,32,100,0,,0,-3.59,-0.16,0.0,27.55,normal,mean_reverting,open_test_drive,vwap_reclaimed
2026-02-23,bearish,2026-02-23 14:04:00 +0530,25615.85,25767.9,25626.5,141.40000000000146,0.0,false,false,inside,4,Monday,6.5,113.10000000000218,false,true,,,,,32.7,-12.91,2026-02-23 14:13:00 +0530,9,34.37,5.031,55,100,36,,0,3.65,0.1117,0.1117,23.85,normal,mean_reverting,open_test_drive,vwap_reclaimed
2026-02-24,bearish,2026-02-24 09:31:00 +0530,25534.45,25641.8,25547.15,94.64999999999782,0.0,false,false,inside,4,Tuesday,206.85000000000218,8.599999999998545,true,false,,,,,95.15,-99.78,2026-02-24 09:47:00 +0530,16,99.89,0.46,56,100,0,1,9,37.16,0.3905,0.3905,26.3,normal,mean_reverting,open_auction,none
2026-02-25,bullish,2026-02-25 09:58:00 +0530,25597.7,25594.95,25507.9,87.04999999999927,0.0,false,false,inside,4,Wednesday,54.89999999999782,169.5,true,false,,,,,14.24,-14.55,2026-02-25 15:21:00 +0530,323,17.96,0.259,39,100,0,,0,-10.23,-0.7184,0.0,38.75,normal,mean_reverting,trend_from_open,none
2026-02-25,bearish,2026-02-25 12:45:00 +0530,25504.5,25594.95,25507.9,87.04999999999927,0.0,false,false,inside,4,Wednesday,76.29999999999927,2.0499999999992724,true,false,,,,,8.13,-15.81,2026-02-25 12:51:00 +0530,6,22.14,0.107,43,100,0,,0,-4.01,-0.4936,0.0,17.55,normal,mean_reverting,trend_from_open,none
2026-02-26,bullish,2026-02-26 10:11:00 +0530,25570.05,25567.6,25487.85,79.75,0.0,false,false,inside,4,Thursday,2.900000000001455,169.09999999999854,false,true,,,,,11.53,-23.27,2026-02-26 12:22:00 +0530,131,31.21,3.977,35,100,0,,0,0.93,0.0808,0.0808,15.35,normal,mean_reverting,open_auction,vwap_reclaimed
2026-02-26,bearish,2026-02-26 12:01:00 +0530,25457.6,25567.6,25487.85,79.75,0.0,false,false,inside,4,Thursday,56.64999999999782,69.55000000000291,true,false,,,,,24.06,-19.09,2026-02-26 14:08:00 +0530,127,34.78,0.425,34,100,0,,0,-3.7,-0.1537,0.0,32.65,normal,mean_reverting,open_auction,none
2026-02-27,bearish,2026-02-27 09:36:00 +0530,25360.55,25476.4,25363.4,113.0,0.0,false,false,inside,4,Friday,219.25,23.100000000002183,true,false,,,,,20.83,-35.99,2026-02-27 10:25:00 +0530,49,47.03,0.095,25,100,0,,0,-3.92,-0.1881,0.0,26.85,normal,mean_reverting,open_test_drive,none
2026-03-02,bullish,2026-03-02 09:34:00 +0530,24963.25,24958.8,24645.1,313.7000000000007,0.0,false,false,inside,4,Monday,26.099999999998545,359.75,false,true,,,,,0.35,-99.96,2026-03-02 09:35:00 +0530,1,99.96,0.013,2,100,0,,0,-9.27,-26.5,0.0,11.0,normal,trending,open_test_drive,vwap_reclaimed
2026-03-02,bearish,2026-03-02 13:56:00 +0530,24621.5,24958.8,24645.1,313.7000000000007,0.0,false,false,inside,4,Monday,18.0,293.34999999999854,false,true,,,,,119.94,-99.9,2026-03-02 14:03:00 +0530,7,99.96,6.663,55,100,0,6,0,-4.4,-0.0367,0.0,63.6,normal,trending,open_test_drive,vwap_reclaimed
2026-03-04,bullish,2026-03-04 14:09:00 +0530,24478.0,24476.95,24315.45,161.5,0.0,false,false,inside,4,Wednesday,124.45000000000073,26.950000000000728,true,false,,,,,11.92,-7.65,2026-03-04 15:02:00 +0530,53,17.49,0.096,39,100,0,,0,0.56,0.0466,0.0466,35.8,normal,mean_reverting,open_rejection_reverse,none
2026-03-05,bearish,2026-03-05 09:38:00 +0530,24550.7,24651.95,24549.1,102.85000000000218,0.0,false,false,inside,4,Thursday,21.299999999999272,303.5,false,true,,,,,11.78,-24.51,2026-03-05 09:41:00 +0530,3,32.46,0.553,39,100,0,,0,-0.04,-0.0035,0.0,28.35,normal,mean_reverting,open_rejection_reverse,vwap_reclaimed
2026-03-05,bullish,2026-03-05 12:31:00 +0530,24655.95,24651.95,24549.1,102.85000000000218,0.0,false,false,inside,4,Thursday,198.25,126.54999999999927,true,false,,,,,17.03,-15.3,2026-03-05 14:47:00 +0530,136,27.63,0.086,33,100,0,,0,-5.01,-0.2941,0.0,49.5,normal,mean_reverting,open_rejection_reverse,none
2026-03-06,bearish,2026-03-06 10:50:00 +0530,24587.2,24700.9,24587.15,113.75,0.0,false,false,inside,4,Friday,171.45000000000073,67.34999999999854,true,false,,,,,26.05,-11.68,2026-03-06 15:00:00 +0530,250,26.94,0.152,34,100,3,,0,-7.46,-0.2865,0.0,71.85,normal,mean_reverting,open_rejection_reverse,none
2026-03-09,bullish,2026-03-09 14:46:00 +0530,23973.9,23959.7,23697.8,261.90000000000146,0.0,false,false,inside,4,Monday,104.25,5.80000000000291,true,false,,,,,4.45,-18.61,2026-03-09 14:48:00 +0530,2,22.07,0.043,48,90,0,,0,-2.43,-0.5459,0.0,15.15,normal,trending,open_test_drive,none
2026-03-10,bearish,2026-03-10 09:35:00 +0530,24124.25,24303.8,24125.15,178.64999999999782,0.0,false,false,inside,4,Tuesday,44.29999999999927,178.25,false,true,,,,,44.83,-99.93,2026-03-10 10:15:00 +0530,40,99.95,1.012,19,100,0,,0,26.81,0.5979,0.5979,13.35,normal,trending,open_test_drive,vwap_reclaimed
2026-03-11,bearish,2026-03-11 09:33:00 +0530,24209.35,24299.0,24213.75,85.25,0.0,false,false,inside,4,Wednesday,375.0499999999993,22.950000000000728,true,false,,,,,26.24,-10.92,2026-03-11 13:18:00 +0530,225,16.9,0.07,38,100,8,,0,-0.61,-0.0231,0.0,68.7,normal,trending,open_test_drive,none
2026-03-12,bullish,2026-03-12 10:00:00 +0530,23695.4,23690.85,23556.3,134.54999999999927,0.0,false,false,inside,4,Thursday,137.75,105.5,true,false,,,,,10.32,-15.9,2026-03-12 10:27:00 +0530,27,23.76,0.075,36,100,0,,0,5.03,0.488,0.488,14.95,normal,trending,open_test_drive,none
2026-03-13,bearish,2026-03-13 09:47:00 +0530,23405.35,23487.9,23415.25,72.65000000000146,0.0,false,false,inside,4,Friday,293.34999999999854,9.55000000000291,true,false,,,,,18.65,-8.41,2026-03-13 14:00:00 +0530,253,17.57,0.064,37,100,3,,0,-5.03,-0.2699,0.0,55.05,normal,mean_reverting,open_test_drive,none
2026-03-16,bullish,2026-03-16 09:38:00 +0530,23261.15,23248.05,23098.0,150.04999999999927,0.0,false,false,inside,4,Monday,240.84999999999854,305.90000000000146,true,false,,,,,14.41,-34.7,2026-03-16 13:04:00 +0530,206,42.93,0.06,25,100,0,,0,-3.77,-0.2613,0.0,34.75,normal,trending,open_test_drive,none
2026-03-16,bearish,2026-03-16 12:51:00 +0530,23095.65,23248.05,23098.0,150.04999999999927,0.0,false,false,inside,4,Monday,9.30000000000291,406.34999999999854,false,true,,,,,15.26,-19.65,2026-03-16 14:53:00 +0530,122,30.29,1.641,30,100,0,,0,-5.33,-0.3495,0.0,34.75,normal,trending,open_test_drive,vwap_reclaimed
2026-03-17,bullish,2026-03-17 09:59:00 +0530,23495.75,23493.2,23346.6,146.60000000000218,0.0,false,false,inside,4,Tuesday,161.04999999999927,140.04999999999927,true,false,,,,,31.85,-99.59,2026-03-17 10:12:00 +0530,13,99.69,0.198,37,100,0,,0,-12.83,-0.403,0.0,32.55,normal,mean_reverting,open_auction,none
2026-03-18,bullish,2026-03-18 09:51:00 +0530,23749.45,23738.9,23618.45,120.45000000000073,0.0,false,false,inside,4,Wednesday,112.79999999999927,108.75,true,false,,,,,16.09,-11.57,2026-03-18 11:44:00 +0530,113,23.83,0.143,36,100,0,,0,0.74,0.046,0.046,33.15,normal,mean_reverting,open_test_drive,none
2026-03-19,bearish,2026-03-19 13:29:00 +0530,23175.85,23378.7,23180.95,197.75,0.0,false,false,inside,4,Thursday,245.5,42.0,true,false,,,,,11.3,-14.31,2026-03-19 15:01:00 +0530,92,19.87,0.046,36,100,0,,0,-7.18,-0.6355,0.0,48.9,normal,mean_reverting,open_test_drive,none
2026-03-20,bullish,2026-03-20 09:33:00 +0530,23312.6,23303.85,23109.9,193.9499999999971,0.0,false,false,inside,4,Friday,32.55000000000291,245.0,false,true,,,,,9.73,-18.56,2026-03-20 14:50:00 +0530,317,25.78,0.299,16,100,0,,0,-3.05,-0.3135,0.0,32.05,normal,mean_reverting,opening_drive,vwap_reclaimed
2026-03-20,bearish,2026-03-20 14:44:00 +0530,23107.1,23303.85,23109.9,193.9499999999971,0.0,false,false,inside,4,Friday,39.5,70.35000000000218,false,true,,,,,12.72,-18.68,2026-03-20 15:01:00 +0530,17,27.86,0.322,19,100,0,,0,-1.39,-0.1096,0.0,35.95,normal,mean_reverting,opening_drive,premium_divergence
2026-03-23,bearish,2026-03-23 09:55:00 +0530,22628.55,22851.7,22634.55,217.15000000000146,0.0,false,false,inside,4,Monday,157.29999999999927,32.60000000000218,true,false,,,,,17.63,-17.54,2026-03-23 10:17:00 +0530,22,29.9,0.112,36,100,0,,0,6.79,0.3851,0.3851,23.95,normal,mean_reverting,open_test_drive,none
2026-03-24,bearish,2026-03-24 09:43:00 +0530,22747.55,22899.6,22762.8,136.79999999999927,0.0,false,false,inside,4,Tuesday,123.34999999999854,309.75,true,false,,,,,8.08,-99.91,2026-03-24 12:22:00 +0530,159,99.92,0.065,21,100,0,,0,-12.64,-1.5645,0.0,23.85,normal,trending,open_test_drive,none
2026-03-24,bullish,2026-03-24 12:26:00 +0530,22912.6,22899.6,22762.8,136.79999999999927,0.0,false,false,inside,4,Tuesday,144.70000000000073,90.25,true,false,,,,,14.76,-99.95,2026-03-24 12:28:00 +0530,2,99.96,0.102,51,100,0,,0,-29.57,-2.0033,0.0,46.1,normal,trending,open_test_drive,none
2026-03-25,bullish,2026-03-25 09:35:00 +0530,23234.85,23220.8,23063.2,157.59999999999854,0.0,false,false,inside,4,Wednesday,230.5,32.29999999999927,true,false,,,,,2.08,-21.43,2026-03-25 11:09:00 +0530,94,23.03,0.009,34,100,0,,0,-9.83,-4.7176,0.0,37.45,normal,mean_reverting,opening_drive,none
2026-03-27,bearish,2026-03-27 09:35:00 +0530,23018.1,23186.1,23025.5,160.59999999999854,0.0,false,false,inside,4,Friday,213.54999999999927,37.650000000001455,true,false,,,,,8.33,-20.65,2026-03-27 09:40:00 +0530,5,26.75,0.039,42,100,0,,0,5.97,0.7164,0.7164,5.8,normal,mean_reverting,open_test_drive,none
2026-03-30,bullish,2026-03-30 09:32:00 +0530,22617.75,22618.05,22470.15,147.89999999999782,0.0,false,false,inside,4,Monday,96.34999999999854,333.90000000000146,true,false,,,,,47.61,-99.95,2026-03-30 09:42:00 +0530,10,99.97,0.494,54,100,0,,0,31.31,0.6576,0.6576,16.4,normal,trending,open_test_drive,none
2026-03-30,bearish,2026-03-30 13:27:00 +0530,22460.05,22618.05,22470.15,147.89999999999782,0.0,false,false,inside,4,Monday,176.20000000000073,42.04999999999927,true,false,,,,,9.77,-97.92,2026-03-30 13:28:00 +0530,1,98.1,0.055,51,100,0,,0,-41.41,-4.24,0.0,39.3,normal,trending,open_test_drive,none
2026-04-01,bullish,2026-04-01 10:04:00 +0530,22933.25,22930.4,22809.0,121.40000000000146,0.0,false,false,inside,4,Wednesday,8.049999999999272,314.65000000000146,false,true,,,,,16.19,-3.68,2026-04-01 13:41:00 +0530,217,16.43,2.011,41,100,7,,0,0.72,0.0443,0.0443,47.45,normal,mean_reverting,open_rejection_reverse,vwap_reclaimed
2026-04-01,bearish,2026-04-01 12:01:00 +0530,22798.35,22930.4,22809.0,121.40000000000146,0.0,false,false,inside,4,Wednesday,179.75,99.60000000000218,true,false,,,,,12.56,-10.54,2026-04-01 13:44:00 +0530,103,17.61,0.07,38,100,0,,0,1.53,0.1215,0.1215,31.45,normal,mean_reverting,open_rejection_reverse,none
2026-04-02,bearish,2026-04-02 10:00:00 +0530,22206.8,22394.65,22209.15,185.5,0.0,false,false,inside,4,Thursday,24.25,575.5,false,true,,,,,0.33,-17.87,2026-04-02 10:01:00 +0530,1,18.14,0.014,18,100,0,,0,-4.77,-14.5238,0.0,16.3,normal,mean_reverting,open_test_drive,vwap_reclaimed
2026-04-02,bullish,2026-04-02 13:02:00 +0530,22402.8,22394.65,22209.15,185.5,0.0,false,false,inside,4,Thursday,379.5,71.89999999999782,true,false,,,,,9.76,-20.34,2026-04-02 13:35:00 +0530,33,27.43,0.026,33,100,0,,0,-4.5,-0.461,0.0,43.1,normal,mean_reverting,open_test_drive,none
2026-04-06,bearish,2026-04-06 09:50:00 +0530,22591.1,22798.25,22591.7,206.54999999999927,0.0,false,false,inside,4,Monday,48.14999999999782,407.25,false,true,,,,,1.56,-29.07,2026-04-06 10:11:00 +0530,21,30.16,0.032,11,100,0,,0,-11.36,-7.2958,0.0,29.45,normal,trending,opening_drive,vwap_reclaimed
2026-04-06,bullish,2026-04-06 13:00:00 +0530,22804.1,22798.25,22591.7,206.54999999999927,0.0,false,false,inside,4,Monday,194.25,45.64999999999782,true,false,,,,,11.28,-17.68,2026-04-06 13:25:00 +0530,25,26.02,0.058,35,100,0,,0,0.42,0.037,0.037,22.15,normal,trending,opening_drive,none
2026-04-07,bullish,2026-04-07 09:31:00 +0530,22900.05,22893.4,22719.3,174.10000000000218,0.0,false,false,inside,4,Tuesday,253.79999999999927,107.04999999999927,true,false,,,,,26.25,-99.95,2026-04-07 09:37:00 +0530,6,99.96,0.103,47,100,0,,0,-6.67,-0.254,0.0,31.6,normal,trending,open_rejection_reverse,none
2026-04-08,bullish,2026-04-08 09:47:00 +0530,23943.1,23938.85,23828.5,110.34999999999854,0.0,false,false,inside,4,Wednesday,82.05000000000291,74.0,true,false,,,,,8.52,-13.61,2026-04-08 10:15:00 +0530,28,20.39,0.104,38,100,0,,0,-5.11,-0.5995,0.0,31.35,normal,trending,open_test_drive,none
2026-04-09,bearish,2026-04-09 09:51:00 +0530,23809.55,23990.75,23815.15,175.59999999999854,0.0,false,false,inside,4,Thursday,126.75,97.75,true,false,,,,,13.94,-20.35,2026-04-09 10:00:00 +0530,9,30.09,0.11,41,100,0,,0,-3.79,-0.2718,0.0,35.8,normal,trending,open_test_drive,none
2026-04-10,bullish,2026-04-10 09:48:00 +0530,23982.25,23978.7,23856.35,122.35000000000218,0.0,false,false,inside,4,Friday,91.79999999999927,65.95000000000073,true,false,,,,,4.03,-35.38,2026-04-10 11:29:00 +0530,101,37.88,0.044,27,100,0,,0,-10.75,-2.6691,0.0,24.95,normal,mean_reverting,open_test_drive,none
2026-04-13,bullish,2026-04-13 10:22:00 +0530,23709.3,23699.7,23555.6,144.10000000000218,0.0,false,false,inside,4,Monday,198.10000000000218,13.0,true,false,,,,,6.31,-99.94,2026-04-13 10:41:00 +0530,19,99.94,0.032,22,100,0,,0,-28.89,-4.5755,0.0,29.55,normal,trending,open_test_drive,none
2026-04-15,bearish,2026-04-15 09:39:00 +0530,24147.7,24280.9,24162.7,118.20000000000073,0.0,false,false,inside,4,Wednesday,1.9000000000014552,125.45000000000073,false,true,,,,,5.54,-13.27,2026-04-15 09:41:00 +0530,2,17.82,2.918,58,100,0,,0,-2.62,-0.4724,0.0,18.7,normal,mean_reverting,failed_auction,vwap_reclaimed
2026-04-16,bearish,2026-04-16 09:39:00 +0530,24314.05,24400.95,24333.95,67.0,0.0,false,false,inside,4,Thursday,211.25,23.0,true,false,,,,,21.85,-8.79,2026-04-16 12:18:00 +0530,159,25.14,0.103,34,100,3,,0,6.72,0.3077,0.3077,27.9,normal,mean_reverting,open_auction,none
2026-04-17,bullish,2026-04-17 10:04:00 +0530,24240.35,24235.6,24096.05,139.54999999999927,0.0,false,false,inside,4,Friday,131.5500000000029,2.599999999998545,true,false,,,,,10.44,-17.11,2026-04-17 11:59:00 +0530,115,24.95,0.079,34,100,0,,0,-5.98,-0.5734,0.0,28.4,normal,mean_reverting,open_rejection_reverse,none
2026-04-20,bullish,2026-04-20 10:31:00 +0530,24426.9,24420.2,24241.25,178.95000000000073,0.0,false,false,inside,4,Monday,53.75,108.90000000000146,true,false,,,,,19.79,-18.17,2026-04-20 10:50:00 +0530,19,31.69,0.368,40,100,0,,0,0.4,0.02,0.02,24.45,normal,trending,open_test_drive,none
2026-04-21,bullish,2026-04-21 09:46:00 +0530,24502.05,24486.0,24354.9,131.09999999999854,0.0,false,false,inside,4,Tuesday,99.65000000000146,17.049999999999272,true,false,,,,,7.59,-99.93,2026-04-21 10:08:00 +0530,22,99.93,0.076,23,100,0,,0,0.07,0.0095,0.0095,5.2,normal,mean_reverting,trend_from_open,none
2026-04-22,bearish,2026-04-22 09:42:00 +0530,24430.55,24515.95,24434.4,81.54999999999927,0.0,false,false,inside,4,Wednesday,77.64999999999782,27.700000000000728,true,false,,,,,15.35,-14.6,2026-04-22 10:46:00 +0530,64,25.97,0.198,36,100,0,,0,5.36,0.3492,0.3492,23.2,normal,trending,open_test_drive,none
2026-04-23,bullish,2026-04-23 09:44:00 +0530,24245.6,24242.5,24134.8,107.70000000000073,0.0,false,false,inside,4,Thursday,64.60000000000218,95.79999999999927,true,false,,,,,14.04,-14.34,2026-04-23 09:51:00 +0530,7,24.88,0.217,47,100,0,,0,-3.82,-0.2722,0.0,33.65,normal,trending,open_test_drive,none
2026-04-24,bearish,2026-04-24 09:31:00 +0530,24053.8,24206.0,24056.6,149.40000000000146,0.0,false,false,inside,4,Friday,240.14999999999782,7.799999999999272,true,false,,,,,14.98,-15.67,2026-04-24 10:00:00 +0530,29,26.66,0.062,36,100,0,,0,-2.91,-0.194,0.0,29.85,normal,trending,open_test_drive,none
2026-04-27,bullish,2026-04-27 09:47:00 +0530,24069.05,24067.5,23936.2,131.29999999999927,0.0,false,false,inside,4,Monday,61.650000000001455,94.64999999999782,true,false,,,,,33.64,-24.25,2026-04-27 10:13:00 +0530,26,43.32,0.546,38,100,17,,0,8.69,0.2583,0.2583,26.7,normal,mean_reverting,open_auction,none
2026-04-28,bullish,2026-04-28 09:46:00 +0530,24138.5,24133.65,23999.25,134.40000000000146,0.0,false,false,inside,4,Tuesday,43.29999999999927,181.45000000000073,false,true,,,,,33.65,-99.9,2026-04-28 09:49:00 +0530,3,99.93,0.777,39,100,0,,0,-17.21,-0.5114,0.0,26.6,normal,trending,open_test_drive,vwap_reclaimed
2026-04-28,bearish,2026-04-28 12:32:00 +0530,24000.35,24133.65,23999.25,134.40000000000146,0.0,false,false,inside,4,Tuesday,43.29999999999927,48.650000000001455,false,true,,,,,47.43,-99.88,2026-04-28 13:36:00 +0530,64,99.92,1.095,18,100,0,,0,-28.97,-0.6108,0.0,32.7,normal,trending,open_test_drive,vwap_reclaimed
2026-04-29,bullish,2026-04-29 09:44:00 +0530,24127.55,24123.55,24059.95,63.599999999998545,0.0,false,false,inside,4,Wednesday,207.15000000000146,1.75,true,false,,,,,25.13,-5.28,2026-04-29 10:23:00 +0530,39,24.3,0.121,38,100,13,,0,-2.54,-0.1009,0.0,53.45,normal,mean_reverting,open_test_drive,none
2026-04-30,bearish,2026-04-30 09:31:00 +0530,23872.05,24019.15,23872.75,146.40000000000146,0.0,false,false,inside,4,Thursday,75.20000000000073,215.40000000000146,true,false,,,,,13.47,-26.37,2026-04-30 10:27:00 +0530,56,35.11,0.179,31,100,0,,0,-5.89,-0.4371,0.0,37.15,normal,mean_reverting,opening_drive,none
2026-04-30,bullish,2026-04-30 13:44:00 +0530,24017.8,24019.15,23872.75,146.40000000000146,0.0,false,false,inside,4,Thursday,69.65000000000146,54.849999999998545,true,false,,,,,23.9,-7.64,2026-04-30 15:09:00 +0530,85,15.85,0.343,43,100,11,,0,2.77,0.1161,0.1161,38.45,normal,mean_reverting,opening_drive,none
2026-05-04,bullish,2026-05-04 09:38:00 +0530,24257.95,24245.85,24061.85,184.0,0.0,false,false,inside,4,Monday,32.25,253.20000000000073,false,true,,,,,16.16,-23.43,2026-05-04 10:06:00 +0530,28,34.09,0.501,17,100,0,,0,-11.96,-0.7403,0.0,40.2,normal,trending,open_auction,vwap_reclaimed
2026-05-04,bearish,2026-05-04 13:29:00 +0530,24055.85,24245.85,24061.85,184.0,0.0,false,false,inside,4,Monday,51.099999999998545,93.85000000000218,true,false,,,,,25.91,-29.65,2026-05-04 13:42:00 +0530,13,44.13,0.507,41,100,0,,0,-0.73,-0.0281,0.0,27.4,normal,trending,open_auction,none
2026-05-05,bearish,2026-05-05 10:29:00 +0530,23948.15,24072.1,23949.4,122.69999999999709,0.0,false,false,inside,4,Tuesday,66.10000000000218,133.54999999999927,true,false,,,,,27.3,-99.81,2026-05-05 10:36:00 +0530,7,99.85,0.413,48,100,0,,0,9.67,0.3544,0.3544,9.2,normal,mean_reverting,open_test_drive,none
2026-05-06,bearish,2026-05-06 09:37:00 +0530,24157.5,24250.85,24156.95,93.89999999999782,0.0,false,false,inside,4,Wednesday,159.59999999999854,199.0,true,false,,,,,21.5,-22.67,2026-05-06 13:07:00 +0530,210,36.36,0.135,29,100,0,,0,7.08,0.3293,0.3293,24.65,normal,trending,open_test_drive,none
2026-05-06,bullish,2026-05-06 14:26:00 +0530,24269.95,24250.85,24156.95,93.89999999999782,0.0,false,false,inside,4,Wednesday,86.54999999999927,1.8500000000021828,true,false,,,,,11.54,-10.73,2026-05-06 15:00:00 +0530,34,19.92,0.133,39,100,0,,0,5.87,0.5088,0.5088,14.0,normal,trending,open_test_drive,none
2026-05-07,bearish,2026-05-07 11:22:00 +0530,24296.55,24423.35,24300.7,122.64999999999782,0.0,false,false,inside,4,Thursday,12.549999999999272,185.54999999999927,false,true,,,,,10.4,-29.14,2026-05-07 11:31:00 +0530,9,35.82,0.829,24,100,0,,0,-4.74,-0.456,0.0,26.5,normal,trending,trend_from_open,vwap_reclaimed
2026-05-07,bullish,2026-05-07 12:40:00 +0530,24436.8,24423.35,24300.7,122.64999999999782,0.0,false,false,inside,4,Thursday,45.29999999999927,143.39999999999782,false,true,,,,,5.58,-18.29,2026-05-07 15:20:00 +0530,160,17.33,0.123,18,100,0,,0,-8.53,-1.5286,0.0,28.7,normal,trending,trend_from_open,vwap_reclaimed
2026-05-08,bearish,2026-05-08 09:46:00 +0530,24147.3,24253.8,24158.15,95.64999999999782,0.0,false,false,inside,4,Friday,20.649999999997817,96.65000000000146,false,true,,,,,15.61,-25.73,2026-05-08 10:12:00 +0530,26,35.76,0.756,20,100,0,,0,8.31,0.5323,0.5323,10.85,normal,mean_reverting,open_test_drive,vwap_reclaimed
2026-05-11,bearish,2026-05-11 09:39:00 +0530,23890.55,23986.8,23895.55,91.25,0.0,false,false,inside,4,Monday,91.45000000000073,106.90000000000146,true,false,,,,,5.15,-45.82,2026-05-11 09:46:00 +0530,7,48.47,0.056,26,100,0,,0,-16.04,-3.1154,0.0,26.75,normal,mean_reverting,open_test_drive,none
2026-05-11,bullish,2026-05-11 13:55:00 +0530,23994.3,23986.8,23895.55,91.25,0.0,false,false,inside,4,Monday,2.7000000000007276,195.20000000000073,false,true,,,,,27.03,-15.24,2026-05-11 15:05:00 +0530,70,15.25,10.011,45,100,3,,0,12.8,0.4737,0.4737,15.5,normal,mean_reverting,open_test_drive,vwap_reclaimed
2026-05-12,bearish,2026-05-12 09:31:00 +0530,23633.25,23757.55,23633.1,124.45000000000073,0.0,false,false,inside,4,Tuesday,284.84999999999854,41.95000000000073,true,false,,,,,13.36,-99.85,2026-05-12 09:33:00 +0530,2,99.87,0.047,51,100,0,,0,-34.42,-2.5761,0.0,32.9,normal,trending,open_test_drive,none
2026-05-13,bearish,2026-05-13 09:32:00 +0530,23357.75,23503.8,23362.45,141.34999999999854,0.0,false,false,inside,4,Wednesday,95.20000000000073,225.20000000000073,true,false,,,,,13.21,-15.39,2026-05-13 09:51:00 +0530,19,25.26,0.139,38,100,0,,0,-0.31,-0.0231,0.0,28.75,normal,trending,open_test_drive,none
2026-05-13,bullish,2026-05-13 12:14:00 +0530,23505.35,23503.8,23362.45,141.34999999999854,0.0,false,false,inside,4,Wednesday,77.60000000000218,111.0,true,false,,,,,5.37,-16.32,2026-05-13 13:00:00 +0530,46,20.59,0.069,36,100,0,,0,-6.16,-1.1471,0.0,29.2,normal,trending,open_test_drive,none
2026-05-14,bearish,2026-05-14 09:42:00 +0530,23512.95,23589.2,23515.6,73.60000000000218,0.0,false,false,inside,4,Thursday,86.40000000000146,264.25,true,false,,,,,14.99,-16.66,2026-05-14 10:09:00 +0530,27,27.52,0.173,37,100,0,,0,6.78,0.4526,0.4526,15.0,normal,mean_reverting,open_test_drive,none
2026-05-14,bullish,2026-05-14 12:01:00 +0530,23668.7,23589.2,23515.6,73.60000000000218,0.0,false,false,inside,4,Thursday,108.5,32.25,true,false,,,,,7.92,-22.89,2026-05-14 13:08:00 +0530,67,28.55,0.073,32,100,0,,0,-8.12,-1.0247,0.0,32.8,normal,mean_reverting,open_test_drive,none
2026-05-15,bullish,2026-05-15 09:45:00 +0530,23802.5,23796.95,23663.35,133.60000000000218,0.0,false,false,inside,4,Friday,36.79999999999927,192.20000000000073,false,true,,,,,7.13,-28.6,2026-05-15 09:59:00 +0530,14,33.35,0.194,14,100,0,,0,-8.79,-1.2323,0.0,28.35,normal,trending,open_test_drive,vwap_reclaimed
2026-05-15,bearish,2026-05-15 14:48:00 +0530,23657.1,23796.95,23663.35,133.60000000000218,0.0,false,false,inside,4,Friday,46.79999999999927,21.25,false,true,,,,,14.06,-19.53,2026-05-15 14:50:00 +0530,2,29.45,0.301,44,100,0,,0,-7.44,-0.5291,0.0,38.15,normal,trending,open_test_drive,premium_divergence
2026-05-18,bearish,2026-05-18 09:39:00 +0530,23356.1,23494.6,23363.05,131.54999999999927,0.0,false,false,inside,4,Monday,39.0,339.5500000000029,false,true,,,,,28.55,-25.61,2026-05-18 15:00:00 +0530,321,42.13,0.732,13,100,0,,0,4.7,0.1646,0.1646,29.95,normal,mean_reverting,opening_drive,vwap_reclaimed
2026-05-18,bullish,2026-05-18 12:09:00 +0530,23495.95,23494.6,23363.05,131.54999999999927,0.0,false,false,inside,4,Monday,199.70000000000073,4.350000000002183,true,false,,,,,27.41,-36.72,2026-05-18 12:56:00 +0530,47,50.33,0.137,25,100,0,,0,0.36,0.013,0.013,30.35,normal,mean_reverting,opening_drive,none
2026-05-19,bearish,2026-05-19 09:36:00 +0530,23667.05,23765.65,23675.25,90.40000000000146,0.0,false,false,inside,4,Tuesday,79.84999999999854,115.25,true,false,,,,,8.01,-99.94,2026-05-19 09:40:00 +0530,4,99.95,0.1,33,100,0,,0,-30.23,-3.7746,0.0,33.9,normal,trending,failed_auction,none
2026-05-20,bullish,2026-05-20 09:31:00 +0530,23488.1,23481.95,23397.3,84.65000000000146,0.0,false,false,inside,4,Wednesday,202.8000000000029,12.44999999999709,true,false,,,,,9.26,-15.06,2026-05-20 09:46:00 +0530,15,22.25,0.046,38,100,0,,0,-4.24,-0.4585,0.0,29.9,normal,trending,open_test_drive,none
2026-05-21,bearish,2026-05-21 09:33:00 +0530,23747.45,23859.9,23750.85,109.05000000000291,0.0,false,false,inside,4,Thursday,150.85000000000218,64.54999999999927,true,false,,,,,11.6,-20.5,2026-05-21 12:47:00 +0530,194,28.76,0.077,32,100,0,,0,-13.09,-1.1282,0.0,49.8,normal,trending,open_test_drive,none
2026-05-22,bullish,2026-05-22 09:35:00 +0530,23763.65,23756.65,23671.0,85.65000000000146,0.0,false,false,inside,4,Friday,72.0,64.70000000000073,true,false,,,,,3.57,-25.96,2026-05-22 11:46:00 +0530,131,28.51,0.05,32,100,0,,0,-4.59,-1.2869,0.0,13.95,normal,trending,failed_auction,none
2026-05-25,bullish,2026-05-25 10:47:00 +0530,23995.55,23989.1,23922.85,66.25,0.0,false,false,inside,4,Monday,58.900000000001455,59.95000000000073,true,false,,,,,20.21,-26.81,2026-05-25 15:29:00 +0530,282,4.74,0.343,47,100,0,,0,-7.06,-0.3491,0.0,27.05,normal,mean_reverting,open_auction,none
2026-05-26,bullish,2026-05-26 09:38:00 +0530,24060.15,24041.25,23965.7,75.54999999999927,0.0,false,false,inside,4,Tuesday,29.649999999997817,174.70000000000073,false,true,,,,,6.54,-99.93,2026-05-26 09:40:00 +0530,2,99.93,0.221,22,100,0,,0,-13.09,-2.0,0.0,13.2,normal,trending,open_test_drive,vwap_reclaimed
2026-05-26,bearish,2026-05-26 13:16:00 +0530,23963.3,24041.25,23965.7,75.54999999999927,0.0,false,false,inside,4,Tuesday,77.84999999999854,35.95000000000073,true,false,,,,,103.28,-99.8,2026-05-26 14:06:00 +0530,50,99.9,1.327,48,100,0,2,33,-6.97,-0.0675,0.0,26.9,normal,trending,open_test_drive,none
2026-05-27,bullish,2026-05-27 10:18:00 +0530,23953.75,23950.15,23869.65,80.5,0.0,false,false,inside,4,Wednesday,29.450000000000728,95.5,false,true,,,,,12.66,-16.33,2026-05-27 15:22:00 +0530,304,5.76,0.43,28,100,0,,0,1.2,0.0944,0.0944,20.15,normal,mean_reverting,open_auction,vwap_reclaimed
2026-05-27,bearish,2026-05-27 14:37:00 +0530,23860.25,23950.15,23869.65,80.5,0.0,false,false,inside,4,Wednesday,2.0,66.59999999999854,false,true,,,,,0.57,-30.14,2026-05-27 14:38:00 +0530,1,30.54,0.287,17,100,0,,0,-15.49,-26.9444,0.0,25.15,normal,mean_reverting,open_auction,vwap_reclaimed
2026-05-29,bearish,2026-05-29 09:44:00 +0530,23880.95,24002.8,23889.15,113.64999999999782,0.0,false,false,inside,4,Friday,396.2000000000007,73.54999999999927,true,false,,,,,5.94,-62.58,2026-05-29 14:30:00 +0530,286,64.68,0.015,20,100,0,,0,-13.0,-2.1871,0.0,24.7,normal,mean_reverting,open_rejection_reverse,none
2026-06-01,bearish,2026-06-01 09:36:00 +0530,23585.9,23733.7,23587.75,145.95000000000073,0.0,false,false,inside,4,Monday,227.95000000000073,37.89999999999782,true,false,,,,,4.23,-50.76,2026-06-01 09:57:00 +0530,21,52.76,0.019,21,100,0,,0,-23.48,-5.5506,0.0,29.15,normal,mean_reverting,open_test_drive,none
2026-06-02,bullish,2026-06-02 09:45:00 +0530,23301.7,23297.75,23229.15,68.59999999999854,0.0,false,false,inside,4,Tuesday,255.25,36.04999999999927,true,false,,,,,34.57,-99.9,2026-06-02 10:51:00 +0530,66,99.93,0.135,25,100,0,,0,15.24,0.4408,0.4408,10.15,normal,trending,open_auction,none
2026-06-03,bearish,2026-06-03 09:33:00 +0530,23262.2,23447.65,23265.25,182.40000000000146,0.0,false,false,inside,4,Wednesday,110.70000000000073,197.45000000000073,true,false,,,,,19.91,-25.63,2026-06-03 09:46:00 +0530,13,37.98,0.18,37,100,0,,0,8.17,0.41,0.41,20.65,normal,trending,opening_drive,none
2026-06-03,bullish,2026-06-03 14:52:00 +0530,23457.25,23447.65,23265.25,182.40000000000146,0.0,false,false,inside,4,Wednesday,2.400000000001455,83.34999999999854,false,true,,,,,12.55,-16.08,2026-06-03 15:00:00 +0530,8,25.44,5.23,47,80,0,,0,-8.83,-0.7035,0.0,56.3,normal,trending,opening_drive,premium_divergence
2026-06-04,bullish,2026-06-04 09:46:00 +0530,23368.35,23362.85,23247.3,115.54999999999927,0.0,false,false,inside,4,Thursday,96.95000000000073,55.19999999999709,true,false,,,,,8.34,-23.33,2026-06-04 09:58:00 +0530,12,29.23,0.086,36,100,0,,0,-7.19,-0.8622,0.0,31.75,normal,mean_reverting,open_test_drive,none
2026-06-05,bearish,2026-06-05 10:02:00 +0530,23438.45,23516.35,23439.3,77.04999999999927,0.0,false,false,inside,4,Friday,155.79999999999927,74.20000000000073,true,false,,,,,6.63,-35.54,2026-06-05 10:50:00 +0530,48,39.55,0.043,27,100,0,,0,-18.42,-2.7784,0.0,36.65,normal,trending,open_auction,none
2026-06-08,bullish,2026-06-08 09:31:00 +0530,23168.75,23157.05,23070.15,86.89999999999782,0.0,false,false,inside,4,Monday,98.54999999999927,78.84999999999854,true,false,,,,,26.67,-33.65,2026-06-08 09:35:00 +0530,4,47.62,0.271,54,100,0,,0,2.11,0.0789,0.0789,29.75,normal,mean_reverting,open_test_drive,none
2026-06-09,bearish,2026-06-09 09:50:00 +0530,23184.75,23259.45,23194.9,64.54999999999927,0.0,false,false,inside,4,Tuesday,80.29999999999927,94.65000000000146,true,false,,,,,14.32,-98.81,2026-06-09 11:46:00 +0530,116,98.96,0.178,23,100,0,,0,-32.05,-2.2381,0.0,27.2,normal,trending,open_auction,none
2026-06-09,bullish,2026-06-09 14:54:00 +0530,23262.65,23259.45,23194.9,64.54999999999927,0.0,false,false,inside,4,Tuesday,16.75,37.60000000000218,false,true,,,,,11.97,-99.83,2026-06-09 14:57:00 +0530,3,99.85,0.715,33,100,0,,0,-69.81,-5.831,0.0,24.25,normal,trending,open_auction,premium_divergence
2026-06-10,bullish,2026-06-10 09:44:00 +0530,23354.6,23350.2,23217.3,132.90000000000146,0.0,false,false,inside,4,Wednesday,70.75,170.0,true,false,,,,,6.43,-21.48,2026-06-10 10:14:00 +0530,30,26.22,0.091,34,100,0,,0,-8.29,-1.2902,0.0,29.2,normal,trending,open_test_drive,none
2026-06-10,bearish,2026-06-10 15:14:00 +0530,23213.15,23350.2,23217.3,132.90000000000146,0.0,false,false,inside,4,Wednesday,28.55000000000291,3.649999999997817,false,true,,,,,1.3,-7.84,2026-06-10 15:15:00 +0530,1,9.02,0.045,29,75,0,,0,-0.93,-0.7209,0.0,3.7,normal,trending,open_test_drive,premium_divergence
2026-06-11,bullish,2026-06-11 09:47:00 +0530,23154.45,23148.05,23072.05,76.0,0.0,false,false,inside,4,Thursday,173.0,51.60000000000218,true,false,,,,,13.93,-17.76,2026-06-11 13:00:00 +0530,193,27.81,0.08,32,100,0,,0,1.74,0.1253,0.1253,19.55,normal,trending,open_test_drive,none
2026-06-12,bearish,2026-06-12 09:33:00 +0530,23396.55,23455.95,23400.55,55.400000000001455,0.0,false,false,inside,4,Friday,82.64999999999782,248.79999999999927,true,false,,,,,11.74,-36.96,2026-06-12 14:40:00 +0530,307,27.26,0.142,33,100,0,,0,-8.47,-0.7215,0.0,27.2,normal,mean_reverting,open_test_drive,none
2026-06-12,bullish,2026-06-12 13:39:00 +0530,23457.4,23455.95,23400.55,55.400000000001455,0.0,false,false,inside,4,Friday,187.9499999999971,2.7000000000007276,true,false,,,,,44.43,-0.66,2026-06-12 15:09:00 +0530,90,28.3,0.236,37,100,71,,0,12.59,0.2835,0.2835,38.55,normal,mean_reverting,open_test_drive,none
2026-06-15,bearish,2026-06-15 09:33:00 +0530,23934.1,24011.4,23934.1,77.30000000000291,0.0,false,false,inside,4,Monday,116.29999999999927,75.0,true,false,,,,,12.07,-50.78,2026-06-15 09:48:00 +0530,15,56.08,0.104,26,100,0,,0,0.52,0.0432,0.0432,13.3,normal,trending,trend_from_open,none
2026-06-16,bullish,2026-06-16 09:31:00 +0530,23941.05,23941.1,23888.2,52.89999999999782,0.0,false,false,inside,4,Tuesday,61.54999999999927,45.39999999999782,true,false,,,,,57.89,-99.88,2026-06-16 09:50:00 +0530,19,99.93,0.941,50,100,0,9,0,-9.12,-0.1576,0.0,28.65,normal,mean_reverting,failed_auction,none
2026-06-17,bullish,2026-06-17 09:39:00 +0530,24050.1,24048.05,23969.7,78.34999999999854,0.0,false,false,inside,4,Wednesday,58.10000000000218,44.25,true,false,,,,,10.5,-18.03,2026-06-17 10:23:00 +0530,44,25.82,0.181,36,100,0,,0,6.96,0.6627,0.6627,5.65,normal,trending,open_rejection_reverse,none
2026-06-18,bullish,2026-06-18 09:55:00 +0530,24137.4,24133.35,24058.85,74.5,0.0,false,false,inside,4,Thursday,51.849999999998545,100.45000000000073,true,false,,,,,18.86,-19.19,2026-06-18 10:00:00 +0530,5,32.01,0.364,56,100,0,,0,-4.28,-0.227,0.0,27.3,normal,trending,open_test_drive,none
2026-06-19,bullish,2026-06-19 10:14:00 +0530,24005.5,23998.8,23939.8,59.0,0.0,false,false,inside,4,Friday,41.70000000000073,103.59999999999854,false,true,,,,,16.93,-28.85,2026-06-19 14:20:00 +0530,246,39.15,0.406,11,100,0,,0,6.99,0.4131,0.4131,13.0,normal,trending,open_auction,vwap_reclaimed
2026-06-19,bearish,2026-06-19 12:58:00 +0530,23938.5,23998.8,23939.8,59.0,0.0,false,false,inside,4,Friday,36.599999999998545,108.70000000000073,false,true,,,,,8.39,-35.94,2026-06-19 13:07:00 +0530,9,40.9,0.229,13,100,0,,0,-15.95,-1.901,0.0,29.3,normal,trending,open_auction,vwap_reclaimed
2026-06-22,bullish,2026-06-22 10:01:00 +0530,24144.8,24142.5,24073.15,69.34999999999854,0.0,false,false,inside,4,Monday,23.25,64.70000000000073,false,true,,,,,34.34,-20.41,2026-06-22 15:00:00 +0530,299,33.16,1.477,27,100,27,,0,4.64,0.1352,0.1352,21.1,normal,trending,open_auction,vwap_reclaimed
2026-06-23,bullish,2026-06-23 09:31:00 +0530,24097.65,24095.55,24040.05,55.5,0.0,false,false,inside,4,Tuesday,37.849999999998545,312.7000000000007,false,true,,,,,71.0,-99.64,2026-06-23 11:58:00 +0530,147,99.79,1.876,25,100,0,146,3,-26.97,-0.3798,0.0,41.05,normal,trending,open_test_drive,vwap_reclaimed
2026-06-23,bearish,2026-06-23 12:01:00 +0530,23984.1,24095.55,24040.05,55.5,0.0,false,false,inside,4,Tuesday,199.14999999999782,6.80000000000291,true,false,,,,,36.55,-99.9,2026-06-23 12:23:00 +0530,22,99.92,0.184,32,100,0,,0,-23.57,-0.6449,0.0,28.95,normal,trending,open_test_drive,none
2026-06-24,bullish,2026-06-24 09:33:00 +0530,23886.55,23885.3,23789.25,96.04999999999927,0.0,false,false,inside,4,Wednesday,203.5,75.89999999999782,true,false,,,,,4.84,-24.22,2026-06-24 09:49:00 +0530,16,27.73,0.024,33,100,0,,0,-11.4,-2.3537,0.0,27.5,normal,trending,failed_auction,none
2026-06-25,bullish,2026-06-25 09:52:00 +0530,24175.55,24169.7,24107.8,61.900000000001455,0.0,false,false,inside,4,Thursday,86.04999999999927,136.54999999999927,true,false,,,,,33.88,-20.8,2026-06-25 12:23:00 +0530,151,40.84,0.394,31,100,23,,0,-0.37,-0.011,0.0,36.8,normal,mean_reverting,open_auction,none
2026-06-25,bearish,2026-06-25 14:24:00 +0530,24100.15,24169.7,24107.8,61.900000000001455,0.0,false,false,inside,4,Thursday,61.150000000001455,28.75,true,false,,,,,27.24,-21.53,2026-06-25 14:35:00 +0530,11,38.33,0.445,46,100,0,,0,0.0,0.0,0.0,27.2,normal,mean_reverting,open_auction,none
2026-06-29,bearish,2026-06-29 09:35:00 +0530,24018.7,24110.75,24032.35,78.40000000000146,0.0,false,false,inside,4,Monday,94.15000000000146,101.29999999999927,true,false,,,,,55.37,-27.66,2026-06-29 15:00:00 +0530,325,52.77,0.588,28,100,34,324,0,-10.38,-0.1874,0.0,53.85,normal,trending,open_test_drive,none
2026-06-30,bearish,2026-06-30 09:31:00 +0530,23889.25,24035.55,23890.8,144.75,0.0,false,false,inside,4,Tuesday,60.04999999999927,109.29999999999927,true,false,,,,,23.47,-99.78,2026-06-30 09:35:00 +0530,4,99.82,0.391,55,100,0,,0,-19.66,-0.8376,0.0,28.85,normal,mean_reverting,opening_drive,none
2026-07-01,bullish,2026-07-01 09:39:00 +0530,23942.3,23934.9,23895.1,39.80000000000291,0.0,false,false,inside,4,Wednesday,107.60000000000218,18.450000000000728,true,false,,,,,16.09,-18.73,2026-07-01 10:38:00 +0530,59,29.99,0.15,33,100,0,,0,-8.01,-0.4982,0.0,41.95,normal,mean_reverting,open_auction,none
2026-07-02,bullish,2026-07-02 09:34:00 +0530,24128.05,24127.6,24058.8,68.79999999999927,0.0,false,false,inside,4,Thursday,66.5,60.54999999999927,true,false,,,,,2.88,-33.55,2026-07-02 09:35:00 +0530,1,35.4,0.043,45,100,0,,0,-10.06,-3.5,0.0,20.25,normal,mean_reverting,trend_from_open,none
2026-07-03,bearish,2026-07-03 13:34:00 +0530,24291.65,24378.15,24295.15,83.0,0.0,false,false,inside,4,Friday,39.30000000000291,7.25,false,true,,,,,11.78,-31.6,2026-07-03 13:37:00 +0530,3,38.81,0.3,33,100,0,,0,3.24,0.2747,0.2747,8.45,normal,mean_reverting,trend_from_open,premium_divergence
2026-07-06,bullish,2026-07-06 09:31:00 +0530,24361.55,24360.15,24287.1,73.05000000000291,0.0,false,false,inside,4,Monday,97.10000000000218,5.299999999999272,true,false,,,,,13.16,-48.52,2026-07-06 10:07:00 +0530,36,54.5,0.136,24,100,0,,0,-23.61,-1.7941,0.0,28.5,normal,trending,open_test_drive,none
2026-07-07,bullish,2026-07-07 10:10:00 +0530,24488.9,24488.45,24427.0,61.45000000000073,0.0,false,false,inside,4,Tuesday,42.0,139.95000000000073,false,true,,,,,74.71,-98.69,2026-07-07 10:50:00 +0530,40,99.25,1.779,33,100,0,33,9,11.75,0.1572,0.1572,19.3,normal,mean_reverting,open_auction,vwap_reclaimed
2026-07-07,bearish,2026-07-07 13:13:00 +0530,24425.6,24488.45,24427.0,61.45000000000073,0.0,false,false,inside,4,Tuesday,76.64999999999782,47.45000000000073,true,false,,,,,16.96,-99.87,2026-07-07 13:18:00 +0530,5,99.89,0.221,43,100,0,,0,-52.74,-3.1102,0.0,26.1,normal,mean_reverting,open_auction,none
2026-07-08,bearish,2026-07-08 09:31:00 +0530,24226.9,24295.25,24229.9,65.34999999999854,0.0,false,false,inside,4,Wednesday,421.7000000000007,73.09999999999854,true,false,,,,,38.03,-34.11,2026-07-08 14:16:00 +0530,285,28.16,0.09,33,100,13,,0,-13.12,-0.345,0.0,88.7,normal,trending,open_test_drive,none
2026-07-09,bullish,2026-07-09 09:40:00 +0530,24051.0,24038.5,23927.7,110.79999999999927,0.0,false,false,inside,4,Thursday,83.70000000000073,125.29999999999927,true,false,,,,,16.89,-25.72,2026-07-09 10:42:00 +0530,62,35.36,0.202,31,100,0,,0,-4.75,-0.2812,0.0,32.35,normal,trending,open_auction,none
2026-07-10,bullish,2026-07-10 09:38:00 +0530,24193.8,24187.9,24120.35,67.55000000000291,0.0,false,false,inside,4,Friday,34.650000000001455,41.75,false,true,,,,,11.82,-26.78,2026-07-10 11:15:00 +0530,97,34.52,0.341,13,100,0,,0,2.84,0.2407,0.2407,10.25,normal,mean_reverting,open_auction,vwap_reclaimed
2026-07-13,bullish,2026-07-13 09:38:00 +0530,24057.55,24044.45,24000.2,44.25,0.0,false,false,inside,4,Monday,202.25,11.299999999999272,true,false,,,,,43.44,-28.87,2026-07-13 12:58:00 +0530,200,50.41,0.215,24,100,19,,0,-7.64,-0.1759,0.0,39.1,normal,trending,open_test_drive,none
2026-07-14,bearish,2026-07-14 10:20:00 +0530,24049.25,24157.1,24050.55,106.54999999999927,0.0,false,false,inside,4,Tuesday,25.549999999999272,97.09999999999854,false,true,,,,,62.86,-22.97,2026-07-14 10:28:00 +0530,8,52.7,2.46,55,100,50,7,0,-12.97,-0.2063,0.0,34.5,normal,trending,open_test_drive,vwap_reclaimed
2026-07-15,bullish,2026-07-15 10:18:00 +0530,24214.75,24211.75,24069.05,142.70000000000073,0.0,false,false,inside,4,Wednesday,5.599999999998545,204.20000000000073,false,true,,,,,13.9,-20.05,2026-07-15 12:57:00 +0530,159,29.81,2.483,36,100,0,,0,-5.68,-0.4085,0.0,31.55,normal,trending,trend_from_open,vwap_reclaimed
2026-07-15,bearish,2026-07-15 12:57:00 +0530,24036.25,24211.75,24069.05,142.70000000000073,0.0,false,false,inside,4,Wednesday,25.700000000000728,70.79999999999927,false,true,,,,,2.04,-29.95,2026-07-15 12:58:00 +0530,1,31.35,0.079,23,100,0,,0,-15.4,-7.5465,0.0,36.75,normal,trending,trend_from_open,premium_divergence
