timestamp,spot_open,spot_high,spot_low,spot_close,spot_volume,ce_open,ce_high,ce_low,ce_close,ce_volume,ce_iv,ce_oi,ce_strike,pe_open,pe_high,pe_low,pe_close,pe_volume,pe_iv,pe_oi,pe_strike
2024-02-01 09:15:00 +0530,21780.65,21780.65,21721.0,21736.1,0.0,119.65,128.3,110.05,120.85,2222850,54.784815,2984950,21750.0,120.0,155.95,108.05,144.9,1388550,59.8391,981400,21750.0
2024-02-01 09:16:00 +0530,21735.35,21756.35,21733.7,21747.6,0.0,118.9,125.75,116.4,118.0,1815100,51.169518,2984950,21750.0,142.2,143.6,131.85,134.95,1108850,58.125147,981400,21750.0
2024-02-01 09:17:00 +0530,21747.75,21753.6,21739.2,21741.6,0.0,117.15,120.0,112.4,114.3,1304600,50.929573,3736750,21750.0,135.95,140.15,129.9,135.6,773150,57.181162,1804800,21750.0
2024-02-01 09:18:00 +0530,21742.4,21747.8,21718.9,21725.65,0.0,112.65,116.05,101.4,104.05,1429450,49.889369,3736750,21750.0,137.35,147.0,131.1,144.55,933300,57.577914,1804800,21750.0
2024-02-01 09:19:00 +0530,21724.95,21729.1,21708.7,21718.8,0.0,127.6,130.25,118.3,121.25,1212850,48.149461,6448800,21700.0,117.3,126.75,116.75,124.1,2000050,58.247007,4206350,21700.0
2024-02-01 09:20:00 +0530,21715.25,21737.35,21713.1,21735.3,0.0,99.75,107.6,99.75,106.25,1287300,48.977093,4654050,21750.0,150.1,150.1,136.15,136.15,782800,56.254292,2141800,21750.0
2024-02-01 09:21:00 +0530,21735.4,21743.5,21716.2,21733.85,0.0,105.1,108.35,96.45,104.45,1498700,48.565107,4654050,21750.0,137.4,145.0,129.85,134.8,1038650,55.416763,2141800,21750.0
2024-02-01 09:22:00 +0530,21737.35,21747.4,21731.8,21740.4,0.0,102.8,107.85,102.15,106.4,767250,48.093281,4654050,21750.0,134.9,136.05,125.6,128.45,846950,54.183072,2141800,21750.0
2024-02-01 09:23:00 +0530,21742.05,21752.45,21727.9,21729.55,0.0,106.35,110.65,100.55,100.55,1382650,47.893395,5192650,21750.0,127.1,134.35,120.15,132.4,923800,53.542648,2557650,21750.0
2024-02-01 09:24:00 +0530,21733.7,21734.25,21722.65,21725.6,0.0,100.2,100.2,93.0,93.0,1297050,45.466307,5192650,21750.0,131.3,138.1,130.25,135.65,662850,54.131463,2557650,21750.0
2024-02-01 09:25:00 +0530,21723.0,21729.05,21717.2,21722.1,0.0,116.6,119.7,111.55,115.05,1177250,45.047088,7680900,21700.0,109.0,111.95,104.65,107.3,1424800,52.019935,5960750,21700.0
2024-02-01 09:26:00 +0530,21721.35,21725.5,21714.85,21716.55,0.0,114.3,115.85,108.6,109.9,1361400,44.149524,8391400,21700.0,108.15,110.75,103.95,109.45,1454900,51.890448,6644900,21700.0
2024-02-01 09:27:00 +0530,21714.55,21733.85,21714.55,21725.35,0.0,87.75,92.3,86.2,92.3,956100,45.399401,5803900,21750.0,138.2,138.2,125.45,130.5,640850,52.027386,2746600,21750.0
2024-02-01 09:28:00 +0530,21727.0,21749.0,21727.0,21732.1,0.0,92.9,99.9,89.5,96.8,1483850,46.041396,5803900,21750.0,128.8,129.05,118.3,129.05,768850,53.015931,2746600,21750.0
2024-02-01 09:29:00 +0530,21734.1,21734.4,21710.35,21715.5,0.0,119.95,122.1,105.3,106.35,1461550,43.013362,9112250,21700.0,100.35,110.85,97.8,106.65,2096400,50.647604,7289150,21700.0
2024-02-01 09:30:00 +0530,21716.55,21733.45,21714.25,21718.2,0.0,107.45,114.7,103.35,108.85,2106950,43.54467,9112250,21700.0,105.25,108.35,96.25,105.4,1990100,50.727801,7289150,21700.0
2024-02-01 09:31:00 +0530,21718.0,21724.25,21705.75,21710.75,0.0,108.65,108.75,99.3,100.65,1783200,41.718451,9112250,21700.0,105.5,109.55,100.35,107.3,1955050,50.071787,7289150,21700.0
2024-02-01 09:32:00 +0530,21707.15,21736.0,21707.15,21735.8,0.0,78.65,88.6,78.25,87.4,1147300,41.35735,6871950,21750.0,135.0,135.0,118.2,118.2,739400,49.354727,3008600,21750.0
2024-02-01 09:33:00 +0530,21737.65,21746.4,21731.5,21739.05,0.0,88.05,91.5,86.3,89.9,1239950,41.827502,6871950,21750.0,117.4,121.55,112.85,116.6,796450,49.452954,3008600,21750.0
2024-02-01 09:34:00 +0530,21741.15,21749.9,21740.05,21748.15,0.0,90.15,95.6,87.8,92.6,1561000,41.092437,6871950,21750.0,117.25,117.25,110.55,112.1,625050,49.561462,3008600,21750.0
2024-02-01 09:35:00 +0530,21748.95,21748.95,21723.3,21727.3,0.0,92.65,94.35,83.35,84.65,1786400,42.101523,7318400,21750.0,114.15,125.7,112.05,122.8,990450,49.633955,3290150,21750.0
2024-02-01 09:36:00 +0530,21729.65,21729.65,21713.8,21715.5,0.0,107.45,107.75,97.2,99.7,1586350,40.476696,10123350,21700.0,96.05,101.8,96.05,101.35,1704550,48.777135,8549650,21700.0
2024-02-01 09:37:00 +0530,21714.5,21723.95,21710.45,21712.45,0.0,99.95,101.65,95.4,97.8,1864150,40.407124,10123350,21700.0,101.5,104.35,96.3,102.2,1547650,48.578018,8549650,21700.0
2024-02-01 09:38:00 +0530,21712.9,21715.25,21707.5,21712.85,0.0,97.7,98.4,95.05,98.1,1110250,40.50536,10818550,21700.0,103.05,106.45,102.2,103.7,1589750,49.40161,8686750,21700.0
2024-02-01 09:39:00 +0530,21713.8,21716.65,21697.75,21701.9,0.0,97.1,100.0,89.4,92.55,1708350,40.616401,10818550,21700.0,104.45,112.1,99.7,109.1,2203400,49.512079,8686750,21700.0
2024-02-01 09:40:00 +0530,21701.25,21739.3,21697.15,21734.1,0.0,69.1,82.65,68.7,79.9,2194150,38.841213,8117150,21750.0,141.5,141.5,111.05,116.2,1178300,48.620002,3142650,21750.0
2024-02-01 09:41:00 +0530,21733.65,21736.8,21728.8,21733.65,0.0,79.45,82.15,79.45,81.15,1123700,39.554163,8451000,21750.0,116.8,117.45,111.5,115.1,583500,48.091063,3160700,21750.0
2024-02-01 09:42:00 +0530,21733.15,21744.1,21727.95,21740.4,0.0,80.4,85.15,77.75,82.75,1251400,38.872728,8451000,21750.0,116.0,118.85,106.4,110.3,864550,47.564609,3160700,21750.0
2024-02-01 09:43:00 +0530,21740.0,21741.1,21730.15,21731.95,0.0,82.5,82.75,77.4,78.35,813150,38.772038,8451000,21750.0,111.05,115.45,109.6,114.3,442650,47.469702,3160700,21750.0
2024-02-01 09:44:00 +0530,21732.0,21742.5,21724.7,21739.05,0.0,77.75,81.1,75.05,79.95,984850,38.022349,8738100,21750.0,114.4,117.45,108.5,109.3,602550,46.940309,3475200,21750.0
2024-02-01 09:45:00 +0530,21738.95,21752.55,21735.3,21752.55,0.0,79.7,84.75,77.85,84.7,1156250,37.198343,8738100,21750.0,107.3,112.45,101.45,101.45,1000700,46.523518,3475200,21750.0
2024-02-01 09:46:00 +0530,21753.5,21761.4,21752.45,21758.1,0.0,85.7,91.05,84.95,88.2,2233850,37.542965,8738100,21750.0,101.35,103.85,96.6,100.3,1290900,47.290672,3475200,21750.0
2024-02-01 09:47:00 +0530,21760.7,21760.7,21740.5,21743.5,0.0,88.75,88.9,79.35,80.1,1606050,37.278068,9320350,21750.0,100.05,110.4,100.05,107.85,909500,47.509538,4006000,21750.0
2024-02-01 09:48:00 +0530,21742.35,21753.8,21738.35,21753.55,0.0,79.2,86.65,78.15,85.15,1197950,37.336637,9320350,21750.0,107.55,110.3,99.1,100.95,657800,46.720161,4006000,21750.0
2024-02-01 09:49:00 +0530,21753.85,21753.85,21736.75,21743.15,0.0,85.35,85.35,79.2,79.55,984100,37.217986,9320350,21750.0,100.55,107.8,100.55,104.55,479400,46.072896,4006000,21750.0
2024-02-01 09:50:00 +0530,21740.85,21756.2,21733.85,21756.2,0.0,79.65,86.5,75.05,85.95,1671250,37.193352,9934600,21750.0,104.85,110.6,92.35,94.0,1196900,44.291293,4265950,21750.0
2024-02-01 09:51:00 +0530,21755.95,21758.05,21744.0,21744.75,0.0,84.85,84.95,78.4,79.0,1069550,36.721771,9934600,21750.0,93.35,101.65,92.45,100.55,848200,44.757705,4265950,21750.0
2024-02-01 09:52:00 +0530,21743.3,21749.65,21737.3,21747.7,0.0,79.0,80.75,75.95,79.5,845600,36.337599,9934600,21750.0,100.4,103.4,97.6,98.8,464100,44.70002,4265950,21750.0
2024-02-01 09:53:00 +0530,21747.5,21755.4,21743.4,21755.4,0.0,80.0,82.0,77.15,81.35,693300,35.454677,10419800,21750.0,98.25,101.6,93.55,94.1,446450,44.35373,4591850,21750.0
2024-02-01 09:54:00 +0530,21755.1,21758.3,21749.25,21749.65,0.0,81.0,83.15,78.45,78.8,995700,35.68217,10419800,21750.0,94.75,97.6,93.45,97.15,538850,44.521159,4591850,21750.0
2024-02-01 09:55:00 +0530,21749.85,21755.4,21741.2,21752.0,0.0,78.8,81.35,75.1,80.3,1220850,35.877961,10419800,21750.0,97.2,102.55,93.95,94.9,620900,44.089559,4591850,21750.0
2024-02-01 09:56:00 +0530,21752.4,21756.6,21745.35,21752.4,0.0,79.05,82.65,76.9,80.05,878750,35.725163,11078850,21750.0,94.95,98.85,92.15,95.85,492250,44.6789,4823900,21750.0
2024-02-01 09:57:00 +0530,21750.7,21755.9,21746.35,21754.0,0.0,79.35,82.55,77.7,82.55,772200,36.550192,11078850,21750.0,96.35,98.55,93.45,94.0,406500,44.257035,4823900,21750.0
2024-02-01 09:58:00 +0530,21753.1,21754.25,21746.85,21749.9,0.0,81.15,82.15,78.7,79.8,679800,36.301062,11078850,21750.0,95.25,98.2,93.55,96.5,362800,44.543529,4823900,21750.0
2024-02-01 09:59:00 +0530,21750.0,21756.9,21744.35,21756.9,0.0,79.75,82.95,77.05,82.25,954050,35.837537,11412050,21750.0,96.8,99.95,93.5,93.5,441050,44.807233,4945100,21750.0
2024-02-01 10:00:00 +0530,21757.4,21761.0,21751.85,21754.85,0.0,81.0,85.05,79.25,80.85,1433400,35.735839,11412050,21750.0,94.8,96.75,88.5,94.35,1059300,44.806881,4945100,21750.0
2024-02-01 10:01:00 +0530,21755.6,21755.6,21744.25,21746.85,0.0,80.8,80.95,75.6,76.3,1405300,35.560966,11412050,21750.0,94.45,98.9,93.2,97.4,715200,44.457883,4945100,21750.0
2024-02-01 10:02:00 +0530,21747.7,21750.1,21740.5,21741.0,0.0,77.2,77.55,72.75,73.2,1251750,35.513777,12244300,21750.0,96.3,100.95,95.1,100.05,663300,44.382651,5267800,21750.0
2024-02-01 10:03:00 +0530,21741.15,21741.15,21724.25,21738.9,0.0,71.9,72.85,64.65,71.45,2165000,35.229262,12244300,21750.0,100.65,108.35,99.7,100.6,985400,44.206365,5267800,21750.0
2024-02-01 10:04:00 +0530,21740.4,21750.2,21739.3,21747.1,0.0,71.15,75.75,71.15,73.05,1305100,34.165239,12244300,21750.0,100.25,100.25,92.5,95.7,722900,43.930202,5267800,21750.0
2024-02-01 10:05:00 +0530,21743.6,21749.65,21740.0,21749.65,0.0,70.75,76.25,70.35,75.95,1349850,34.970595,12871950,21750.0,97.5,98.1,89.5,89.95,621800,41.920609,5306500,21750.0
2024-02-01 10:06:00 +0530,21750.3,21757.65,21749.65,21757.65,0.0,76.25,79.65,75.15,79.15,1352000,34.6082,12871950,21750.0,89.5,92.2,86.2,86.2,839150,42.060063,5306500,21750.0
2024-02-01 10:07:00 +0530,21757.45,21773.6,21755.4,21769.85,0.0,77.65,91.7,76.85,89.3,2584000,36.363183,12871950,21750.0,88.4,90.35,84.15,89.6,1194900,46.393875,5306500,21750.0
2024-02-01 10:08:00 +0530,21767.6,21790.45,21761.75,21789.7,0.0,70.15,90.3,69.15,86.4,7189800,42.198163,13608100,21800.0,123.5,125.5,108.2,110.1,1328150,49.050057,3050000,21800.0
2024-02-01 10:09:00 +0530,21791.1,21793.55,21779.05,21781.65,0.0,87.5,89.3,81.6,82.75,2179750,42.36211,13608100,21800.0,109.35,117.05,106.75,111.0,1368600,47.603168,3050000,21800.0
2024-02-01 10:10:00 +0530,21780.5,21782.15,21774.85,21781.05,0.0,83.0,83.6,75.2,78.6,3504000,40.620686,13608100,21800.0,109.8,116.75,109.3,111.9,723000,47.949961,3050000,21800.0
2024-02-01 10:11:00 +0530,21781.0,21786.8,21777.75,21786.35,0.0,78.75,80.3,75.75,79.35,1662550,39.859468,13582850,21800.0,112.9,114.45,106.6,109.1,522750,48.00546,3646750,21800.0
2024-02-01 10:12:00 +0530,21785.5,21791.5,21784.7,21786.8,0.0,78.1,86.55,78.1,80.85,3056400,40.524483,13582850,21800.0,107.8,109.8,103.6,107.95,714900,47.650299,3646750,21800.0
2024-02-01 10:13:00 +0530,21787.1,21796.9,21784.3,21796.75,0.0,82.65,85.6,79.3,85.6,2074400,40.533766,13582850,21800.0,109.2,111.2,105.7,106.7,467750,49.508078,3646750,21800.0
2024-02-01 10:14:00 +0530,21796.8,21797.1,21782.25,21783.9,0.0,85.55,86.75,77.3,77.55,2603400,39.753743,14108950,21800.0,107.1,113.6,105.55,111.75,585050,48.877904,3970900,21800.0
2024-02-01 10:15:00 +0530,21782.9,21782.9,21768.55,21769.8,0.0,96.45,99.2,89.45,91.85,1447500,38.050097,11797100,21750.0,81.35,85.7,80.6,83.85,1158350,44.245004,5702800,21750.0
2024-02-01 10:16:00 +0530,21771.1,21771.95,21758.9,21761.75,0.0,92.15,92.15,85.5,87.75,1417800,38.21095,11797100,21750.0,82.6,86.6,82.6,83.45,1041300,42.343116,5702800,21750.0
2024-02-01 10:17:00 +0530,21761.05,21781.3,21760.05,21778.5,0.0,70.45,79.95,68.15,79.95,2437300,42.282193,14665100,21800.0,113.35,115.7,103.2,104.65,733850,44.410958,3967000,21800.0
2024-02-01 10:18:00 +0530,21779.1,21783.3,21776.4,21776.4,0.0,78.0,80.45,75.65,75.95,1943850,40.915168,14665100,21800.0,104.6,109.1,103.0,109.0,415500,46.012486,3967000,21800.0
2024-02-01 10:19:00 +0530,21776.85,21785.2,21776.15,21784.95,0.0,75.9,79.0,73.5,78.0,1264200,40.053487,14665100,21800.0,108.65,110.45,104.85,106.8,372800,47.178219,3967000,21800.0
2024-02-01 10:20:00 +0530,21781.35,21783.9,21777.8,21778.75,0.0,76.7,76.9,72.7,72.7,1385150,38.984381,15000800,21800.0,107.7,110.05,105.75,109.85,414450,47.156978,4163500,21800.0
2024-02-01 10:21:00 +0530,21777.8,21779.45,21772.25,21777.3,0.0,71.65,73.0,69.75,72.55,1478050,39.296282,15000800,21800.0,109.6,114.0,109.55,110.05,456500,46.960887,4163500,21800.0
2024-02-01 10:22:00 +0530,21777.45,21777.45,21768.6,21776.85,0.0,72.05,73.15,67.8,71.1,1441800,38.766917,15000800,21800.0,110.85,116.4,108.3,111.1,451900,47.422629,4163500,21800.0
2024-02-01 10:23:00 +0530,21775.7,21777.2,21769.35,21771.55,0.0,91.0,91.85,87.75,90.0,461400,37.206098,12358000,21750.0,79.4,84.3,79.15,82.05,447750,44.334505,6500550,21750.0
2024-02-01 10:24:00 +0530,21771.5,21781.3,21770.2,21779.75,0.0,71.35,73.65,68.65,73.25,894050,39.283055,15418600,21800.0,113.6,116.7,108.55,109.9,308600,47.73673,4215650,21800.0
2024-02-01 10:25:00 +0530,21778.75,21783.7,21774.05,21775.55,0.0,73.0,74.5,70.45,72.95,952050,40.135075,15418600,21800.0,109.2,112.5,107.55,110.7,314350,47.127441,4215650,21800.0
2024-02-01 10:26:00 +0530,21775.8,21785.75,21775.8,21785.75,0.0,72.35,77.05,72.05,75.85,1140250,39.305495,15571550,21800.0,110.45,110.45,104.15,106.7,443350,47.86199,4299650,21800.0
2024-02-01 10:27:00 +0530,21783.95,21788.2,21776.4,21777.25,0.0,75.1,76.8,71.55,72.0,1193950,39.435057,15571550,21800.0,106.65,110.6,104.15,110.05,323450,47.404345,4299650,21800.0
2024-02-01 10:28:00 +0530,21776.55,21784.7,21776.55,21784.6,0.0,72.35,75.7,71.0,75.25,750300,39.411805,15571550,21800.0,110.05,111.2,104.1,105.3,307850,47.05817,4299650,21800.0
2024-02-01 10:29:00 +0530,21785.25,21796.8,21783.6,21793.25,0.0,75.1,82.25,74.1,78.0,2141200,38.792292,15726050,21800.0,105.75,105.75,93.35,99.45,1111950,46.459098,4415700,21800.0
2024-02-01 10:30:00 +0530,21791.6,21793.7,21784.9,21789.65,0.0,76.65,78.35,72.3,76.5,1901700,38.980662,15726050,21800.0,99.15,105.45,98.25,99.4,877550,45.627166,4415700,21800.0
2024-02-01 10:31:00 +0530,21789.8,21793.15,21784.8,21786.2,0.0,75.4,78.55,74.2,75.65,1168400,39.43714,15726050,21800.0,100.4,104.85,98.5,102.7,631300,46.436287,4415700,21800.0
2024-02-01 10:32:00 +0530,21785.25,21785.3,21776.6,21776.6,0.0,75.1,75.1,71.8,71.8,1062650,39.817137,16314250,21800.0,102.9,106.75,102.9,106.55,430700,45.928778,4771600,21800.0
2024-02-01 10:33:00 +0530,21776.15,21779.4,21771.2,21779.05,0.0,71.65,76.0,70.4,74.5,1195000,40.647917,16314250,21800.0,106.05,108.7,102.5,103.05,381000,44.939153,4771600,21800.0
2024-02-01 10:34:00 +0530,21779.4,21784.5,21779.4,21782.95,0.0,75.15,76.2,72.05,73.65,791350,39.416364,16314250,21800.0,102.2,105.2,100.4,103.2,344600,46.087791,4771600,21800.0
2024-02-01 10:35:00 +0530,21782.65,21785.05,21779.4,21783.05,0.0,73.2,75.3,72.25,74.85,643250,40.045496,16485700,21800.0,102.55,105.1,99.3,101.55,320050,45.387342,4911700,21800.0
2024-02-01 10:36:00 +0530,21784.9,21795.5,21784.0,21795.15,0.0,75.2,78.85,74.65,77.5,1363750,38.559735,16485700,21800.0,101.3,102.3,96.9,99.15,481650,47.322723,4911700,21800.0
2024-02-01 10:37:00 +0530,21795.3,21795.3,21783.8,21789.85,0.0,76.05,76.8,72.4,75.05,1155700,38.696103,16485700,21800.0,101.35,106.25,101.35,102.95,509850,47.942172,4911700,21800.0
2024-02-01 10:38:00 +0530,21789.75,21791.9,21786.4,21788.1,0.0,74.9,76.25,73.8,74.25,651750,38.78468,16661700,21800.0,103.25,105.7,102.0,104.65,252650,48.414478,4969250,21800.0
2024-02-01 10:39:00 +0530,21787.95,21788.9,21782.05,21785.0,0.0,74.5,75.2,72.05,74.15,908850,39.528292,16661700,21800.0,104.65,107.75,103.55,105.9,363500,48.323307,4969250,21800.0
2024-02-01 10:40:00 +0530,21786.0,21786.65,21778.3,21781.8,0.0,74.3,74.8,72.25,74.6,749250,40.560049,16661700,21800.0,106.35,111.0,105.75,107.3,541050,48.271943,4969250,21800.0
2024-02-01 10:41:00 +0530,21781.0,21783.7,21779.2,21779.25,0.0,73.7,74.6,72.4,72.9,681900,40.379972,16702200,21800.0,107.85,111.35,107.85,111.35,314200,49.685741,4966400,21800.0
2024-02-01 10:42:00 +0530,21779.2,21787.95,21779.2,21785.15,0.0,72.5,76.4,72.5,75.25,884300,40.243188,16702200,21800.0,111.65,111.7,105.4,108.05,392650,49.667573,4966400,21800.0
2024-02-01 10:43:00 +0530,21785.8,21785.8,21779.55,21782.55,0.0,74.95,75.2,72.7,74.6,578350,40.600295,16702200,21800.0,107.85,111.85,107.85,109.8,262800,49.947712,4966400,21800.0
2024-02-01 10:44:00 +0530,21783.1,21789.0,21783.0,21786.25,0.0,74.65,77.4,74.65,75.65,859250,40.324303,16574150,21800.0,109.15,109.15,105.0,107.9,324150,50.046221,4992700,21800.0
2024-02-01 10:45:00 +0530,21785.05,21792.6,21785.05,21788.15,0.0,75.55,78.45,75.0,77.05,1279450,40.638004,16574150,21800.0,107.25,107.95,103.7,105.15,480550,49.257904,4992700,21800.0
2024-02-01 10:46:00 +0530,21789.25,21789.55,21782.45,21782.45,0.0,77.05,78.0,73.8,74.1,972200,40.592188,16574150,21800.0,104.95,108.85,103.55,108.0,399200,49.288963,4992700,21800.0
2024-02-01 10:47:00 +0530,21782.4,21788.7,21782.4,21787.65,0.0,74.25,77.5,74.25,76.95,691700,40.853001,16499550,21800.0,108.2,108.2,104.5,106.05,302650,49.748277,4954300,21800.0
2024-02-01 10:48:00 +0530,21787.45,21793.6,21787.1,21789.25,0.0,76.75,78.65,76.55,78.65,1240850,41.388155,16499550,21800.0,105.4,106.75,102.85,105.9,553250,50.169577,4954300,21800.0
2024-02-01 10:49:00 +0530,21789.15,21789.9,21784.8,21784.8,0.0,78.65,78.65,74.65,74.7,837450,40.556818,16499550,21800.0,104.35,107.25,104.0,107.25,320650,49.785628,4954300,21800.0
2024-02-01 10:50:00 +0530,21783.2,21787.5,21783.0,21786.6,0.0,75.4,78.4,74.5,77.45,781100,41.575065,16589200,21800.0,107.75,108.2,104.0,104.85,364600,49.141635,4893600,21800.0
2024-02-01 10:51:00 +0530,21786.5,21791.0,21783.9,21786.5,0.0,77.95,79.45,75.1,76.05,1055800,40.974244,16589200,21800.0,104.15,109.0,101.55,108.35,495500,50.952129,4893600,21800.0
2024-02-01 10:52:00 +0530,21786.95,21792.25,21784.35,21789.95,0.0,76.35,83.8,75.2,79.5,2068050,41.944621,16589200,21800.0,107.9,109.85,102.65,106.8,414700,51.154722,4893600,21800.0
2024-02-01 10:53:00 +0530,21790.8,21793.1,21786.9,21793.1,0.0,79.6,87.85,78.45,87.85,2294750,45.435378,16669650,21800.0,107.55,108.75,105.5,106.2,356700,51.748754,4991450,21800.0
2024-02-01 10:54:00 +0530,21792.95,21802.75,21785.7,21801.45,0.0,88.4,93.15,82.75,93.15,2745750,46.086064,16669650,21800.0,107.1,115.0,100.1,100.95,1292250,51.302187,4991450,21800.0
2024-02-01 10:55:00 +0530,21801.65,21802.15,21794.4,21794.85,0.0,90.35,96.0,89.6,90.75,4493350,46.626294,16669650,21800.0,99.6,103.75,97.75,102.4,1394400,50.468226,4991450,21800.0
2024-02-01 10:56:00 +0530,21795.1,21795.1,21778.05,21778.05,0.0,90.0,91.6,80.0,80.0,2630200,45.360386,16037250,21800.0,101.55,114.85,101.1,114.85,1016950,52.459048,5385750,21800.0
2024-02-01 10:57:00 +0530,21777.2,21789.9,21770.9,21787.3,0.0,80.6,82.95,72.55,80.7,4020550,43.584793,16037250,21800.0,115.8,117.2,101.05,104.0,1349250,49.513389,5385750,21800.0
2024-02-01 10:58:00 +0530,21788.95,21794.7,21786.2,21787.85,0.0,81.6,83.55,78.05,81.0,2151500,43.68374,16037250,21800.0,103.85,108.0,103.0,105.95,489100,50.733791,5385750,21800.0
2024-02-01 10:59:00 +0530,21787.4,21797.1,21787.4,21797.1,0.0,82.05,87.7,81.5,85.5,1799500,43.747899,16144100,21800.0,106.6,106.85,98.45,99.65,613800,50.014687,5400100,21800.0
2024-02-01 11:00:00 +0530,21796.9,21800.4,21792.55,21793.4,0.0,85.85,88.75,83.45,84.45,1935750,44.2271,16144100,21800.0,100.45,102.8,96.8,101.45,773650,50.074048,5400100,21800.0
2024-02-01 11:01:00 +0530,21794.75,21803.6,21793.1,21802.15,0.0,84.3,89.8,81.75,88.75,1559650,44.272252,16144100,21800.0,100.9,102.25,95.25,96.4,1044250,49.820745,5400100,21800.0
2024-02-01 11:02:00 +0530,21802.65,21832.7,21802.65,21830.95,0.0,72.25,94.0,72.0,91.85,3373400,51.114254,6094300,21850.0,130.85,130.85,116.35,119.25,547150,55.935847,1268050,21850.0
2024-02-01 11:03:00 +0530,21829.55,21830.9,21806.75,21808.3,0.0,112.4,117.9,95.95,100.75,6207950,48.953622,16108100,21800.0,90.45,98.5,89.5,95.6,1711300,51.126835,5988350,21800.0
2024-02-01 11:04:00 +0530,21808.25,21819.6,21808.25,21810.25,0.0,102.1,105.85,100.05,101.45,2168850,48.886599,16108100,21800.0,95.45,96.05,90.5,96.05,821650,51.932026,5988350,21800.0
2024-02-01 11:05:00 +0530,21810.7,21813.8,21802.7,21806.1,0.0,102.0,103.4,92.35,98.05,2384750,48.338552,15045750,21800.0,94.6,100.4,93.15,98.2,974100,52.103125,6092800,21800.0
2024-02-01 11:06:00 +0530,21805.55,21805.55,21775.65,21775.7,0.0,96.1,97.85,75.45,75.45,3579100,44.434569,15045750,21800.0,99.6,117.05,97.75,117.0,1869300,53.896572,6092800,21800.0
2024-02-01 11:07:00 +0530,21769.55,21787.85,21759.9,21784.65,0.0,73.25,90.25,71.8,88.65,4758050,49.164822,15045750,21800.0,121.8,128.2,105.0,108.25,2744750,51.915808,6092800,21800.0
2024-02-01 11:08:00 +0530,21785.9,21801.1,21784.45,21801.1,0.0,89.85,95.25,88.15,94.05,2578700,47.871149,15581250,21800.0,107.3,110.55,95.6,95.6,1306450,49.79565,5717850,21800.0
2024-02-01 11:09:00 +0530,21801.75,21801.75,21785.1,21790.5,0.0,94.65,94.65,86.95,90.45,1732150,48.82426,15581250,21800.0,93.8,105.45,93.8,102.6,936150,50.75186,5717850,21800.0
2024-02-01 11:10:00 +0530,21790.7,21795.9,21786.35,21789.55,0.0,88.55,92.95,87.0,89.2,1263850,48.511722,15581250,21800.0,104.0,105.75,98.75,103.55,728000,51.088101,5717850,21800.0
2024-02-01 11:11:00 +0530,21788.55,21793.0,21786.95,21791.75,0.0,89.25,90.85,87.8,89.45,906850,48.179285,15870700,21800.0,103.75,105.5,100.65,101.85,534300,50.887146,6124700,21800.0
2024-02-01 11:12:00 +0530,21791.85,21792.0,21776.75,21777.05,0.0,89.3,89.65,81.8,83.3,1678650,48.725263,15870700,21800.0,103.4,113.1,102.45,109.7,925700,51.082126,6124700,21800.0
2024-02-01 11:13:00 +0530,21777.7,21784.3,21774.25,21774.55,0.0,104.7,109.7,103.3,105.35,359950,47.910982,10125700,21750.0,81.95,84.7,77.95,83.2,628300,49.725904,7152350,21750.0
2024-02-01 11:14:00 +0530,21775.75,21787.5,21775.75,21783.25,0.0,84.7,87.75,84.0,87.3,1037300,49.483493,16061200,21800.0,110.75,110.75,104.25,104.25,595100,50.142571,6237750,21800.0
2024-02-01 11:15:00 +0530,21785.7,21787.25,21772.6,21774.45,0.0,108.65,109.25,101.85,102.25,479350,46.498168,10190650,21750.0,76.5,84.4,74.55,83.0,861500,49.789393,7191250,21750.0
2024-02-01 11:16:00 +0530,21775.25,21775.25,21718.85,21718.9,0.0,132.75,132.75,98.15,98.15,2316000,46.124805,10555650,21700.0,61.45,97.5,61.45,93.3,5040800,54.083245,11381750,21700.0
2024-02-01 11:17:00 +0530,21719.2,21719.95,21668.9,21710.2,0.0,97.35,101.15,72.0,88.25,3148900,43.430243,11027600,21700.0,89.45,133.9,89.45,98.5,7808650,54.758135,9906150,21700.0
2024-02-01 11:18:00 +0530,21708.05,21734.65,21704.2,21730.6,0.0,68.3,83.25,66.3,80.65,2659000,47.144291,10634900,21750.0,127.75,134.1,111.6,124.05,1786550,60.365985,5590900,21750.0
2024-02-01 11:19:00 +0530,21731.05,21734.1,21720.45,21721.1,0.0,103.95,112.1,103.45,107.55,2028550,50.762007,11027600,21700.0,93.55,93.55,79.6,85.1,3087250,50.595535,9906150,21700.0
2024-02-01 11:20:00 +0530,21720.95,21729.4,21710.85,21711.3,0.0,106.75,111.35,101.1,105.4,1288050,52.482331,11553900,21700.0,84.4,91.45,82.9,89.0,2364700,50.325495,9775550,21700.0
2024-02-01 11:21:00 +0530,21712.15,21736.65,21712.15,21733.15,0.0,83.25,85.55,74.8,84.95,1608100,49.075078,10705450,21750.0,119.4,131.3,112.65,113.25,1178550,55.699677,4829700,21750.0
2024-02-01 11:22:00 +0530,21731.9,21738.35,21729.4,21731.95,0.0,85.25,87.5,82.5,83.9,1399400,48.918804,10705450,21750.0,112.7,115.0,106.55,111.6,1085550,54.599537,4829700,21750.0
2024-02-01 11:23:00 +0530,21732.1,21739.85,21731.3,21739.85,0.0,85.1,85.75,83.2,85.75,1221150,47.987137,10791500,21750.0,111.4,113.65,108.6,108.6,627600,55.289367,4952200,21750.0
2024-02-01 11:24:00 +0530,21739.85,21747.9,21734.4,21734.4,0.0,86.2,88.4,80.9,80.9,1443100,46.895956,10791500,21750.0,106.95,111.2,98.85,110.65,1215800,54.994364,4952200,21750.0
2024-02-01 11:25:00 +0530,21735.2,21738.0,21719.75,21732.05,0.0,82.55,85.15,75.9,84.35,1430350,49.436153,10791500,21750.0,107.5,123.4,105.75,106.35,1215750,52.147256,4952200,21750.0
2024-02-01 11:26:00 +0530,21732.75,21740.1,21732.75,21734.75,0.0,84.05,89.05,83.15,86.2,1281600,49.842134,10993400,21750.0,106.95,108.7,100.8,107.25,1174350,53.492294,5060950,21750.0
2024-02-01 11:27:00 +0530,21734.95,21750.8,21728.2,21747.0,0.0,85.25,93.65,82.95,90.25,1254900,48.910306,10993400,21750.0,108.8,110.3,95.8,100.2,767000,53.174989,5060950,21750.0
2024-02-01 11:28:00 +0530,21746.9,21759.65,21745.9,21745.9,0.0,90.8,99.8,89.75,89.75,1742300,49.037829,10993400,21750.0,100.95,103.65,95.95,103.65,807700,54.840449,5060950,21750.0
2024-02-01 11:29:00 +0530,21745.2,21753.85,21744.0,21748.25,0.0,89.85,95.1,89.7,92.0,749900,49.720775,11007850,21750.0,102.85,103.25,96.45,101.75,640350,54.563577,5336900,21750.0
2024-02-01 11:30:00 +0530,21747.15,21747.15,21735.4,21735.85,0.0,90.7,91.95,84.0,85.95,1139850,49.840336,11007850,21750.0,102.5,107.2,99.05,104.7,1082650,52.862557,5336900,21750.0
2024-02-01 11:31:00 +0530,21736.4,21745.15,21733.25,21733.5,0.0,87.8,90.5,84.1,85.0,886750,50.038755,11007850,21750.0,102.35,108.85,99.8,107.4,670850,53.771253,5336900,21750.0
2024-02-01 11:32:00 +0530,21733.1,21742.35,21732.65,21735.15,0.0,86.05,89.45,85.5,87.6,587350,51.128902,11416650,21750.0,105.45,107.75,101.15,103.5,490150,52.233229,5686350,21750.0
2024-02-01 11:33:00 +0530,21738.7,21739.7,21729.25,21732.15,0.0,88.8,88.8,84.35,87.1,618750,51.743304,11416650,21750.0,103.1,111.35,103.1,107.9,583700,53.882697,5686350,21750.0
2024-02-01 11:34:00 +0530,21732.9,21735.55,21722.05,21734.7,0.0,86.2,86.8,80.6,86.25,799000,50.728697,11416650,21750.0,107.3,117.7,105.0,105.5,888750,53.413988,5686350,21750.0
2024-02-01 11:35:00 +0530,21735.95,21736.7,21724.75,21730.0,0.0,86.85,86.85,81.0,84.2,623600,50.934076,11644800,21750.0,103.65,112.95,103.65,109.0,617850,54.091627,5660650,21750.0
2024-02-01 11:36:00 +0530,21731.25,21742.9,21730.35,21741.9,0.0,84.65,88.65,83.95,87.95,731750,49.972294,11644800,21750.0,107.05,108.4,99.15,102.2,581250,53.862913,5660650,21750.0
2024-02-01 11:37:00 +0530,21741.8,21762.85,21736.3,21755.95,0.0,88.7,94.5,85.1,91.05,1167200,47.916599,11644800,21750.0,100.65,104.9,84.45,91.9,1005150,52.167972,5660650,21750.0
2024-02-01 11:38:00 +0530,21753.75,21756.75,21741.9,21747.7,0.0,89.8,93.0,85.4,87.1,1178050,48.148941,11818350,21750.0,92.85,98.4,91.0,94.3,822400,51.363785,5768200,21750.0
2024-02-01 11:39:00 +0530,21747.35,21752.5,21746.25,21748.25,0.0,87.15,89.55,85.3,86.0,658100,47.498205,11818350,21750.0,94.6,95.85,90.2,92.95,613750,50.88258,5768200,21750.0
2024-02-01 11:40:00 +0530,21747.35,21755.35,21747.35,21749.55,0.0,86.95,89.45,86.05,86.05,718000,47.270683,11818350,21750.0,90.8,92.1,87.85,91.75,641550,50.68756,5768200,21750.0
2024-02-01 11:41:00 +0530,21749.55,21751.25,21740.95,21740.95,0.0,86.3,86.95,82.5,83.05,862750,48.069216,12350150,21750.0,90.7,95.05,90.35,94.8,637150,50.084991,5899050,21750.0
2024-02-01 11:42:00 +0530,21742.0,21745.25,21732.8,21737.3,0.0,82.65,84.2,76.05,82.6,1231650,48.905118,12350150,21750.0,94.7,102.5,93.0,96.85,952450,50.287197,5899050,21750.0
2024-02-01 11:43:00 +0530,21740.15,21746.75,21739.2,21743.55,0.0,82.0,84.3,80.65,83.15,768350,47.632001,12350150,21750.0,96.8,97.3,91.1,92.85,523350,49.956372,5899050,21750.0
2024-02-01 11:44:00 +0530,21743.2,21750.65,21738.65,21748.0,0.0,82.3,85.0,79.85,84.85,703050,47.456771,12579700,21750.0,94.2,95.85,88.5,88.8,587500,49.060457,5973150,21750.0
2024-02-01 11:45:00 +0530,21749.5,21752.7,21748.35,21748.6,0.0,84.3,85.45,81.75,81.75,891500,45.669099,12579700,21750.0,87.35,90.8,85.5,88.85,683150,49.362952,5973150,21750.0
2024-02-01 11:46:00 +0530,21748.85,21762.3,21739.4,21760.2,0.0,81.25,87.05,78.35,84.3,1307650,43.876091,12579700,21750.0,90.0,93.4,78.0,82.35,1212200,49.005457,5973150,21750.0
2024-02-01 11:47:00 +0530,21759.75,21759.75,21746.95,21750.15,0.0,84.7,86.5,80.05,82.0,987750,45.579849,12971600,21750.0,81.85,87.95,80.95,84.3,832650,47.467026,6283400,21750.0
2024-02-01 11:48:00 +0530,21751.05,21751.05,21741.35,21745.45,0.0,81.2,81.2,77.55,80.65,831950,46.242819,12971600,21750.0,85.45,92.5,85.45,88.45,735000,48.58112,6283400,21750.0
2024-02-01 11:49:00 +0530,21747.05,21752.45,21742.9,21752.45,0.0,80.5,82.95,77.65,82.35,802950,45.330263,12971600,21750.0,87.75,92.05,83.8,84.1,521850,48.205094,6283400,21750.0
2024-02-01 11:50:00 +0530,21752.3,21765.55,21748.8,21761.35,0.0,82.75,91.75,79.5,88.05,2173150,46.052946,13150950,21750.0,83.7,87.1,77.95,79.9,1176900,48.371773,6434200,21750.0
2024-02-01 11:51:00 +0530,21763.85,21763.85,21750.6,21756.4,0.0,88.3,88.85,81.85,85.8,1053250,46.344751,13150950,21750.0,79.4,84.45,79.05,80.0,790100,47.195589,6434200,21750.0
2024-02-01 11:52:00 +0530,21757.15,21770.4,21755.7,21765.6,0.0,85.5,90.55,83.75,85.15,1147950,43.341696,13150950,21750.0,79.15,81.0,71.7,76.05,1308200,47.543194,6434200,21750.0
2024-02-01 11:53:00 +0530,21764.1,21772.3,21758.95,21770.35,0.0,85.0,91.8,84.95,88.05,1496650,43.631378,13325950,21750.0,77.35,78.05,70.8,73.1,1054400,47.222024,6807950,21750.0
2024-02-01 11:54:00 +0530,21769.25,21770.9,21758.7,21759.15,0.0,88.35,89.55,83.35,84.45,1161200,45.089056,13325950,21750.0,73.75,75.4,71.1,74.9,765400,45.370098,6807950,21750.0
2024-02-01 11:55:00 +0530,21761.2,21764.2,21751.6,21753.35,0.0,83.6,84.7,78.7,81.2,1332050,45.048905,13325950,21750.0,74.65,80.2,72.85,78.1,1116000,45.698436,6807950,21750.0
2024-02-01 11:56:00 +0530,21755.1,21756.5,21722.7,21738.25,0.0,80.1,81.4,61.55,69.65,3317500,42.824363,13606300,21750.0,78.95,97.8,76.25,87.1,2314100,46.592623,6947400,21750.0
2024-02-01 11:57:00 +0530,21738.55,21746.75,21729.7,21731.1,0.0,68.95,74.0,64.25,65.3,1850850,42.360958,13606300,21750.0,88.25,89.1,79.2,82.45,1260500,41.86108,6947400,21750.0
2024-02-01 11:58:00 +0530,21731.45,21736.5,21701.1,21721.9,0.0,91.65,94.85,67.15,81.75,3181150,40.110631,11381800,21700.0,59.0,76.15,58.15,76.15,2803750,50.051814,12651650,21700.0
2024-02-01 11:59:00 +0530,21720.05,21729.2,21713.2,21729.2,0.0,56.2,62.25,52.7,57.65,2511000,38.640062,13905950,21750.0,106.6,106.6,83.15,83.15,2835500,41.86815,6863350,21750.0
2024-02-01 12:00:00 +0530,21732.55,21739.0,21725.5,21736.65,0.0,55.25,60.15,50.65,52.35,3257400,33.669983,13905950,21750.0,82.7,88.8,72.55,75.3,2367800,39.726699,6863350,21750.0
2024-02-01 12:01:00 +0530,21736.45,21736.45,21708.0,21708.0,0.0,78.25,81.1,58.4,58.4,3088900,31.190346,11553850,21700.0,53.45,56.15,46.9,47.25,3714900,29.862691,13180600,21700.0
2024-02-01 12:02:00 +0530,21708.05,21713.75,21679.8,21688.9,0.0,59.15,66.75,51.65,52.0,3919250,33.092146,11974550,21700.0,47.2,63.55,47.2,62.7,6380100,33.359273,14670550,21700.0
2024-02-01 12:03:00 +0530,21686.85,21686.85,21659.8,21675.0,0.0,83.85,87.15,74.2,82.4,1022500,40.05866,1968700,21650.0,49.0,64.0,47.9,63.25,2893900,44.007202,6612650,21650.0
2024-02-01 12:04:00 +0530,21672.75,21697.25,21670.05,21697.25,0.0,47.95,59.65,47.55,59.0,4291800,34.979526,11974550,21700.0,80.95,81.75,69.3,70.65,5710500,40.669616,14670550,21700.0
2024-02-01 12:05:00 +0530,21696.85,21719.4,21694.0,21710.5,0.0,56.2,69.4,56.2,64.75,4283100,34.444708,12228900,21700.0,73.75,73.75,54.3,54.3,5360450,34.970395,14885950,21700.0
2024-02-01 12:06:00 +0530,21710.45,21735.9,21710.45,21734.25,0.0,40.5,48.85,39.4,48.85,4070400,32.764245,14783500,21750.0,79.7,82.65,68.1,71.2,1813350,37.142371,6604400,21750.0
2024-02-01 12:07:00 +0530,21736.95,21757.0,21736.95,21756.25,0.0,50.55,60.95,50.55,58.85,5880600,32.385632,14783500,21750.0,71.9,71.9,52.7,55.95,3032550,34.845459,6604400,21750.0
2024-02-01 12:08:00 +0530,21755.75,21755.75,21733.85,21736.1,0.0,56.65,56.65,42.65,46.1,4197200,30.799062,14725200,21750.0,54.9,58.25,49.1,56.9,2800250,29.460686,6832900,21750.0
2024-02-01 12:09:00 +0530,21737.15,21751.1,21737.15,21751.1,0.0,47.0,53.75,45.1,53.75,2825500,31.103936,14725200,21750.0,57.1,60.7,54.65,55.15,2073400,33.067638,6832900,21750.0
2024-02-01 12:10:00 +0530,21752.0,21754.55,21739.0,21753.8,0.0,51.65,53.8,45.7,52.5,3019300,29.628144,14725200,21750.0,55.7,58.7,50.65,51.6,2453600,31.831679,6832900,21750.0
2024-02-01 12:11:00 +0530,21754.85,21764.25,21752.35,21759.9,0.0,52.55,58.9,50.5,56.3,3477450,30.0571,15383300,21750.0,50.7,51.6,42.55,46.7,2777200,30.724697,7119100,21750.0
2024-02-01 12:12:00 +0530,21759.95,21765.5,21751.9,21755.45,0.0,55.0,57.85,50.85,54.0,2571350,30.163114,15383300,21750.0,47.05,52.25,45.95,49.4,1485950,31.155394,7119100,21750.0
2024-02-01 12:13:00 +0530,21755.6,21756.35,21742.3,21749.2,0.0,53.45,53.65,46.95,51.05,2597250,30.385969,15383300,21750.0,49.75,55.35,49.75,50.75,1818200,30.216422,7119100,21750.0
2024-02-01 12:14:00 +0530,21749.05,21749.05,21726.95,21738.5,0.0,50.5,50.5,37.75,41.95,3816750,28.118309,15904000,21750.0,51.45,61.8,51.45,55.85,2398900,30.042592,7032850,21750.0
2024-02-01 12:15:00 +0530,21736.5,21738.1,21724.75,21734.75,0.0,39.65,42.4,36.65,40.65,3168900,28.444786,15904000,21750.0,57.8,63.8,53.75,55.05,1945850,28.41881,7032850,21750.0
2024-02-01 12:16:00 +0530,21734.95,21747.4,21732.4,21743.9,0.0,39.95,46.6,39.95,44.25,2246050,28.109,15904000,21750.0,56.15,56.15,47.8,50.6,1468100,28.741264,7032850,21750.0
2024-02-01 12:17:00 +0530,21744.25,21744.25,21731.65,21734.2,0.0,43.6,43.6,38.05,39.2,1818500,27.865282,16692150,21750.0,51.35,56.35,50.65,55.3,1143600,28.531697,7218050,21750.0
2024-02-01 12:18:00 +0530,21735.9,21736.35,21715.3,21717.5,0.0,67.3,67.3,55.25,56.2,2568150,28.081809,12264900,21700.0,30.3,39.5,30.3,39.5,4445950,29.055549,17772750,21700.0
2024-02-01 12:19:00 +0530,21717.4,21726.8,21713.25,21723.85,0.0,55.7,60.65,54.3,58.7,2062200,27.44673,12264900,21700.0,40.5,41.5,33.65,34.4,4294050,27.656612,17772750,21700.0
2024-02-01 12:20:00 +0530,21723.6,21726.85,21711.2,21717.45,0.0,58.65,60.05,53.15,56.15,1709800,28.218647,12337750,21700.0,35.0,41.35,33.1,39.35,4149950,29.100212,17514950,21700.0
2024-02-01 12:21:00 +0530,21717.05,21723.15,21708.15,21708.15,0.0,56.1,59.85,52.55,53.1,1590150,29.541463,12337750,21700.0,39.6,45.0,35.45,45.0,3653250,30.048499,17514950,21700.0
2024-02-01 12:22:00 +0530,21710.05,21718.35,21701.95,21701.95,0.0,51.75,58.45,50.3,50.3,2208700,29.881136,12337750,21700.0,43.3,49.6,38.2,49.6,4492650,31.118926,17514950,21700.0
2024-02-01 12:23:00 +0530,21701.0,21714.7,21696.7,21711.45,0.0,49.7,55.25,49.7,53.35,2762150,28.767443,13092150,21700.0,51.4,51.7,39.65,42.2,5618500,29.427266,17334250,21700.0
2024-02-01 12:24:00 +0530,21711.05,21720.55,21707.7,21718.25,0.0,52.6,57.65,51.9,55.05,1685500,27.560593,13092150,21700.0,42.4,43.05,36.5,38.95,3523600,29.37576,17334250,21700.0
2024-02-01 12:25:00 +0530,21717.35,21724.85,21712.35,21716.9,0.0,53.8,61.4,53.05,56.8,2218550,29.201727,13092150,21700.0,39.35,41.15,34.9,38.3,3105600,28.68124,17334250,21700.0
2024-02-01 12:26:00 +0530,21716.3,21726.9,21712.15,21721.15,0.0,56.35,61.05,54.9,57.85,1689600,28.428188,13092050,21700.0,38.3,39.55,33.65,35.05,2832100,27.868585,18211000,21700.0
2024-02-01 12:27:00 +0530,21721.45,21732.3,21719.8,21730.85,0.0,33.95,38.2,33.45,36.5,2441750,27.868668,16660500,21750.0,60.8,61.75,54.15,55.85,1414500,28.467896,6964200,21750.0
2024-02-01 12:28:00 +0530,21730.05,21730.05,21718.35,21718.35,0.0,60.75,61.55,55.55,55.8,1452300,28.303957,13092050,21700.0,31.8,36.15,31.15,36.15,2658650,27.9587,18211000,21700.0
2024-02-01 12:29:00 +0530,21717.5,21721.55,21708.3,21716.7,0.0,55.95,57.05,51.75,56.6,1733350,29.473045,13175800,21700.0,35.5,40.9,34.65,36.4,3625200,27.740411,18397550,21700.0
2024-02-01 12:30:00 +0530,21717.6,21725.4,21717.25,21723.8,0.0,56.0,58.3,54.9,57.55,1218150,27.573831,13175800,21700.0,36.3,36.5,32.0,32.4,2423400,27.185689,18397550,21700.0
2024-02-01 12:31:00 +0530,21723.8,21723.8,21703.15,21703.15,0.0,56.3,56.3,47.1,47.75,2834950,28.65339,13175800,21700.0,33.45,42.6,33.45,41.8,4082850,27.362629,18397550,21700.0
2024-02-01 12:32:00 +0530,21702.6,21709.1,21697.5,21706.5,0.0,48.4,50.7,45.35,48.2,2644500,27.921772,13868450,21700.0,40.05,44.65,39.0,40.4,4247050,27.56634,19127500,21700.0
2024-02-01 12:33:00 +0530,21705.45,21716.2,21704.1,21715.85,0.0,48.45,53.2,47.8,51.9,2072600,27.122423,13868450,21700.0,40.9,40.9,34.05,34.85,3008800,26.823614,19127500,21700.0
2024-02-01 12:34:00 +0530,21716.0,21721.15,21712.15,21716.5,0.0,52.25,55.1,49.85,53.55,1795950,28.021111,13868450,21700.0,34.85,35.75,31.7,32.75,2666400,25.736636,19127500,21700.0
2024-02-01 12:35:00 +0530,21716.7,21721.9,21715.25,21717.4,0.0,55.3,55.3,52.15,53.7,1174650,27.873156,13723950,21700.0,31.4,34.4,31.4,33.3,1826650,26.411293,20218650,21700.0
2024-02-01 12:36:00 +0530,21716.45,21728.3,21710.15,21721.7,0.0,52.5,58.9,49.85,56.15,2611100,27.943369,13723950,21700.0,33.9,36.0,29.0,30.4,3575400,25.781448,20218650,21700.0
2024-02-01 12:37:00 +0530,21720.65,21737.0,21720.65,21730.95,0.0,30.8,36.75,30.75,34.25,3916600,27.196371,17685750,21750.0,56.05,56.2,48.35,51.5,1936150,26.496979,7259400,21750.0
2024-02-01 12:38:00 +0530,21730.8,21730.8,21716.2,21719.8,0.0,58.9,60.65,53.2,54.9,2088450,28.009974,13859300,21700.0,29.3,32.25,28.0,31.1,2651650,25.870246,20355950,21700.0
2024-02-01 12:39:00 +0530,21719.8,21722.2,21713.5,21717.15,0.0,53.85,55.85,51.5,53.6,1726100,28.230182,13859300,21700.0,31.9,33.8,30.75,32.7,2534650,26.253955,20355950,21700.0
2024-02-01 12:40:00 +0530,21716.85,21726.5,21710.6,21721.45,0.0,52.95,57.45,50.7,56.0,1918000,28.273354,13859300,21700.0,33.15,35.0,29.6,30.5,2451950,26.076447,20355950,21700.0
2024-02-01 12:41:00 +0530,21722.0,21727.65,21721.15,21725.65,0.0,30.3,32.85,30.0,31.25,1510050,27.022562,18305100,21750.0,56.1,56.3,53.0,54.55,655150,26.791247,7141200,21750.0
2024-02-01 12:42:00 +0530,21725.35,21732.45,21721.75,21729.65,0.0,30.9,34.15,30.15,32.7,1984400,26.954313,18305100,21750.0,54.8,56.0,51.25,52.1,718800,26.787044,7141200,21750.0
2024-02-01 12:43:00 +0530,21728.95,21731.3,21725.3,21727.05,0.0,32.55,33.8,31.35,32.35,1320450,27.529667,18305100,21750.0,52.65,54.15,51.05,52.65,581500,26.233141,7141200,21750.0
2024-02-01 12:44:00 +0530,21728.8,21732.85,21720.05,21723.55,0.0,59.3,60.45,54.1,55.4,1554100,27.401359,14500100,21700.0,28.8,31.3,27.85,30.55,1890600,26.991254,20640100,21700.0
2024-02-01 12:45:00 +0530,21723.6,21732.35,21723.4,21732.35,0.0,29.7,33.55,29.7,32.65,1864600,26.40021,19038250,21750.0,55.45,55.5,51.2,51.65,688900,27.740639,7176750,21750.0
2024-02-01 12:46:00 +0530,21731.2,21735.2,21729.65,21730.2,0.0,33.1,34.5,32.25,32.95,2182700,27.29558,19038250,21750.0,51.95,52.2,49.6,51.9,988900,27.181843,7176750,21750.0
2024-02-01 12:47:00 +0530,21731.0,21756.75,21728.6,21754.4,0.0,33.2,49.25,32.0,43.3,6552000,26.641258,18814950,21750.0,51.3,53.35,40.0,43.0,2922900,29.769048,7606150,21750.0
2024-02-01 12:48:00 +0530,21753.65,21756.2,21746.5,21753.7,0.0,43.5,45.75,39.4,43.5,4268400,27.095031,18814950,21750.0,43.05,45.4,41.1,41.45,1838100,28.619418,7606150,21750.0
2024-02-01 12:49:00 +0530,21754.8,21758.25,21750.05,21758.25,0.0,42.55,45.8,40.1,45.5,3564050,26.918948,18814950,21750.0,42.4,44.1,37.1,37.1,2000150,27.260091,7606150,21750.0
2024-02-01 12:50:00 +0530,21759.6,21760.1,21745.15,21745.15,0.0,46.0,46.0,36.35,38.6,3921600,26.860696,19183600,21750.0,38.25,46.5,36.25,45.5,2748350,28.653787,8273050,21750.0
2024-02-01 12:51:00 +0530,21746.85,21754.05,21746.85,21749.25,0.0,39.0,40.85,36.55,38.0,2390750,25.210605,19183600,21750.0,43.7,46.0,42.55,45.35,1174500,30.019988,8273050,21750.0
2024-02-01 12:52:00 +0530,21748.85,21759.95,21747.35,21758.5,0.0,37.6,42.75,36.3,42.4,2424400,25.019114,19183600,21750.0,45.85,46.5,41.8,41.8,1003350,30.7257,8273050,21750.0
2024-02-01 12:53:00 +0530,21758.3,21763.5,21753.45,21754.65,0.0,43.45,44.4,39.7,41.45,3013450,25.831905,19457950,21750.0,41.9,43.0,40.35,41.45,1182800,29.370151,8507250,21750.0
2024-02-01 12:54:00 +0530,21755.55,21764.2,21755.55,21762.8,0.0,41.6,47.2,41.35,44.85,2525800,25.243792,19457950,21750.0,41.35,41.8,37.7,38.7,1284900,30.16422,8507250,21750.0
2024-02-01 12:55:00 +0530,21762.95,21766.05,21753.5,21754.7,0.0,44.1,44.9,38.05,38.95,3019400,24.303024,19457950,21750.0,38.45,43.9,38.15,43.0,1841100,30.613765,8507250,21750.0
2024-02-01 12:56:00 +0530,21754.7,21756.5,21749.9,21754.6,0.0,39.1,40.3,36.3,39.05,2433350,24.486034,19514150,21750.0,43.05,44.2,41.1,41.8,1320250,29.870529,8732700,21750.0
2024-02-01 12:57:00 +0530,21755.6,21757.35,21738.2,21738.5,0.0,38.55,38.7,30.4,31.3,3243900,24.645786,19514150,21750.0,42.3,49.3,41.8,49.3,1930600,29.493956,8732700,21750.0
2024-02-01 12:58:00 +0530,21738.75,21745.75,21738.75,21743.35,0.0,30.9,32.5,29.8,31.5,3169300,23.334874,19514150,21750.0,48.45,50.55,46.4,47.7,1961050,30.247299,8732700,21750.0
2024-02-01 12:59:00 +0530,21742.25,21744.4,21740.55,21740.75,0.0,30.65,32.7,29.8,30.65,2030750,23.662204,19745350,21750.0,48.45,49.65,45.25,48.55,1032050,29.994364,8617950,21750.0
2024-02-01 13:00:00 +0530,21740.85,21747.0,21711.0,21711.55,0.0,56.3,60.0,39.0,40.15,3705200,23.048615,13500900,21700.0,23.7,36.55,21.55,34.8,7509600,27.750605,22429050,21700.0
2024-02-01 13:01:00 +0530,21712.4,21728.0,21712.1,21727.45,0.0,20.15,26.15,20.0,25.25,5523200,24.060674,19745350,21750.0,67.8,67.8,53.1,54.0,2885000,28.851335,8617950,21750.0
2024-02-01 13:02:00 +0530,21727.65,21734.25,21727.65,21732.2,0.0,24.65,27.85,24.65,26.85,2981750,23.889914,20124250,21750.0,52.9,53.0,47.45,48.0,1736900,26.660308,8053650,21750.0
2024-02-01 13:03:00 +0530,21732.25,21739.85,21729.7,21738.9,0.0,26.45,28.5,25.7,28.4,2240000,23.011912,20124250,21750.0,49.05,51.05,45.6,46.75,1263300,28.463282,8053650,21750.0
2024-02-01 13:04:00 +0530,21739.55,21743.05,21730.3,21730.85,0.0,28.75,30.85,27.65,28.25,2589700,25.445228,20124250,21750.0,46.05,48.3,42.95,46.7,1357700,25.377566,8053650,21750.0
2024-02-01 13:05:00 +0530,21732.3,21740.1,21728.2,21738.1,0.0,28.65,30.1,26.55,29.1,2036650,23.91432,20300250,21750.0,45.25,48.9,44.3,46.7,1246250,28.318663,8355200,21750.0
2024-02-01 13:06:00 +0530,21737.4,21741.7,21732.55,21735.3,0.0,28.75,30.1,27.65,28.8,1622800,24.66072,20300250,21750.0,47.3,48.55,45.15,46.9,835100,27.475638,8355200,21750.0
2024-02-01 13:07:00 +0530,21735.05,21736.6,21721.95,21721.95,0.0,54.85,55.45,48.4,48.4,1334450,25.207802,13749650,21700.0,22.65,27.05,22.15,26.85,2628200,25.922374,22275350,21700.0
2024-02-01 13:08:00 +0530,21722.4,21731.25,21722.4,21728.65,0.0,25.1,27.25,25.0,26.55,1833200,25.241731,20500050,21750.0,52.0,52.0,46.75,48.6,1020400,26.168383,8257900,21750.0
2024-02-01 13:09:00 +0530,21728.65,21737.55,21728.65,21734.7,0.0,26.45,29.1,26.45,28.05,1720750,24.577063,20500050,21750.0,48.6,48.6,44.5,47.2,1022700,27.737098,8257900,21750.0
2024-02-01 13:10:00 +0530,21734.35,21743.45,21734.35,21743.15,0.0,27.8,30.6,27.6,29.9,2005350,23.264702,20500050,21750.0,47.15,47.15,43.7,44.0,980750,28.807199,8257900,21750.0
2024-02-01 13:11:00 +0530,21743.3,21745.0,21737.0,21738.2,0.0,29.95,30.1,26.4,26.4,2147750,22.469194,20626300,21750.0,43.9,48.05,43.4,48.0,893200,29.879406,8493400,21750.0
2024-02-01 13:12:00 +0530,21736.6,21738.7,21731.35,21736.15,0.0,26.35,26.55,23.85,25.55,2691400,22.588459,20626300,21750.0,48.3,52.55,47.7,48.3,1373250,29.399394,8493400,21750.0
2024-02-01 13:13:00 +0530,21735.95,21744.35,21735.2,21736.1,0.0,25.05,27.85,23.8,23.8,2447650,21.419456,20626300,21750.0,48.15,48.9,44.2,48.85,1006050,29.881015,8493400,21750.0
2024-02-01 13:14:00 +0530,21736.6,21736.8,21729.25,21730.15,0.0,24.2,24.55,22.1,22.5,3043750,22.3636,21064250,21750.0,48.65,53.75,47.65,52.6,1344500,30.290053,8234450,21750.0
2024-02-01 13:15:00 +0530,21731.05,21742.65,21725.65,21738.1,0.0,21.2,26.3,20.8,25.5,4405000,22.183066,21064250,21750.0,53.85,56.75,44.9,46.65,2273500,29.296257,8234450,21750.0
2024-02-01 13:16:00 +0530,21736.6,21738.05,21733.4,21733.4,0.0,24.9,25.0,22.5,22.9,1858500,21.841035,21064250,21750.0,46.4,50.35,46.05,49.3,1011500,29.442893,8234450,21750.0
2024-02-01 13:17:00 +0530,21733.45,21735.3,21729.35,21732.1,0.0,22.5,22.9,21.25,22.7,2131200,22.175356,21456850,21750.0,49.85,52.6,49.2,49.45,804050,29.122761,8162450,21750.0
2024-02-01 13:18:00 +0530,21731.35,21732.65,21723.35,21723.35,0.0,47.25,47.3,41.7,41.75,1673900,20.549325,14131700,21700.0,24.5,31.05,24.5,31.05,3235700,30.538374,21984200,21700.0
2024-02-01 13:19:00 +0530,21721.2,21724.65,21701.6,21702.6,0.0,40.75,44.85,37.35,39.65,3554950,27.845744,14131700,21700.0,31.45,38.05,27.35,36.3,6733850,27.69263,21984200,21700.0
2024-02-01 13:20:00 +0530,21704.35,21723.4,21704.35,21720.4,0.0,41.2,44.9,40.35,43.75,3103300,23.64311,14731750,21700.0,34.8,34.8,28.6,28.9,5827750,28.23931,21984200,21700.0
2024-02-01 13:21:00 +0530,21720.05,21728.0,21718.1,21718.1,0.0,43.5,44.9,39.5,39.5,2137000,21.553858,14731750,21700.0,28.75,32.5,25.85,32.5,4199600,30.326516,21588200,21700.0
2024-02-01 13:22:00 +0530,21717.05,21727.3,21715.95,21726.2,0.0,18.5,20.4,18.2,19.15,2479800,21.671006,21559700,21750.0,61.25,62.2,53.5,55.65,1211300,31.786053,7826050,21750.0
2024-02-01 13:23:00 +0530,21725.35,21728.4,21721.5,21722.7,0.0,42.3,44.9,40.45,40.9,1425050,20.615098,14967000,21700.0,27.85,29.1,25.5,29.05,2439850,29.39953,21588200,21700.0
2024-02-01 13:24:00 +0530,21722.1,21729.6,21720.65,21723.15,0.0,40.95,43.8,39.75,40.7,1350350,20.315468,14967000,21700.0,29.05,30.35,26.05,28.85,2359700,29.5013,21767550,21700.0
2024-02-01 13:25:00 +0530,21722.75,21726.95,21720.05,21720.3,0.0,41.1,42.85,39.15,39.15,1301200,20.587188,14967000,21700.0,28.9,30.25,27.2,30.2,2009650,29.755846,21767550,21700.0
2024-02-01 13:26:00 +0530,21720.2,21721.05,21709.7,21711.1,0.0,38.6,40.5,36.2,37.65,2688350,23.686873,15510600,21700.0,30.8,33.05,29.05,31.75,3927500,28.02093,21767550,21700.0
2024-02-01 13:27:00 +0530,21710.4,21716.45,21705.05,21705.15,0.0,37.35,39.35,34.1,36.55,2975850,25.402998,15510600,21700.0,32.8,37.5,30.2,34.35,4867850,28.019056,21781000,21700.0
2024-02-01 13:28:00 +0530,21706.45,21708.25,21690.65,21698.95,0.0,36.5,36.5,31.6,33.2,4901850,25.379394,15510600,21700.0,34.7,47.65,33.9,40.55,9319950,30.538167,21781000,21700.0
2024-02-01 13:29:00 +0530,21698.15,21710.8,21698.15,21709.5,0.0,33.3,36.8,33.15,34.6,3889550,22.324289,16497850,21700.0,41.6,41.6,30.55,33.5,5613750,29.146436,21781000,21700.0
2024-02-01 13:30:00 +0530,21708.6,21710.9,21699.6,21700.5,0.0,34.25,36.2,32.7,34.1,2928200,25.686562,16497850,21700.0,34.15,39.6,32.3,38.7,4362700,29.964431,21262850,21700.0
2024-02-01 13:31:00 +0530,21699.8,21702.15,21685.65,21692.55,0.0,34.8,34.8,27.0,30.0,5766150,25.617764,16497850,21700.0,37.45,49.4,37.05,40.1,8562250,28.037387,21262850,21700.0
2024-02-01 13:32:00 +0530,21692.65,21698.5,21686.35,21687.8,0.0,30.8,32.45,28.75,29.15,3565000,26.753216,17844450,21700.0,39.2,43.85,35.5,42.1,4996800,27.715664,21262850,21700.0
2024-02-01 13:33:00 +0530,21687.55,21689.3,21680.0,21684.25,0.0,30.15,30.15,26.2,28.15,4103600,27.308284,17844450,21700.0,40.85,46.7,40.4,42.45,5338650,26.547782,21265000,21700.0
2024-02-01 13:34:00 +0530,21684.5,21697.45,21684.15,21695.55,0.0,28.2,32.15,27.65,31.85,3921750,26.282998,17844450,21700.0,42.75,42.9,36.2,36.75,4943300,27.006132,21265000,21700.0
2024-02-01 13:35:00 +0530,21695.1,21697.25,21687.75,21695.25,0.0,31.55,32.65,29.1,32.65,2846450,27.137091,18526650,21700.0,37.55,42.05,37.0,37.05,3498950,27.234668,21265000,21700.0
2024-02-01 13:36:00 +0530,21695.45,21704.85,21695.45,21699.95,0.0,32.75,35.9,32.35,33.2,4474950,25.875175,18526650,21700.0,35.75,35.75,30.0,33.9,6312950,26.754177,21573550,21700.0
2024-02-01 13:37:00 +0530,21699.45,21702.25,21691.35,21696.45,0.0,33.5,34.25,29.7,31.8,2401950,26.25134,18526650,21700.0,33.6,38.0,32.4,35.5,3184350,26.737415,21573550,21700.0
2024-02-01 13:38:00 +0530,21694.3,21699.9,21688.65,21690.7,0.0,31.9,33.4,28.8,29.65,2366100,26.820159,18592100,21700.0,35.3,40.2,32.9,38.85,3383050,27.108536,21573550,21700.0
2024-02-01 13:39:00 +0530,21690.45,21692.8,21685.05,21689.05,0.0,29.7,31.2,28.6,29.0,2011050,27.023552,18592100,21700.0,38.7,41.1,36.7,38.1,3084400,25.908228,21699050,21700.0
2024-02-01 13:40:00 +0530,21688.2,21693.0,21678.35,21683.5,0.0,28.7,30.65,25.55,26.75,3620000,27.298702,18592100,21700.0,39.0,43.95,35.85,42.1,3913150,26.732812,21699050,21700.0
2024-02-01 13:41:00 +0530,21682.35,21698.1,21682.35,21695.85,0.0,27.0,32.0,26.6,31.35,4288950,26.607196,19343250,21700.0,41.05,41.7,32.3,33.4,4368400,25.282171,21699050,21700.0
2024-02-01 13:42:00 +0530,21695.7,21715.25,21695.7,21704.2,0.0,31.4,37.65,31.4,34.9,6536900,26.206929,19343250,21700.0,33.35,33.7,24.1,27.1,7780050,23.660875,21764900,21700.0
2024-02-01 13:43:00 +0530,21707.8,21708.2,21698.7,21704.25,0.0,34.65,35.25,29.65,32.6,3506400,24.4444,19343250,21700.0,26.65,31.35,25.9,28.15,4671100,24.640481,21764900,21700.0
2024-02-01 13:44:00 +0530,21703.9,21705.25,21699.8,21701.9,0.0,32.85,32.85,30.45,30.45,1815800,23.804483,19289000,21700.0,27.2,30.15,27.2,29.95,2434750,25.299879,21764900,21700.0
2024-02-01 13:45:00 +0530,21701.85,21702.35,21697.45,21697.9,0.0,30.65,31.55,28.65,29.6,2414700,24.867577,19289000,21700.0,29.15,31.6,28.25,31.55,3189800,25.099341,22105300,21700.0
2024-02-01 13:46:00 +0530,21697.75,21700.2,21693.9,21697.9,0.0,29.25,30.85,28.9,29.95,1915750,25.276011,19289000,21700.0,32.35,32.35,29.8,30.7,2849600,24.519776,22105300,21700.0
2024-02-01 13:47:00 +0530,21698.05,21711.3,21698.05,21707.8,0.0,30.65,36.15,30.65,35.05,4536750,25.379777,19585300,21700.0,29.95,29.95,23.45,24.0,6190600,23.034633,22105300,21700.0
2024-02-01 13:48:00 +0530,21709.4,21717.4,21708.85,21713.9,0.0,35.55,39.0,32.8,34.3,4977650,21.988914,19585300,21700.0,23.5,23.7,20.6,22.95,6228700,24.50359,22711500,21700.0
2024-02-01 13:49:00 +0530,21712.0,21714.05,21708.65,21711.3,0.0,34.9,36.6,33.45,35.65,2082600,24.510109,19585300,21700.0,22.7,23.55,21.2,21.6,3086350,22.539653,22711500,21700.0
2024-02-01 13:50:00 +0530,21711.7,21714.75,21705.75,21706.4,0.0,34.7,36.0,31.45,31.8,2754350,23.665528,19770150,21700.0,22.25,24.35,21.15,23.65,3575200,22.540445,22711500,21700.0
2024-02-01 13:51:00 +0530,21706.2,21712.7,21706.0,21709.25,0.0,32.6,35.25,31.2,33.45,2473300,23.8642,19770150,21700.0,23.1,24.15,21.4,22.8,2836350,23.022029,23229700,21700.0
2024-02-01 13:52:00 +0530,21706.4,21721.1,21706.4,21718.0,0.0,32.75,39.8,32.75,38.7,4196400,24.149734,19770150,21700.0,23.2,23.2,18.25,18.5,5090250,22.5769,23229700,21700.0
2024-02-01 13:53:00 +0530,21718.15,21720.4,21712.65,21718.2,0.0,39.2,39.2,33.45,36.1,3937850,21.875527,19770150,21700.0,18.8,20.4,17.2,19.2,5637900,23.378164,23229700,21700.0
2024-02-01 13:54:00 +0530,21715.0,21719.4,21709.8,21711.15,0.0,35.3,36.65,32.0,32.7,2904600,22.668242,19892750,21700.0,20.0,21.7,18.25,21.0,3774150,22.534935,23921150,21700.0
2024-02-01 13:55:00 +0530,21711.2,21713.4,21709.15,21709.45,0.0,32.35,34.0,29.2,29.2,3649150,20.580385,19892750,21700.0,21.2,23.0,20.05,22.6,3984550,23.398624,23921150,21700.0
2024-02-01 13:56:00 +0530,21709.0,21711.9,21700.15,21702.75,0.0,29.1,30.6,26.45,27.7,3844800,22.543774,19892750,21700.0,23.6,24.35,21.7,23.6,4468400,21.711961,23921150,21700.0
2024-02-01 13:57:00 +0530,21703.75,21710.1,21699.7,21707.25,0.0,27.9,31.55,27.8,31.05,2782950,23.496604,20569700,21700.0,23.05,24.25,21.05,22.45,3606450,22.652303,24229400,21700.0
2024-02-01 13:58:00 +0530,21706.7,21713.75,21706.7,21707.5,0.0,31.2,33.65,29.85,30.0,2859600,22.582804,20569700,21700.0,22.4,22.8,19.35,22.15,3743000,22.609036,24229400,21700.0
2024-02-01 13:59:00 +0530,21706.8,21711.95,21706.8,21709.85,0.0,29.85,31.8,28.75,30.8,1962300,22.258059,20569700,21700.0,22.3,22.7,20.15,20.85,2425800,22.503156,24229400,21700.0
2024-02-01 14:00:00 +0530,21709.85,21714.5,21703.85,21703.95,0.0,29.7,33.35,26.7,27.3,3742300,22.137478,20594300,21700.0,21.1,23.65,19.0,22.85,4939700,22.023848,24676850,21700.0
2024-02-01 14:01:00 +0530,21703.9,21710.2,21703.9,21704.4,0.0,28.2,29.85,26.85,27.15,2201300,21.917839,20594300,21700.0,21.65,22.9,21.15,22.8,2494850,22.289449,24676850,21700.0
2024-02-01 14:02:00 +0530,21704.1,21707.85,21703.9,21704.45,0.0,27.05,28.85,26.75,27.65,1677150,22.467837,20594300,21700.0,22.85,23.1,21.05,22.85,2342550,22.479758,24676850,21700.0
2024-02-01 14:03:00 +0530,21704.65,21715.75,21704.25,21712.65,0.0,27.3,32.7,27.3,31.3,3248800,21.759221,21230950,21700.0,23.0,23.0,18.2,19.35,4679450,22.731017,25161750,21700.0
2024-02-01 14:04:00 +0530,21712.5,21720.5,21712.5,21715.0,0.0,31.85,35.65,31.15,31.55,4153300,20.820512,21230950,21700.0,19.05,19.05,15.8,17.6,6239150,22.131708,25161750,21700.0
2024-02-01 14:05:00 +0530,21713.95,21716.15,21702.8,21703.55,0.0,31.25,31.75,22.0,22.15,6461150,18.292111,21230950,21700.0,17.8,22.45,17.35,22.05,5657450,21.753073,25161750,21700.0
2024-02-01 14:06:00 +0530,21704.55,21711.65,21704.5,21706.65,0.0,22.6,25.65,22.6,25.0,4331150,19.477117,21056250,21700.0,21.45,22.25,20.0,20.6,4537000,21.867732,25031700,21700.0
2024-02-01 14:07:00 +0530,21706.35,21709.05,21703.5,21705.45,0.0,24.95,25.9,21.6,22.05,3457950,17.475417,21056250,21700.0,21.0,22.9,19.8,22.6,3908000,23.337369,25031700,21700.0
2024-02-01 14:08:00 +0530,21704.85,21723.8,21704.8,21721.3,0.0,22.3,32.0,21.25,30.3,6987900,16.065259,21056250,21700.0,22.65,23.5,13.65,15.8,9807100,23.249753,25031700,21700.0
2024-02-01 14:09:00 +0530,21721.05,21722.65,21714.75,21718.2,0.0,29.1,29.75,26.1,27.75,3864450,15.709271,20938650,21700.0,16.2,17.85,15.85,16.35,5148250,22.797377,25412700,21700.0
2024-02-01 14:10:00 +0530,21717.4,21722.7,21715.75,21721.05,0.0,27.65,30.75,26.35,30.0,3356350,16.13602,20938650,21700.0,16.55,17.6,15.5,16.05,3947100,23.692645,25412700,21700.0
2024-02-01 14:11:00 +0530,21721.65,21724.95,21717.95,21721.7,0.0,29.85,32.0,27.9,30.25,4140300,16.025877,20938650,21700.0,15.7,16.55,14.25,14.8,5236800,22.825336,25412700,21700.0
2024-02-01 14:12:00 +0530,21721.7,21733.75,21721.3,21731.1,0.0,11.3,15.3,11.3,13.95,10504300,20.824123,26316400,21750.0,49.05,49.05,41.3,42.8,2858350,30.925142,7297500,21750.0
2024-02-01 14:13:00 +0530,21730.15,21737.0,21724.7,21726.6,0.0,14.5,16.35,13.1,14.6,8056500,23.269611,26316400,21750.0,42.1,45.0,40.0,42.4,2335750,28.037992,7297500,21750.0
2024-02-01 14:14:00 +0530,21727.7,21731.2,21722.25,21722.25,0.0,35.7,35.7,31.35,32.15,3513500,18.000235,21157950,21700.0,13.15,14.5,13.15,14.0,3958050,22.644365,26242800,21700.0
2024-02-01 14:15:00 +0530,21721.7,21723.6,21705.25,21706.05,0.0,31.45,31.45,25.0,26.0,6493150,21.927164,21169450,21700.0,13.95,18.0,13.95,18.0,9369200,20.330404,26746400,21700.0
2024-02-01 14:16:00 +0530,21705.6,21711.35,21700.6,21704.65,0.0,25.65,27.75,25.0,26.4,5138650,23.206559,21169450,21700.0,17.95,21.0,16.25,19.05,10852600,20.866797,26746400,21700.0
2024-02-01 14:17:00 +0530,21707.2,21715.1,21705.4,21708.15,0.0,26.35,29.0,25.3,25.45,3252900,20.534177,21169450,21700.0,18.3,18.7,15.95,18.55,5638950,22.072929,26746400,21700.0
2024-02-01 14:18:00 +0530,21707.4,21711.3,21704.4,21705.45,0.0,25.15,27.3,23.55,24.85,3719900,21.568263,21838100,21700.0,18.8,19.75,17.15,18.5,4889650,20.970087,26696000,21700.0
2024-02-01 14:19:00 +0530,21706.1,21715.95,21706.1,21715.65,0.0,25.0,27.45,23.65,27.0,3215650,17.794701,21838100,21700.0,18.4,19.6,15.15,15.5,5742850,22.4353,26696000,21700.0
2024-02-01 14:20:00 +0530,21716.0,21719.05,21715.45,21717.85,0.0,26.2,28.4,26.05,26.55,2897300,15.865946,21838100,21700.0,16.05,16.9,14.7,16.25,4943950,24.260665,26696000,21700.0
2024-02-01 14:21:00 +0530,21717.8,21717.95,21710.45,21711.25,0.0,26.7,26.7,22.4,23.25,4195100,16.991802,22122650,21700.0,16.45,18.55,16.3,18.4,5289550,23.910257,27147000,21700.0
2024-02-01 14:22:00 +0530,21710.45,21717.3,21710.2,21715.75,0.0,23.1,25.3,22.45,23.65,2733650,14.436338,22122650,21700.0,18.4,18.85,15.45,17.0,4176100,24.541616,27147000,21700.0
2024-02-01 14:23:00 +0530,21715.25,21720.05,21714.45,21719.5,0.0,23.5,26.8,23.25,26.65,2649450,15.025696,22122650,21700.0,16.9,17.5,15.0,15.05,3446550,24.168831,27147000,21700.0
2024-02-01 14:24:00 +0530,21719.2,21725.15,21718.6,21723.05,0.0,26.3,29.9,26.1,28.2,5840350,13.84816,22796350,21700.0,15.35,15.45,12.8,13.5,7524850,24.03671,27668450,21700.0
2024-02-01 14:25:00 +0530,21723.85,21725.95,21718.15,21719.35,0.0,28.8,29.95,25.75,26.25,3704300,14.908642,22796350,21700.0,13.25,14.9,12.8,14.6,4447450,23.979472,27668450,21700.0
2024-02-01 14:26:00 +0530,21717.85,21719.65,21711.3,21711.4,0.0,25.65,27.55,23.9,24.35,3158850,18.750868,22796350,21700.0,14.85,15.9,13.85,15.4,4266050,21.675512,27668450,21700.0
2024-02-01 14:27:00 +0530,21712.0,21717.05,21712.0,21712.7,0.0,25.0,26.9,25.0,25.0,2115750,18.746838,22778200,21700.0,14.85,15.1,13.8,14.95,3212550,21.929414,28033650,21700.0
2024-02-01 14:28:00 +0530,21712.75,21722.4,21712.75,21721.3,0.0,24.9,32.65,24.6,29.45,5685050,17.516368,22778200,21700.0,14.9,14.9,10.5,11.6,8325850,21.908738,28033650,21700.0
2024-02-01 14:29:00 +0530,21720.55,21726.25,21718.4,21726.0,0.0,8.9,11.25,8.75,11.15,8077600,22.385732,28580150,21750.0,42.25,42.5,36.05,36.05,2175050,23.744532,7382350,21750.0
2024-02-01 14:30:00 +0530,21724.35,21725.8,21714.6,21715.6,0.0,33.1,33.1,26.8,27.0,5206450,19.42732,21816750,21700.0,9.95,12.1,9.95,12.1,7622600,20.513361,28445800,21700.0
2024-02-01 14:31:00 +0530,21715.55,21719.3,21711.5,21718.0,0.0,28.1,28.4,24.45,28.2,4493350,19.174193,21816750,21700.0,11.75,12.9,11.5,11.65,6397900,21.168611,28445800,21700.0
2024-02-01 14:32:00 +0530,21718.8,21721.0,21716.9,21719.8,0.0,27.9,29.5,26.65,28.7,2769550,18.481579,21816750,21700.0,11.5,12.2,10.9,11.3,4271700,21.676049,28445800,21700.0
2024-02-01 14:33:00 +0530,21719.5,21723.8,21718.2,21719.7,0.0,28.55,31.8,27.65,29.4,3124500,19.593916,22459800,21700.0,11.4,11.8,10.3,11.15,4659000,21.641873,28950050,21700.0
2024-02-01 14:34:00 +0530,21718.45,21721.4,21712.7,21713.3,0.0,28.5,29.35,25.25,25.9,3953600,20.524473,22459800,21700.0,11.3,13.25,10.85,13.05,6130400,21.318999,28950050,21700.0
2024-02-01 14:35:00 +0530,21713.0,21716.75,21706.8,21707.1,0.0,25.55,27.05,20.15,20.95,7468350,19.234606,22459800,21700.0,13.25,17.6,12.25,16.75,10178750,22.809281,28950050,21700.0
2024-02-01 14:36:00 +0530,21706.45,21716.45,21705.35,21714.1,0.0,20.55,23.2,18.65,23.05,8404450,16.859776,23263650,21700.0,17.0,18.75,12.1,12.1,10674700,20.940001,27997400,21700.0
2024-02-01 14:37:00 +0530,21713.85,21720.45,21711.75,21711.9,0.0,22.5,24.55,22.2,22.45,5064900,17.997345,23263650,21700.0,12.8,12.95,10.45,12.95,8372300,21.133906,27997400,21700.0
2024-02-01 14:38:00 +0530,21711.1,21712.7,21705.45,21706.25,0.0,22.25,22.7,19.4,20.4,5575250,19.707475,23263650,21700.0,13.1,16.25,12.95,15.9,8686550,22.012514,27997400,21700.0
2024-02-01 14:39:00 +0530,21705.1,21707.3,21698.35,21706.95,0.0,20.45,21.05,17.3,19.6,6587800,18.480107,23833850,21700.0,16.0,19.55,15.2,15.7,10920900,22.355302,28618800,21700.0
2024-02-01 14:40:00 +0530,21704.4,21709.7,21704.25,21708.35,0.0,19.3,20.95,18.85,18.85,4588250,16.769804,23833850,21700.0,16.15,16.85,12.95,14.95,7712800,22.404675,28618800,21700.0
2024-02-01 14:41:00 +0530,21707.75,21711.0,21702.75,21704.8,0.0,19.55,19.95,16.55,17.55,5369450,17.84239,23833850,21700.0,15.45,17.9,13.85,16.8,7780050,22.964607,28618800,21700.0
2024-02-01 14:42:00 +0530,21704.7,21711.35,21703.15,21707.9,0.0,17.55,18.85,16.8,18.15,4199150,16.583982,24534400,21700.0,16.95,17.65,14.1,14.8,5781500,22.441032,28591700,21700.0
2024-02-01 14:43:00 +0530,21708.35,21710.55,21701.5,21701.5,0.0,17.65,19.0,13.55,13.55,8612400,15.494789,24534400,21700.0,15.15,19.25,14.15,18.35,9205500,23.434759,28591700,21700.0
2024-02-01 14:44:00 +0530,21701.4,21702.25,21695.55,21696.9,0.0,13.55,14.7,12.0,12.95,10726450,17.730047,24534400,21700.0,17.95,22.85,16.9,20.35,14633700,23.288207,28591700,21700.0
2024-02-01 14:45:00 +0530,21695.85,21710.35,21695.85,21703.55,0.0,12.5,16.35,12.5,14.85,8931100,16.098145,25596050,21700.0,21.1,21.1,13.2,15.0,11998150,20.973688,27849150,21700.0
2024-02-01 14:46:00 +0530,21705.2,21716.2,21704.65,21716.05,0.0,15.25,18.2,15.2,17.65,7698900,8.308521,25596050,21700.0,14.7,15.3,11.5,12.65,9872450,24.876887,27849150,21700.0
2024-02-01 14:47:00 +0530,21714.6,21718.8,21713.5,21714.7,0.0,17.4,21.35,17.4,18.3,10128550,11.445734,25596050,21700.0,12.65,12.65,10.25,11.2,10526650,22.533374,27849150,21700.0
2024-02-01 14:48:00 +0530,21714.65,21714.65,21709.5,21711.8,0.0,18.25,19.45,17.3,17.75,5244350,13.843574,24827850,21700.0,11.15,12.45,10.8,11.65,7562150,21.921376,29424500,21700.0
2024-02-01 14:49:00 +0530,21711.75,21717.55,21711.75,21716.25,0.0,18.05,22.0,17.8,20.9,5690050,14.061081,24827850,21700.0,11.25,12.0,8.65,9.2,9629350,21.042165,29424500,21700.0
2024-02-01 14:50:00 +0530,21716.0,21728.15,21715.1,21728.15,0.0,4.6,8.9,4.1,8.65,18370300,22.975911,31590300,21750.0,42.95,43.75,33.3,33.3,3635850,27.325479,7151450,21750.0
2024-02-01 14:51:00 +0530,21728.1,21728.65,21717.65,21717.75,0.0,30.85,31.45,22.6,22.6,13079700,15.404328,23180800,21700.0,6.55,8.25,6.5,8.25,13599150,20.906609,30288450,21700.0
2024-02-01 14:52:00 +0530,21717.7,21718.85,21710.85,21712.3,0.0,22.4,22.9,17.15,18.55,10850550,15.266247,23180800,21700.0,7.95,9.45,7.75,8.55,13951250,18.877304,30288450,21700.0
2024-02-01 14:53:00 +0530,21712.45,21716.05,21711.35,21714.45,0.0,18.1,21.75,17.95,19.6,5825750,14.807405,23180800,21700.0,8.7,8.7,6.9,7.7,9471650,18.97744,30288450,21700.0
2024-02-01 14:54:00 +0530,21713.7,21723.5,21713.3,21720.4,0.0,19.15,28.3,19.15,25.0,9439200,16.793258,23456000,21700.0,7.85,7.85,4.75,5.3,17111150,18.258567,31742850,21700.0
2024-02-01 14:55:00 +0530,21720.75,21723.55,21715.3,21722.4,0.0,24.8,29.4,22.55,27.3,7684500,18.455432,23456000,21700.0,5.25,5.8,4.95,5.2,12236950,19.245313,31742850,21700.0
2024-02-01 14:56:00 +0530,21723.15,21730.9,21722.15,21724.85,0.0,28.0,34.8,26.75,29.75,11603100,19.812845,23456000,21700.0,5.0,5.25,3.9,4.05,18261250,18.465358,31742850,21700.0
2024-02-01 14:57:00 +0530,21724.55,21725.1,21718.8,21719.5,0.0,29.75,29.75,22.4,26.5,8416850,21.323765,21547450,21700.0,4.15,5.15,4.05,4.8,13857300,17.752358,33318600,21700.0
2024-02-01 14:58:00 +0530,21719.55,21723.8,21717.2,21721.25,0.0,26.65,29.95,25.45,27.05,4704800,20.425822,21547450,21700.0,4.85,5.1,4.15,4.55,10601550,18.380893,33318600,21700.0
2024-02-01 14:59:00 +0530,21720.1,21727.45,21715.7,21722.05,0.0,26.7,34.25,22.95,27.9,9611100,21.238582,21547450,21700.0,4.7,5.2,3.05,3.85,18666100,17.677706,33318600,21700.0
2024-02-01 15:00:00 +0530,21720.9,21721.4,21703.25,21712.8,0.0,25.95,26.9,12.15,17.6,22015400,15.000943,20858300,21700.0,4.15,9.1,3.7,4.1,37219150,13.979763,33689950,21700.0
2024-02-01 15:01:00 +0530,21711.3,21711.75,21705.25,21708.05,0.0,17.3,17.95,13.0,14.45,12186900,15.283385,20858300,21700.0,4.6,6.55,4.6,4.85,19703300,12.910095,33689950,21700.0
2024-02-01 15:02:00 +0530,21708.25,21708.35,21697.3,21697.75,0.0,13.7,13.9,9.15,9.45,19403150,16.591018,20858300,21700.0,5.05,7.8,5.05,7.65,24135300,10.330914,33689950,21700.0
2024-02-01 15:03:00 +0530,21694.9,21710.55,21689.85,21710.55,0.0,9.05,12.7,7.75,12.2,21747400,8.425046,25652200,21700.0,8.45,9.9,3.25,3.25,35770950,11.906312,33902800,21700.0
2024-02-01 15:04:00 +0530,21708.65,21712.25,21691.0,21691.0,0.0,12.7,14.15,5.7,6.15,24376300,16.380881,25652200,21700.0,3.0,7.85,2.5,7.45,32810150,0.0,33902800,21700.0
2024-02-01 15:05:00 +0530,21689.6,21696.45,21688.1,21691.8,0.0,6.5,8.3,5.6,6.7,18545350,17.159693,25652200,21700.0,7.4,8.7,4.75,7.0,24343550,0.0,33902800,21700.0
2024-02-01 15:06:00 +0530,21691.45,21698.55,21691.45,21698.4,0.0,7.2,7.8,5.45,7.3,15135000,13.724106,26914450,21700.0,6.75,7.3,4.1,4.1,19484050,5.633303,33234400,21700.0
2024-02-01 15:07:00 +0530,21698.65,21702.9,21695.7,21700.45,0.0,6.4,7.05,5.0,5.05,15444500,8.333793,26914450,21700.0,4.9,5.85,3.95,4.9,17246350,9.024124,33234400,21700.0
2024-02-01 15:08:00 +0530,21699.9,21708.75,21697.55,21704.65,0.0,5.15,6.95,4.05,6.0,19318450,5.469402,26914450,21700.0,5.1,5.2,2.0,2.65,20924950,8.28399,33234400,21700.0
2024-02-01 15:09:00 +0530,21704.85,21707.05,21692.5,21698.3,0.0,6.15,6.8,3.7,4.35,20317200,9.35008,27558150,21700.0,2.5,4.5,2.4,3.45,21817700,4.683903,34617050,21700.0
2024-02-01 15:10:00 +0530,21699.75,21709.85,21699.0,21699.8,0.0,4.35,7.4,4.1,4.25,23471650,8.068034,27558150,21700.0,3.5,3.7,1.8,3.05,27868500,5.600804,34617050,21700.0
2024-02-01 15:11:00 +0530,21696.2,21700.8,21695.8,21697.6,0.0,4.1,4.4,3.4,3.8,15908700,9.362781,27558150,21700.0,2.85,3.3,2.35,2.8,19211400,2.553364,34617050,21700.0
2024-02-01 15:12:00 +0530,21698.0,21700.55,21695.25,21696.3,0.0,3.8,4.3,3.0,3.2,13658350,9.468321,27960950,21700.0,2.85,3.2,2.45,2.8,12182200,0.0,34148200,21700.0
2024-02-01 15:13:00 +0530,21696.8,21698.0,21692.1,21692.1,0.0,3.2,3.3,2.0,2.0,20112900,10.082561,27960950,21700.0,2.6,4.8,2.6,4.8,15647750,0.0,34148200,21700.0
2024-02-01 15:14:00 +0530,21691.05,21692.35,21680.85,21681.45,0.0,2.0,2.35,1.1,1.1,26982400,13.835619,27960950,21700.0,4.75,7.45,3.7,7.1,28002600,0.0,34148200,21700.0
2024-02-01 15:15:00 +0530,21681.2,21684.9,21674.3,21676.1,0.0,1.05,1.8,0.6,0.65,34424150,14.842611,30381650,21700.0,7.25,10.1,5.2,10.1,27536650,0.0,28295250,21700.0
2024-02-01 15:16:00 +0530,21675.55,21693.45,21675.55,21693.45,0.0,0.6,1.65,0.6,1.65,29139450,9.189352,30381650,21700.0,9.85,9.85,3.5,3.5,23869100,0.0,28295250,21700.0
2024-02-01 15:17:00 +0530,21693.65,21702.2,21693.65,21698.1,0.0,1.75,2.1,1.2,1.2,28014850,4.61828,30381650,21700.0,3.45,4.0,2.3,3.75,28378150,6.336498,28295250,21700.0
2024-02-01 15:18:00 +0530,21698.3,21699.0,21688.3,21697.35,0.0,1.25,1.6,0.45,0.9,24140250,4.660283,30243450,21700.0,3.65,4.75,2.85,3.25,20222900,3.941777,27427900,21700.0
2024-02-01 15:19:00 +0530,21697.8,21701.6,21697.75,21700.9,0.0,0.95,1.35,0.9,1.15,19429550,1.397685,30243450,21700.0,3.15,3.45,2.6,2.6,18337600,7.699617,27427900,21700.0
2024-02-01 15:20:00 +0530,21701.3,21702.5,21692.65,21693.9,0.0,1.15,1.65,0.5,0.5,30530250,6.380987,30243450,21700.0,2.75,3.0,1.7,3.0,25541450,0.0,27427900,21700.0
2024-02-01 15:21:00 +0530,21695.65,21702.65,21695.65,21699.6,0.0,0.5,1.15,0.5,0.7,18262800,2.426945,29696400,21700.0,3.1,3.15,2.15,2.6,20576300,6.739405,26437250,21700.0
2024-02-01 15:22:00 +0530,21698.8,21699.05,21695.3,21696.9,0.0,0.7,0.9,0.5,0.65,13670050,5.266038,29696400,21700.0,2.6,2.85,1.75,2.3,21735400,0.0,26437250,21700.0
2024-02-01 15:23:00 +0530,21696.6,21700.4,21696.6,21697.75,0.0,0.65,0.75,0.4,0.4,9349000,3.788078,29696400,21700.0,2.35,2.35,1.85,2.0,16431900,0.0,26437250,21700.0
2024-02-01 15:24:00 +0530,21697.55,21700.2,21696.25,21698.9,0.0,0.4,0.45,0.3,0.3,8767000,2.434996,28862950,21700.0,2.1,2.2,1.55,1.9,19602250,4.416658,24443150,21700.0
2024-02-01 15:25:00 +0530,21698.65,21700.0,21694.8,21696.2,0.0,0.3,0.4,0.1,0.1,15856250,4.043853,28862950,21700.0,1.9,2.15,1.6,2.0,16267950,0.0,24443150,21700.0
2024-02-01 15:26:00 +0530,21696.15,21697.45,21692.35,21693.95,0.0,0.1,0.15,0.05,0.1,12749100,6.479683,28862950,21700.0,1.9,2.45,1.9,2.3,10639950,0.0,24443150,21700.0
2024-02-01 15:27:00 +0530,21694.7,21694.7,21690.65,21691.4,0.0,0.1,0.1,0.05,0.05,2580550,8.720994,23091750,21700.0,2.25,2.55,2.2,2.3,7530400,0.0,20594850,21700.0
2024-02-01 15:28:00 +0530,21692.0,21692.0,21680.1,21681.15,0.0,0.05,0.05,0.05,0.05,480150,20.752374,23091750,21700.0,2.25,2.7,2.25,2.7,8365000,0.0,20594850,21700.0
2024-02-01 15:29:00 +0530,21682.4,21693.7,21681.75,21690.3,0.0,0.05,0.05,0.05,0.05,319100,16.714302,23091750,21700.0,2.7,2.75,2.35,2.45,14749300,0.0,20594850,21700.0
2024-02-01 15:30:00 +0530,21689.65,21689.65,21689.65,21689.65,0.0,0.05,0.05,0.05,0.05,100,0.496428,23091750,21700.0,2.45,2.45,2.45,2.45,40400,0.0,20594850,21700.0
2024-02-02 09:15:00 +0530,21812.75,21857.3,21812.75,21850.55,0.0,130.0,176.4,115.15,170.9,737450,13.250873,618850,21850.0,180.0,180.0,142.55,145.45,449550,14.35582,122000,21850.0
2024-02-02 09:16:00 +0530,21853.2,21872.55,21851.7,21868.95,0.0,172.1,184.6,172.1,179.9,668550,13.147687,618850,21850.0,144.65,146.7,138.5,140.6,440700,14.660699,122000,21850.0
2024-02-02 09:17:00 +0530,21868.75,21872.1,21862.8,21867.05,0.0,179.5,183.65,178.95,180.05,387950,13.256477,912800,21850.0,140.25,141.25,136.15,140.45,247500,14.573579,497200,21850.0
2024-02-02 09:18:00 +0530,21865.25,21888.15,21865.25,21888.15,0.0,155.25,170.75,155.25,170.75,1141250,13.790162,2203450,21900.0,163.1,163.1,153.05,153.05,419450,14.488851,613000,21900.0
2024-02-02 09:19:00 +0530,21889.15,21911.65,21884.85,21911.65,0.0,170.4,179.95,167.05,179.95,1062750,13.480735,2203450,21900.0,154.1,155.4,149.1,149.1,561850,15.094271,613000,21900.0
2024-02-02 09:20:00 +0530,21918.55,21927.8,21910.1,21927.8,0.0,155.0,164.35,153.65,163.35,579300,13.584255,977350,21950.0,173.7,173.7,168.5,169.9,194600,15.502339,200450,21950.0
2024-02-02 09:21:00 +0530,21928.9,21936.8,21919.9,21924.2,0.0,190.0,199.0,188.85,193.55,1355500,14.063883,2591850,21900.0,146.4,148.4,141.2,141.2,610250,14.891163,1232850,21900.0
2024-02-02 09:22:00 +0530,21924.45,21935.3,21924.45,21931.7,0.0,168.0,169.65,165.2,168.0,331000,13.814996,977350,21950.0,164.75,164.75,155.95,157.05,225800,14.543998,200450,21950.0
2024-02-02 09:23:00 +0530,21932.4,21937.8,21926.95,21935.5,0.0,166.05,169.7,164.7,169.7,371500,13.790173,1224500,21950.0,157.6,158.35,154.6,154.95,217600,14.519146,492200,21950.0
2024-02-02 09:24:00 +0530,21937.6,21948.65,21933.85,21947.8,0.0,170.15,175.6,168.05,174.65,531100,13.650309,1224500,21950.0,154.45,155.25,149.45,150.15,278100,14.603877,492200,21950.0
2024-02-02 09:25:00 +0530,21945.95,21952.75,21939.7,21939.7,0.0,173.15,178.65,168.75,168.75,604650,13.514393,1224500,21950.0,151.65,153.65,148.0,153.65,340250,14.580186,492200,21950.0
2024-02-02 09:26:00 +0530,21939.9,21941.0,21935.45,21937.95,0.0,170.2,170.25,165.15,168.6,274850,13.583497,1300950,21950.0,153.4,155.85,153.4,154.25,269650,14.561188,781300,21950.0
2024-02-02 09:27:00 +0530,21938.05,21946.5,21937.3,21939.1,0.0,168.8,174.75,167.2,169.55,376900,13.614234,1300950,21950.0,154.35,154.35,148.95,150.0,320150,14.237234,781300,21950.0
2024-02-02 09:28:00 +0530,21938.9,21945.5,21938.3,21944.5,0.0,169.85,172.5,168.6,171.85,191650,13.564271,1300950,21950.0,149.75,150.6,148.45,149.7,188350,14.432821,781300,21950.0
2024-02-02 09:29:00 +0530,21942.95,21948.1,21940.2,21940.85,0.0,171.95,172.8,167.95,168.6,213900,13.451418,1469450,21950.0,149.25,151.9,148.35,151.0,156000,14.397977,1061500,21950.0
2024-02-02 09:30:00 +0530,21941.15,21943.25,21931.65,21941.35,0.0,169.25,171.7,165.05,171.3,260050,13.665544,1469450,21950.0,150.35,154.0,149.35,150.35,289050,14.362196,1061500,21950.0
2024-02-02 09:31:00 +0530,21940.8,21948.75,21940.8,21945.55,0.0,171.85,173.7,169.75,171.6,287050,13.495766,1469450,21950.0,150.4,151.15,148.45,150.8,267950,14.573891,1061500,21950.0
2024-02-02 09:32:00 +0530,21946.3,21956.9,21944.05,21956.45,0.0,171.3,180.95,170.6,180.95,446600,13.798177,1588450,21950.0,151.15,151.75,146.25,146.7,281150,14.654323,1308000,21950.0
2024-02-02 09:33:00 +0530,21956.1,21960.75,21951.0,21957.4,0.0,180.5,181.95,176.65,181.8,606600,13.828077,1588450,21950.0,146.7,149.3,144.0,144.55,317550,14.503983,1308000,21950.0
2024-02-02 09:34:00 +0530,21957.35,21961.6,21954.35,21954.5,0.0,181.1,187.35,180.2,182.5,581550,14.029933,1588450,21950.0,144.4,144.8,140.55,143.25,313850,14.274689,1308000,21950.0
2024-02-02 09:35:00 +0530,21954.75,21958.6,21950.3,21952.5,0.0,181.05,183.85,179.0,181.35,445850,14.025507,1490000,21950.0,144.0,144.85,141.8,143.3,258150,14.199571,1478500,21950.0
2024-02-02 09:36:00 +0530,21952.55,21954.6,21923.7,21926.4,0.0,182.2,182.2,167.25,168.0,394650,14.069594,1490000,21950.0,143.3,151.35,143.3,150.7,282300,13.77466,1478500,21950.0
2024-02-02 09:37:00 +0530,21928.2,21943.85,21928.2,21943.85,0.0,169.35,175.55,168.9,175.55,314250,13.927723,1490000,21950.0,150.4,151.0,146.4,146.9,298200,14.166531,1478500,21950.0
2024-02-02 09:38:00 +0530,21945.4,21947.1,21934.55,21942.8,0.0,175.4,175.85,170.9,174.25,157000,13.863924,1531350,21950.0,146.95,149.75,146.15,146.9,228050,14.124255,1598150,21950.0
2024-02-02 09:39:00 +0530,21942.5,21945.45,21935.65,21939.55,0.0,174.5,176.4,170.2,173.35,173300,13.937624,1531350,21950.0,146.3,150.0,144.3,147.6,154050,14.052914,1598150,21950.0
2024-02-02 09:40:00 +0530,21939.3,21947.35,21938.05,21943.8,0.0,173.6,179.7,172.05,178.0,185800,14.14777,1531350,21950.0,146.75,148.5,141.65,142.9,154750,13.815634,1598150,21950.0
2024-02-02 09:41:00 +0530,21944.05,21948.3,21927.85,21932.7,0.0,178.2,180.65,173.0,174.5,243300,14.356385,1602450,21950.0,143.05,147.9,141.3,146.25,229850,13.652301,1693950,21950.0
2024-02-02 09:42:00 +0530,21932.05,21941.0,21930.0,21938.1,0.0,175.5,181.0,174.0,179.05,162250,14.507165,1602450,21950.0,145.6,146.75,141.8,143.05,291400,13.596356,1693950,21950.0
2024-02-02 09:43:00 +0530,21937.2,21940.3,21933.3,21940.0,0.0,179.2,181.35,177.65,180.35,144900,14.533965,1602450,21950.0,142.8,144.2,141.3,142.2,199400,13.600593,1693950,21950.0
2024-02-02 09:44:00 +0530,21938.75,21940.65,21933.6,21937.3,0.0,179.4,181.95,177.7,181.55,152100,14.765139,1596750,21950.0,142.8,144.45,140.3,141.0,123700,13.384904,1962050,21950.0
2024-02-02 09:45:00 +0530,21939.25,21941.05,21914.9,21916.45,0.0,211.15,211.55,200.0,202.55,376750,15.26604,2784200,21900.0,120.8,126.6,120.5,126.3,454000,13.287371,3740000,21900.0
2024-02-02 09:46:00 +0530,21918.95,21925.2,21914.7,21921.35,0.0,203.7,206.85,202.05,203.4,269250,15.10176,2784200,21900.0,125.3,126.0,122.9,125.8,388900,13.433717,3740000,21900.0
2024-02-02 09:47:00 +0530,21921.6,21927.5,21916.35,21923.1,0.0,203.75,208.85,202.6,207.7,174700,15.396583,2926750,21900.0,125.65,126.75,122.4,123.45,274450,13.293391,3967750,21900.0
2024-02-02 09:48:00 +0530,21924.05,21926.1,21913.45,21914.25,0.0,208.0,208.3,201.7,202.05,214100,15.332211,2926750,21900.0,123.0,127.0,122.8,126.7,371750,13.238598,3967750,21900.0
2024-02-02 09:49:00 +0530,21912.7,21924.45,21910.85,21922.8,0.0,201.45,208.0,200.6,207.1,242500,15.360464,2926750,21900.0,126.65,127.45,122.1,123.0,371200,13.243093,3967750,21900.0
2024-02-02 09:50:00 +0530,21923.15,21931.6,21921.65,21929.65,0.0,177.1,182.0,177.1,180.75,233950,15.05186,1778350,21950.0,143.1,143.1,137.85,139.45,255750,12.934529,2103300,21950.0
2024-02-02 09:51:00 +0530,21929.85,21936.65,21929.0,21933.25,0.0,180.3,183.8,180.3,180.5,267200,14.866583,1778350,21950.0,139.7,139.7,135.6,139.6,241850,13.098445,2103300,21950.0
2024-02-02 09:52:00 +0530,21932.95,21941.95,21932.15,21938.85,0.0,180.6,184.75,180.25,181.05,210550,14.657694,1778350,21950.0,139.85,140.1,136.35,138.65,159100,13.247287,2103300,21950.0
2024-02-02 09:53:00 +0530,21938.3,21947.85,21936.95,21943.1,0.0,180.75,188.35,180.7,186.95,460400,14.978292,1829950,21950.0,138.75,138.95,132.85,134.7,250900,13.07527,2151200,21950.0
2024-02-02 09:54:00 +0530,21945.65,21945.65,21937.7,21941.4,0.0,186.45,186.65,182.3,184.5,169150,14.84372,1829950,21950.0,134.9,137.4,134.9,137.4,128550,13.243359,2151200,21950.0
2024-02-02 09:55:00 +0530,21940.4,21943.55,21936.4,21936.8,0.0,183.0,187.6,181.5,182.0,260550,14.838799,1829950,21950.0,136.7,139.5,135.1,139.5,164050,13.239025,2151200,21950.0
2024-02-02 09:56:00 +0530,21936.95,21937.8,21931.05,21932.0,0.0,182.05,184.6,178.85,182.3,175500,15.086577,1877250,21950.0,139.15,140.6,136.85,138.95,127550,12.992197,2191350,21950.0
2024-02-02 09:57:00 +0530,21931.0,21932.05,21923.4,21926.1,0.0,181.7,183.7,180.0,182.35,116550,15.360207,1877250,21950.0,138.9,140.85,138.0,138.45,120450,12.701456,2191350,21950.0
2024-02-02 09:58:00 +0530,21926.55,21930.65,21921.7,21924.25,0.0,211.55,213.0,207.15,209.85,177600,15.541609,3051600,21900.0,118.7,120.85,118.0,119.5,270650,12.993129,4403550,21900.0
2024-02-02 09:59:00 +0530,21923.6,21926.3,21920.0,21924.7,0.0,209.8,209.8,206.0,209.7,167350,15.507128,3051850,21900.0,119.3,120.95,118.45,118.65,207450,12.93537,4499200,21900.0
2024-02-02 10:00:00 +0530,21925.15,21930.55,21925.15,21929.6,0.0,180.6,182.95,180.05,182.4,169800,15.208937,1947050,21950.0,137.6,137.75,135.45,135.45,212300,12.587355,2231900,21950.0
2024-02-02 10:01:00 +0530,21930.3,21942.95,21930.3,21939.0,0.0,183.35,186.85,182.3,186.25,248700,15.115788,1947050,21950.0,135.05,135.05,130.35,131.0,210500,12.5873,2231900,21950.0
2024-02-02 10:02:00 +0530,21938.85,21938.9,21931.7,21934.7,0.0,185.95,186.45,182.75,184.7,146400,15.179316,1956300,21950.0,131.25,133.65,131.0,132.25,197900,12.520254,2377150,21950.0
2024-02-02 10:03:00 +0530,21933.65,21937.75,21933.65,21934.45,0.0,185.7,186.95,183.05,183.65,110900,15.099802,1956300,21950.0,131.6,133.5,131.0,132.9,105450,12.567427,2377150,21950.0
2024-02-02 10:04:00 +0530,21933.9,21936.6,21932.75,21934.55,0.0,183.7,185.65,183.3,184.8,65450,15.197044,1956300,21950.0,132.6,133.1,131.45,133.0,110550,12.580867,2377150,21950.0
2024-02-02 10:05:00 +0530,21933.65,21944.25,21931.35,21944.2,0.0,183.85,191.65,183.5,190.95,303250,15.290238,1943800,21950.0,132.5,133.0,127.65,128.3,233100,12.564484,2439050,21950.0
2024-02-02 10:06:00 +0530,21943.95,21943.95,21932.8,21934.25,0.0,190.1,190.5,184.35,185.25,217600,15.252344,1943800,21950.0,128.95,132.05,128.3,132.0,171850,12.481772,2439050,21950.0
2024-02-02 10:07:00 +0530,21933.45,21941.15,21930.9,21937.1,0.0,185.0,189.35,183.1,187.45,124300,15.315087,1943800,21950.0,132.3,132.9,129.3,130.65,81850,12.481625,2439050,21950.0
2024-02-02 10:08:00 +0530,21936.6,21937.75,21933.3,21934.4,0.0,186.15,187.05,185.15,185.4,58050,15.260685,1931200,21950.0,131.25,132.3,130.65,132.15,47800,12.502191,2519300,21950.0
2024-02-02 10:09:00 +0530,21936.1,21943.2,21935.75,21941.55,0.0,186.8,190.0,186.4,189.1,119250,15.255682,1931200,21950.0,130.75,131.5,128.6,129.3,89950,12.546616,2519300,21950.0
2024-02-02 10:10:00 +0530,21940.35,21945.55,21940.35,21941.9,0.0,189.25,194.0,188.25,189.0,300500,15.231653,1931200,21950.0,129.35,130.45,126.55,129.55,150950,12.583386,2519300,21950.0
2024-02-02 10:11:00 +0530,21941.1,21943.65,21936.3,21942.0,0.0,188.65,191.15,186.3,190.85,132950,15.390394,1949300,21950.0,129.75,131.3,128.5,128.8,91850,12.522103,2543050,21950.0
2024-02-02 10:12:00 +0530,21941.25,21945.5,21939.55,21945.5,0.0,190.15,192.3,188.3,191.95,101800,15.324487,1949300,21950.0,129.4,130.55,127.9,128.0,60200,12.594514,2543050,21950.0
2024-02-02 10:13:00 +0530,21944.2,21945.5,21936.85,21939.7,0.0,192.2,192.2,186.6,188.8,147100,15.319485,1949300,21950.0,127.75,131.7,127.65,130.2,116050,12.552108,2543050,21950.0
2024-02-02 10:14:00 +0530,21940.35,21940.8,21933.25,21937.85,0.0,189.0,189.0,184.7,187.1,128800,15.257043,1968350,21950.0,130.35,132.75,129.75,131.45,126000,12.586411,2581950,21950.0
2024-02-02 10:15:00 +0530,21937.65,21938.85,21933.15,21933.6,0.0,188.0,188.5,184.3,185.05,96200,15.274001,1968350,21950.0,131.2,133.0,130.6,132.95,100400,12.542848,2581950,21950.0
2024-02-02 10:16:00 +0530,21933.05,21936.1,21931.45,21934.45,0.0,185.0,186.65,183.35,185.3,110050,15.257941,1968350,21950.0,132.9,133.15,130.75,131.9,118550,12.486504,2581950,21950.0
2024-02-02 10:17:00 +0530,21933.75,21935.6,21932.25,21933.7,0.0,185.9,186.0,183.8,184.2,73050,15.19694,1966150,21950.0,132.15,133.0,131.3,132.4,69150,12.499784,2593800,21950.0
2024-02-02 10:18:00 +0530,21933.85,21933.85,21925.65,21925.65,0.0,184.0,184.0,179.6,180.15,195600,15.209598,1966150,21950.0,132.5,135.45,132.5,135.35,154250,12.42174,2593800,21950.0
2024-02-02 10:19:00 +0530,21926.1,21929.35,21921.95,21925.15,0.0,180.45,183.2,178.45,180.9,130250,15.298992,1966150,21950.0,135.05,136.95,133.25,135.2,118550,12.387949,2593800,21950.0
2024-02-02 10:20:00 +0530,21926.15,21929.2,21923.85,21926.25,0.0,180.8,183.35,178.35,179.4,121250,15.118753,1976800,21950.0,135.05,137.05,133.2,136.25,122050,12.527057,2575250,21950.0
2024-02-02 10:21:00 +0530,21925.9,21927.65,21923.1,21923.55,0.0,210.6,210.95,207.25,208.15,109850,15.450295,3042100,21900.0,116.95,118.0,116.15,117.45,217150,12.796888,4702150,21900.0
2024-02-02 10:22:00 +0530,21923.7,21925.6,21917.85,21924.9,0.0,208.0,210.85,203.95,210.4,261750,15.583833,3042100,21900.0,117.45,119.65,115.55,115.65,253200,12.688852,4702150,21900.0
2024-02-02 10:23:00 +0530,21925.45,21929.55,21924.25,21928.75,0.0,179.9,182.95,179.05,181.7,150350,15.210078,1965950,21950.0,135.3,135.85,132.45,133.05,90600,12.353199,2553500,21950.0
2024-02-02 10:24:00 +0530,21928.4,21933.35,21927.65,21931.95,0.0,181.9,184.6,181.9,184.3,135250,15.293188,1965950,21950.0,133.0,133.0,130.75,130.75,95250,12.285762,2553500,21950.0
2024-02-02 10:25:00 +0530,21933.8,21936.25,21931.4,21934.55,0.0,184.45,185.1,182.15,183.35,118100,15.091588,1965950,21950.0,130.65,133.25,130.3,132.2,83600,12.521698,2553500,21950.0
2024-02-02 10:26:00 +0530,21934.15,21937.95,21932.8,21937.45,0.0,183.8,187.25,183.65,186.9,133650,15.270494,1971400,21950.0,132.1,132.1,128.25,128.65,142700,12.330279,2565600,21950.0
2024-02-02 10:27:00 +0530,21937.5,21939.05,21933.0,21936.05,0.0,186.75,187.05,183.05,186.15,119250,15.270336,1971400,21950.0,128.65,131.05,128.05,129.45,66900,12.343318,2565600,21950.0
2024-02-02 10:28:00 +0530,21937.45,21940.3,21933.95,21939.2,0.0,185.65,188.0,184.95,187.85,102800,15.274962,1971400,21950.0,129.05,130.15,127.85,128.0,65600,12.346137,2565600,21950.0
2024-02-02 10:29:00 +0530,21939.3,21942.75,21937.75,21938.7,0.0,187.2,189.7,187.2,187.75,163600,15.290405,1960450,21950.0,128.5,128.5,125.8,127.95,139750,12.321729,2593950,21950.0
2024-02-02 10:30:00 +0530,21938.85,21944.55,21933.8,21933.8,0.0,188.05,191.35,185.8,186.4,198700,15.398948,1960450,21950.0,127.7,129.35,125.1,128.8,142750,12.194561,2593950,21950.0
2024-02-02 10:31:00 +0530,21935.85,21935.85,21927.65,21932.65,0.0,186.6,186.75,182.35,184.6,123350,15.294759,1960450,21950.0,128.5,131.5,128.5,130.0,162600,12.252646,2593950,21950.0
2024-02-02 10:32:00 +0530,21933.8,21934.0,21926.7,21929.3,0.0,185.2,186.6,182.35,183.45,66700,15.347941,1963150,21950.0,129.9,131.5,128.75,130.35,88950,12.143887,2603350,21950.0
2024-02-02 10:33:00 +0530,21930.35,21932.85,21927.7,21929.8,0.0,183.55,185.1,182.6,184.0,74350,15.374469,1963150,21950.0,130.75,131.85,129.75,130.85,72400,12.209251,2603350,21950.0
2024-02-02 10:34:00 +0530,21931.6,21931.85,21925.8,21926.85,0.0,184.0,185.0,182.4,183.0,58750,15.421901,1963150,21950.0,130.9,132.35,130.05,131.95,96200,12.182282,2603350,21950.0
2024-02-02 10:35:00 +0530,21926.05,21930.6,21924.2,21930.6,0.0,183.7,183.7,179.25,182.55,140250,15.212781,1998200,21950.0,131.7,134.45,131.45,131.45,180100,12.296454,2613850,21950.0
2024-02-02 10:36:00 +0530,21929.25,21930.7,21923.5,21927.0,0.0,182.15,182.75,178.65,179.95,94200,15.149518,1998200,21950.0,131.75,134.7,131.4,134.0,113750,12.369581,2613850,21950.0
2024-02-02 10:37:00 +0530,21926.75,21929.85,21925.55,21928.2,0.0,179.85,182.3,179.1,181.7,58550,15.249635,1998200,21950.0,133.85,134.7,131.7,132.35,64800,12.275796,2613850,21950.0
2024-02-02 10:38:00 +0530,21929.65,21929.65,21924.25,21927.3,0.0,181.45,181.7,177.4,178.5,96850,15.010693,2026000,21950.0,131.85,135.45,131.85,134.7,95150,12.444724,2606400,21950.0
2024-02-02 10:39:00 +0530,21926.15,21928.6,21921.8,21922.4,0.0,207.85,210.65,205.45,206.2,167600,15.353551,3187150,21900.0,115.8,117.25,114.45,116.4,207750,12.669222,4965350,21900.0
2024-02-02 10:40:00 +0530,21922.95,21927.15,21921.2,21921.85,0.0,206.75,209.4,205.75,206.2,120900,15.381808,3187150,21900.0,116.3,117.2,114.65,117.2,178950,12.719852,4965350,21900.0
2024-02-02 10:41:00 +0530,21921.95,21925.05,21919.6,21922.4,0.0,205.75,207.2,200.9,204.45,231700,15.200497,3169700,21900.0,117.1,119.5,116.0,117.65,338900,12.781615,4907950,21900.0
2024-02-02 10:42:00 +0530,21921.9,21923.85,21915.95,21922.15,0.0,205.2,205.2,198.45,204.25,300600,15.196195,3169700,21900.0,117.15,120.45,117.15,117.2,448350,12.732491,4907950,21900.0
2024-02-02 10:43:00 +0530,21922.2,21930.7,21922.2,21929.65,0.0,174.2,178.75,174.1,178.35,188100,14.895655,2044300,21950.0,136.6,136.6,132.6,132.6,125650,12.361754,2573350,21950.0
2024-02-02 10:44:00 +0530,21930.35,21930.35,21923.05,21925.4,0.0,178.05,178.05,172.8,173.35,97900,14.650868,2030900,21950.0,133.15,137.0,132.9,136.35,97100,12.512388,2559150,21950.0
2024-02-02 10:45:00 +0530,21925.7,21929.5,21923.35,21924.95,0.0,203.45,206.35,201.2,203.7,138800,15.011424,3187950,21900.0,117.05,118.25,114.9,116.2,183700,12.752427,4892600,21900.0
2024-02-02 10:46:00 +0530,21925.35,21927.5,21923.9,21924.4,0.0,203.7,205.1,202.65,204.8,60750,15.137526,3187950,21900.0,116.4,116.9,115.2,115.6,119350,12.678448,4892600,21900.0
2024-02-02 10:47:00 +0530,21924.45,21931.35,21922.3,21931.1,0.0,173.7,175.7,171.35,174.8,101000,14.521611,2062000,21950.0,135.3,137.45,133.75,134.4,72700,12.582761,2560750,21950.0
2024-02-02 10:48:00 +0530,21931.25,21932.7,21927.8,21928.55,0.0,174.85,175.9,172.35,172.35,103900,14.423924,2062000,21950.0,134.6,135.95,133.15,135.95,75250,12.61242,2560750,21950.0
2024-02-02 10:49:00 +0530,21929.85,21929.85,21925.15,21926.65,0.0,172.8,173.25,171.25,172.55,68400,14.528944,2062000,21950.0,136.35,137.2,135.7,136.2,66500,12.554744,2560750,21950.0
2024-02-02 10:50:00 +0530,21926.25,21929.4,21925.1,21926.8,0.0,172.5,173.95,171.3,173.8,51700,14.632924,2033600,21950.0,136.05,137.35,135.25,136.15,41250,12.557218,2565850,21950.0
2024-02-02 10:51:00 +0530,21928.3,21934.55,21926.3,21934.55,0.0,174.1,175.7,172.55,175.3,92350,14.410963,2033600,21950.0,135.65,136.2,133.15,133.25,56850,12.627701,2565850,21950.0
2024-02-02 10:52:00 +0530,21933.65,21934.15,21924.3,21924.3,0.0,205.85,206.0,198.75,198.75,166050,14.611423,3211100,21900.0,114.3,118.15,113.75,118.15,184550,12.905256,4933550,21900.0
2024-02-02 10:53:00 +0530,21924.1,21930.9,21924.1,21926.8,0.0,170.0,173.65,170.0,172.95,96050,14.561273,2030750,21950.0,136.25,137.15,133.4,133.4,62900,12.317161,2553500,21950.0
2024-02-02 10:54:00 +0530,21930.75,21931.25,21924.85,21928.95,0.0,173.55,176.7,173.0,175.9,117300,14.723578,2030750,21950.0,133.75,134.85,131.05,132.25,101150,12.307246,2553500,21950.0
2024-02-02 10:55:00 +0530,21927.3,21931.8,21927.3,21928.65,0.0,176.0,178.45,176.0,176.45,114750,14.786599,2030750,21950.0,132.45,132.45,129.85,131.95,92600,12.26877,2553500,21950.0
2024-02-02 10:56:00 +0530,21928.15,21931.9,21926.45,21930.1,0.0,176.35,179.4,176.35,178.45,145450,14.89718,1995000,21950.0,131.8,131.8,129.35,130.0,136750,12.158774,2619550,21950.0
2024-02-02 10:57:00 +0530,21929.9,21935.5,21928.25,21935.05,0.0,178.4,183.6,178.05,182.95,143800,15.066497,1995000,21950.0,130.15,130.25,126.5,127.15,130950,12.115025,2619550,21950.0
2024-02-02 10:58:00 +0530,21934.7,21944.0,21934.4,21941.9,0.0,183.0,188.0,183.0,186.2,240200,15.035442,1995000,21950.0,126.7,126.8,123.4,125.1,217050,12.21693,2619550,21950.0
2024-02-02 10:59:00 +0530,21943.15,21946.1,21938.7,21939.0,0.0,186.65,187.4,185.85,185.85,145200,15.140782,1960100,21950.0,125.05,126.3,125.05,126.2,109200,12.195494,2669700,21950.0
2024-02-02 11:00:00 +0530,21939.2,21943.7,21938.8,21938.8,0.0,185.85,189.85,185.0,185.0,257450,15.076337,1960100,21950.0,126.1,127.25,124.05,127.25,274800,12.280235,2669700,21950.0
2024-02-02 11:01:00 +0530,21939.95,21939.95,21935.0,21935.35,0.0,184.2,186.7,183.75,184.15,122050,15.162325,1960100,21950.0,127.35,127.85,126.6,127.4,105150,12.151482,2669700,21950.0
2024-02-02 11:02:00 +0530,21936.5,21942.55,21935.4,21941.4,0.0,184.35,188.6,184.35,187.35,102100,15.164145,1981200,21950.0,127.55,127.55,125.0,125.7,105150,12.25141,2748250,21950.0
2024-02-02 11:03:00 +0530,21941.4,21950.3,21941.25,21948.95,0.0,187.45,194.85,187.2,194.3,314600,15.422506,1981200,21950.0,125.8,125.8,121.15,121.55,223950,12.192161,2748250,21950.0
2024-02-02 11:04:00 +0530,21949.5,21951.35,21946.95,21950.05,0.0,194.45,197.3,192.4,195.1,360000,15.441993,1981200,21950.0,121.65,122.95,120.45,121.65,259050,12.245695,2748250,21950.0
2024-02-02 11:05:00 +0530,21950.0,21951.0,21944.3,21944.3,0.0,195.3,196.7,191.6,191.6,236950,15.405762,2014500,21950.0,121.5,123.65,121.05,123.35,214800,12.164039,2857200,21950.0
2024-02-02 11:06:00 +0530,21945.0,21945.25,21942.05,21943.5,0.0,191.6,192.65,188.45,188.95,145750,15.210979,2014500,21950.0,123.4,124.8,123.4,124.8,129900,12.259863,2857200,21950.0
2024-02-02 11:07:00 +0530,21944.05,21944.7,21941.35,21944.4,0.0,189.25,189.3,186.7,189.1,123450,15.18303,2014500,21950.0,124.8,125.45,124.3,124.75,156700,12.292593,2857200,21950.0
2024-02-02 11:08:00 +0530,21943.0,21946.3,21940.5,21940.7,0.0,189.25,192.25,187.35,188.85,136500,15.335094,2045350,21950.0,124.45,125.6,123.15,125.15,102050,12.177365,2852100,21950.0
2024-02-02 11:09:00 +0530,21941.55,21946.5,21938.1,21946.5,0.0,188.95,191.2,185.45,190.6,113400,15.218495,2045350,21950.0,125.1,126.6,124.2,124.25,149500,12.334716,2852100,21950.0
2024-02-02 11:10:00 +0530,21946.1,21950.6,21945.0,21947.75,0.0,190.85,192.75,190.05,190.05,145500,15.112097,2045350,21950.0,124.6,125.3,123.0,125.3,103500,12.478457,2852100,21950.0
2024-02-02 11:11:00 +0530,21948.0,21950.4,21944.5,21948.45,0.0,189.35,191.85,188.0,191.55,85300,15.212255,2057700,21950.0,125.05,126.35,124.0,124.3,95000,12.418967,2898750,21950.0
2024-02-02 11:12:00 +0530,21946.4,21952.75,21946.4,21950.65,0.0,191.4,193.6,190.8,191.05,123250,15.064918,2057700,21950.0,124.25,124.85,122.9,124.85,73300,12.556621,2898750,21950.0
2024-02-02 11:13:00 +0530,21951.2,21989.75,21950.6,21989.2,0.0,161.4,179.7,161.4,179.7,1199100,14.5675,7050100,22000.0,145.2,145.35,134.3,134.3,577750,12.898688,4737000,22000.0
2024-02-02 11:14:00 +0530,21989.7,22003.25,21982.05,21989.65,0.0,178.05,186.0,173.8,179.5,1542600,14.530012,6939000,22000.0,134.55,135.4,131.9,134.5,644400,12.935329,4896800,22000.0
2024-02-02 11:15:00 +0530,21986.85,22004.2,21986.85,22002.5,0.0,181.4,195.9,181.4,195.9,1434500,15.368824,6939000,22000.0,133.9,133.9,129.15,130.0,779550,13.061199,4896800,22000.0
2024-02-02 11:16:00 +0530,22003.35,22019.5,21998.95,22014.75,0.0,194.1,207.1,193.25,203.3,1758350,15.433242,6939000,22000.0,130.3,130.3,125.55,127.15,769750,13.294968,4896800,22000.0
2024-02-02 11:17:00 +0530,22014.0,22024.25,22014.0,22021.75,0.0,204.1,210.8,203.1,209.75,1446850,15.661717,6506150,22000.0,126.75,126.95,125.2,125.35,557050,13.40821,5367200,22000.0
2024-02-02 11:18:00 +0530,22024.1,22036.85,22023.75,22031.15,0.0,179.9,184.4,179.9,182.4,396250,15.142511,1161900,22050.0,144.6,144.6,142.25,143.65,182550,13.361712,650600,22050.0
2024-02-02 11:19:00 +0530,22031.85,22033.35,22021.5,22021.55,0.0,212.6,212.6,205.35,208.6,1210150,15.572059,6506150,22000.0,123.4,126.15,123.0,124.65,705050,13.339591,5367200,22000.0
2024-02-02 11:20:00 +0530,22023.55,22030.1,22020.4,22025.65,0.0,177.25,183.05,177.25,179.85,260900,15.170934,1223900,22050.0,144.25,144.45,140.75,143.3,158950,13.100876,822200,22050.0
2024-02-02 11:21:00 +0530,22025.45,22029.85,22021.9,22029.45,0.0,179.45,180.9,176.4,180.5,165200,15.056641,1223900,22050.0,143.3,143.95,140.85,140.85,142350,13.04687,822200,22050.0
2024-02-02 11:22:00 +0530,22029.15,22041.45,22026.45,22037.4,0.0,179.95,189.0,178.35,184.9,368300,15.078886,1223900,22050.0,141.35,142.75,139.6,141.05,149900,13.39586,822200,22050.0
2024-02-02 11:23:00 +0530,22037.4,22039.5,22034.2,22039.25,0.0,184.75,185.45,181.65,183.0,167900,14.827734,1272700,22050.0,141.05,142.65,140.4,142.0,125500,13.556055,960800,22050.0
2024-02-02 11:24:00 +0530,22039.05,22039.05,22034.1,22036.95,0.0,181.9,185.0,180.45,185.0,136950,15.110501,1272700,22050.0,142.5,143.45,140.7,141.0,135250,13.374036,960800,22050.0
2024-02-02 11:25:00 +0530,22037.05,22044.55,22036.65,22039.85,0.0,184.9,190.0,183.9,185.5,292250,15.021218,1272700,22050.0,140.65,142.05,138.5,141.5,158300,13.538049,960800,22050.0
2024-02-02 11:26:00 +0530,22039.65,22040.5,22034.5,22035.55,0.0,185.95,185.95,181.0,182.25,136150,14.935998,1252500,22050.0,141.7,144.2,141.55,143.75,128650,13.558397,1031150,22050.0
2024-02-02 11:27:00 +0530,22035.2,22044.2,22033.6,22044.2,0.0,181.85,184.4,180.4,184.4,122250,14.724003,1252500,22050.0,143.9,144.85,142.0,142.15,121200,13.774477,1031150,22050.0
2024-02-02 11:28:00 +0530,22041.45,22047.75,22039.35,22044.75,0.0,184.75,185.6,182.45,184.6,190200,14.71681,1252500,22050.0,141.95,144.4,141.95,143.35,108900,13.902897,1031150,22050.0
2024-02-02 11:29:00 +0530,22043.45,22045.85,22041.05,22042.75,0.0,184.5,185.4,183.15,185.2,114350,14.864068,1292200,22050.0,143.6,144.0,142.55,143.3,95950,13.817397,1025850,22050.0
2024-02-02 11:30:00 +0530,22044.1,22055.35,22043.5,22055.35,0.0,185.65,191.85,184.15,191.3,265450,14.805619,1292200,22050.0,142.55,143.6,140.8,140.8,163450,14.108032,1025850,22050.0
2024-02-02 11:31:00 +0530,22053.35,22067.95,22052.9,22067.95,0.0,191.4,198.55,189.1,198.55,366500,14.835249,1292200,22050.0,141.25,141.9,137.85,137.85,249000,14.346912,1025850,22050.0
2024-02-02 11:32:00 +0530,22067.65,22067.65,22055.9,22059.25,0.0,198.35,198.75,191.2,194.05,269600,14.862459,1240350,22050.0,138.0,141.0,137.75,139.0,166450,14.106177,1093650,22050.0
2024-02-02 11:33:00 +0530,22061.15,22064.75,22054.0,22056.8,0.0,195.85,196.4,190.65,191.5,169100,14.756832,1240350,22050.0,138.95,141.5,138.35,140.9,118350,14.176641,1093650,22050.0
2024-02-02 11:34:00 +0530,22056.55,22071.05,22056.05,22068.45,0.0,190.5,198.4,190.5,197.8,212600,14.747628,1240350,22050.0,140.7,140.85,136.0,136.0,153400,14.204972,1093650,22050.0
2024-02-02 11:35:00 +0530,22070.05,22075.4,22063.7,22068.9,0.0,198.6,199.85,195.05,195.85,218050,14.554347,1206900,22050.0,136.6,137.8,134.6,137.75,213750,14.377779,1163700,22050.0
2024-02-02 11:36:00 +0530,22068.0,22075.25,22068.0,22072.95,0.0,195.4,199.45,195.4,198.55,147450,14.593869,1206900,22050.0,137.0,137.15,135.05,135.45,131800,14.332669,1163700,22050.0
2024-02-02 11:37:00 +0530,22071.65,22085.9,22069.0,22085.25,0.0,170.2,177.6,169.4,177.6,528750,14.516454,2651900,22100.0,156.65,157.1,154.2,154.2,268150,14.440039,1504900,22100.0
2024-02-02 11:38:00 +0530,22085.65,22091.2,22081.6,22087.5,0.0,177.3,183.85,177.0,181.65,732700,14.768358,2687700,22100.0,154.25,155.2,152.05,153.5,306250,14.472667,1671950,22100.0
2024-02-02 11:39:00 +0530,22090.65,22097.25,22088.55,22093.1,0.0,182.15,188.85,182.15,186.5,870050,14.934396,2687700,22100.0,153.55,153.95,151.35,153.7,290000,14.721358,1671950,22100.0
2024-02-02 11:40:00 +0530,22092.75,22118.1,22092.75,22118.1,0.0,187.0,200.0,187.0,197.95,1119600,14.746725,2687700,22100.0,153.3,155.25,152.25,152.95,457050,15.659403,1671950,22100.0
2024-02-02 11:41:00 +0530,22118.2,22122.75,22104.55,22116.25,0.0,197.65,199.65,192.55,197.4,574350,14.789736,3076200,22100.0,152.45,155.5,150.65,151.8,412050,15.486042,2014200,22100.0
2024-02-02 11:42:00 +0530,22115.05,22125.85,22112.85,22114.05,0.0,196.3,202.5,192.0,194.3,720600,14.624987,3076200,22100.0,152.3,153.75,149.35,153.05,433000,15.509794,2014200,22100.0
2024-02-02 11:43:00 +0530,22114.5,22116.15,22092.0,22103.35,0.0,194.25,194.3,174.15,179.1,797500,13.805403,3076200,22100.0,152.75,155.35,152.15,153.8,638900,15.149135,2014200,22100.0
2024-02-02 11:44:00 +0530,22101.9,22106.4,22087.35,22089.0,0.0,179.7,183.15,175.9,176.6,481300,14.262748,3045600,22100.0,153.45,157.0,152.8,156.65,456400,14.814434,2384800,22100.0
2024-02-02 11:45:00 +0530,22091.05,22095.6,22085.15,22086.1,0.0,176.15,179.7,173.9,173.9,328850,14.161342,3045600,22100.0,156.8,158.55,155.3,158.55,413900,14.861384,2384800,22100.0
2024-02-02 11:46:00 +0530,22086.1,22094.55,22078.4,22091.15,0.0,173.95,177.45,170.55,176.95,436400,14.195485,3045600,22100.0,158.0,159.75,155.85,156.1,427150,14.856207,2384800,22100.0
2024-02-02 11:47:00 +0530,22093.35,22102.0,22091.0,22097.15,0.0,177.05,181.9,176.8,180.25,369850,14.204693,3147700,22100.0,156.25,156.7,154.0,154.8,286400,14.988503,2536400,22100.0
2024-02-02 11:48:00 +0530,22098.5,22099.9,22089.05,22089.4,0.0,180.15,181.15,174.3,174.3,249700,14.046611,3147700,22100.0,155.0,157.5,154.2,157.45,176500,14.903687,2536400,22100.0
2024-02-02 11:49:00 +0530,22087.65,22090.05,22073.4,22080.4,0.0,174.0,174.0,165.65,168.25,433700,13.932015,3147700,22100.0,157.8,161.4,157.4,160.25,458900,14.774835,2536400,22100.0
2024-02-02 11:50:00 +0530,22081.0,22090.8,22075.6,22084.9,0.0,167.95,171.55,163.9,170.75,386750,13.945647,3187100,22100.0,159.95,161.95,156.55,157.3,284150,14.705296,2567300,22100.0
2024-02-02 11:51:00 +0530,22085.65,22088.1,22077.5,22084.6,0.0,169.45,170.95,164.9,170.45,250800,13.934155,3187100,22100.0,157.85,161.3,157.15,157.6,284750,14.719733,2567300,22100.0
2024-02-02 11:52:00 +0530,22083.8,22086.9,22074.45,22082.05,0.0,169.0,169.45,164.4,166.15,278200,13.675571,3187100,22100.0,158.35,161.35,157.65,159.5,281050,14.780305,2567300,22100.0
2024-02-02 11:53:00 +0530,22080.5,22081.75,22065.65,22065.65,0.0,194.85,195.6,187.45,188.55,98100,14.087397,963650,22050.0,138.45,140.8,137.9,140.8,106850,14.531412,1293600,22050.0
2024-02-02 11:54:00 +0530,22066.5,22074.45,22066.45,22071.0,0.0,187.75,197.0,187.5,195.75,123250,14.461265,963650,22050.0,139.75,139.95,136.6,137.6,126450,14.45874,1293600,22050.0
2024-02-02 11:55:00 +0530,22070.75,22072.6,22067.9,22072.45,0.0,196.0,198.0,194.65,196.15,80400,14.42578,963650,22050.0,136.7,137.7,136.0,136.2,91850,14.391896,1293600,22050.0
2024-02-02 11:56:00 +0530,22071.45,22080.25,22071.45,22077.55,0.0,168.4,174.7,168.25,174.2,394600,14.589587,3273600,22100.0,156.3,156.35,152.6,153.3,335950,14.050807,2691300,22100.0
2024-02-02 11:57:00 +0530,22079.7,22087.8,22077.1,22087.8,0.0,174.7,179.85,173.1,179.35,388050,14.57237,3273600,22100.0,153.4,154.45,148.25,149.85,365550,14.177306,2691300,22100.0
2024-02-02 11:58:00 +0530,22087.25,22088.2,22079.6,22079.6,0.0,177.75,179.95,175.2,175.55,270000,14.616697,3273600,22100.0,150.35,151.65,149.6,151.55,206550,13.985072,2691300,22100.0
2024-02-02 11:59:00 +0530,22078.85,22086.4,22078.15,22080.55,0.0,174.75,181.6,174.75,179.45,328850,14.916047,3395450,22100.0,151.9,151.9,146.4,147.85,275050,13.70142,2822550,22100.0
2024-02-02 12:00:00 +0530,22081.55,22087.65,22080.6,22085.85,0.0,180.65,183.8,180.25,183.05,329850,14.98971,3395450,22100.0,147.4,147.45,143.9,144.85,317500,13.660066,2822550,22100.0
2024-02-02 12:01:00 +0530,22085.3,22090.25,22084.4,22086.6,0.0,183.05,185.75,181.35,183.05,311200,14.956195,3395450,22100.0,144.6,144.9,141.65,144.35,255350,13.647901,2822550,22100.0
2024-02-02 12:02:00 +0530,22086.85,22091.8,22086.0,22089.3,0.0,183.3,186.0,182.7,183.0,206450,14.82802,3386350,22100.0,144.6,145.0,142.7,144.35,158300,13.76001,2855300,22100.0
2024-02-02 12:03:00 +0530,22089.6,22094.15,22086.7,22091.4,0.0,183.75,185.0,180.45,183.3,224100,14.757799,3386350,22100.0,144.5,146.15,143.55,144.35,163050,13.846963,2855300,22100.0
2024-02-02 12:04:00 +0530,22091.1,22093.3,22087.3,22089.0,0.0,184.0,184.0,180.45,181.65,225550,14.725596,3386350,22100.0,144.75,146.95,144.3,146.0,197950,13.893586,2855300,22100.0
2024-02-02 12:05:00 +0530,22090.0,22091.2,22083.7,22083.9,0.0,181.95,182.2,177.0,177.15,275200,14.567376,3429550,22100.0,145.6,148.4,145.6,148.35,218700,13.888844,2854300,22100.0
2024-02-02 12:06:00 +0530,22084.0,22087.4,22068.65,22068.65,0.0,206.65,208.3,197.95,197.95,137200,14.784215,1048300,22050.0,128.45,132.5,126.65,132.1,122500,13.887901,1350400,22050.0
2024-02-02 12:07:00 +0530,22068.35,22070.15,22055.9,22058.7,0.0,198.15,200.3,193.85,194.25,132850,14.942993,1048300,22050.0,132.25,135.15,131.4,134.7,188900,13.726624,1350400,22050.0
2024-02-02 12:08:00 +0530,22058.2,22068.6,22057.45,22064.85,0.0,195.9,200.0,195.4,198.7,84950,15.038693,1053250,22050.0,134.15,134.95,132.5,133.55,141200,13.868651,1355000,22050.0
2024-02-02 12:09:00 +0530,22064.95,22069.75,22063.7,22066.1,0.0,198.8,200.7,195.05,196.95,76300,14.824043,1053250,22050.0,133.45,134.6,132.6,133.5,92250,13.913924,1355000,22050.0
2024-02-02 12:10:00 +0530,22066.15,22067.75,22063.3,22066.65,0.0,197.15,198.4,194.3,198.25,91550,14.913073,1053250,22050.0,133.9,135.3,132.3,132.75,92800,13.869729,1355000,22050.0
2024-02-02 12:11:00 +0530,22066.85,22070.7,22057.8,22058.0,0.0,198.0,199.0,190.8,191.4,107400,14.729472,1078050,22050.0,132.85,136.8,131.75,136.45,126600,13.855735,1351850,22050.0
2024-02-02 12:12:00 +0530,22058.75,22064.55,22058.3,22063.2,0.0,191.9,194.45,190.85,192.7,68950,14.593209,1078050,22050.0,136.75,136.85,135.05,136.0,110250,14.022794,1351850,22050.0
2024-02-02 12:13:00 +0530,22064.0,22064.0,22056.15,22056.15,0.0,191.95,192.2,185.7,186.15,110550,14.357451,1078050,22050.0,136.15,138.9,136.15,138.75,141750,13.986139,1351850,22050.0
2024-02-02 12:14:00 +0530,22055.0,22062.3,22051.45,22058.8,0.0,185.95,191.0,183.0,188.55,177800,14.442395,1072400,22050.0,138.9,140.25,135.95,138.1,213100,14.035152,1343650,22050.0
2024-02-02 12:15:00 +0530,22058.55,22064.6,22055.5,22060.65,0.0,188.45,191.3,184.2,191.0,155250,14.570124,1072400,22050.0,137.8,140.3,136.4,136.55,155300,13.972374,1343650,22050.0
2024-02-02 12:16:00 +0530,22060.7,22065.95,22058.55,22062.5,0.0,190.45,191.8,188.35,190.8,94900,14.463528,1072400,22050.0,136.85,138.3,135.45,136.0,73600,13.99764,1343650,22050.0
2024-02-02 12:17:00 +0530,22063.85,22063.85,22052.15,22053.35,0.0,190.15,190.15,186.2,187.8,93500,14.641371,1070700,22050.0,136.8,139.45,136.5,138.8,99000,13.880707,1343400,22050.0
2024-02-02 12:18:00 +0530,22051.7,22062.9,22051.7,22059.7,0.0,187.6,193.0,187.3,192.9,74100,14.787013,1070700,22050.0,138.7,138.7,135.05,135.05,81700,13.803972,1343400,22050.0
2024-02-02 12:19:00 +0530,22062.1,22063.95,22054.95,22059.3,0.0,193.3,193.5,189.5,190.55,45600,14.599896,1070700,22050.0,134.9,137.55,134.75,137.35,63350,13.991923,1343400,22050.0
2024-02-02 12:20:00 +0530,22059.55,22063.15,22056.3,22057.4,0.0,190.9,192.3,189.0,189.3,63100,14.582335,1054900,22050.0,137.15,138.9,136.15,138.25,75250,13.996315,1365300,22050.0
2024-02-02 12:21:00 +0530,22058.2,22059.55,22049.25,22052.35,0.0,189.6,189.6,183.75,185.9,112300,14.525709,1054900,22050.0,138.6,141.0,138.6,139.7,151450,13.9223,1365300,22050.0
2024-02-02 12:22:00 +0530,22054.05,22059.95,22050.8,22051.9,0.0,186.5,189.3,184.05,184.3,66950,14.407121,1054900,22050.0,138.5,141.0,137.75,141.0,104700,14.019438,1365300,22050.0
2024-02-02 12:23:00 +0530,22052.25,22056.25,22047.25,22048.45,0.0,183.5,186.65,181.75,183.8,107400,14.528162,1077700,22050.0,140.95,142.35,139.5,141.0,169450,13.880351,1367200,22050.0
2024-02-02 12:24:00 +0530,22051.6,22053.85,22018.55,22018.55,0.0,213.6,213.6,201.25,201.25,381600,15.138363,4798550,22000.0,121.4,127.55,121.05,127.55,689800,13.519123,6493600,22000.0
2024-02-02 12:25:00 +0530,22017.7,22034.6,22013.1,22029.1,0.0,171.95,176.4,170.15,173.9,218300,14.558928,1077700,22050.0,148.55,150.8,144.8,145.8,364400,13.503143,1367200,22050.0
2024-02-02 12:26:00 +0530,22028.8,22029.3,22016.25,22019.2,0.0,202.45,202.45,197.1,199.5,299950,14.953177,4837850,22000.0,125.8,127.8,125.3,126.75,398550,13.474562,6222250,22000.0
2024-02-02 12:27:00 +0530,22020.2,22020.65,21987.65,22010.6,0.0,198.9,198.95,184.05,191.0,781550,14.622054,4837850,22000.0,126.9,135.15,126.85,131.8,1373900,13.585211,6222250,22000.0
2024-02-02 12:28:00 +0530,22009.45,22011.85,21970.0,21970.75,0.0,221.3,222.45,202.55,204.9,125550,15.397093,1100750,21950.0,112.65,120.9,112.65,120.75,421650,13.028384,2621850,21950.0
2024-02-02 12:29:00 +0530,21971.05,21972.5,21937.1,21937.1,0.0,206.2,206.25,188.05,191.8,231400,15.849435,1070950,21950.0,120.1,130.3,120.1,127.75,770800,12.300228,2429200,21950.0
2024-02-02 12:30:00 +0530,21939.6,21939.6,21898.0,21906.6,0.0,222.15,222.15,191.05,201.15,626300,15.796516,2109850,21900.0,108.85,124.65,108.85,118.65,1911500,12.311245,5093850,21900.0
2024-02-02 12:31:00 +0530,21907.85,21908.55,21870.4,21870.7,0.0,232.9,232.9,205.9,207.05,115000,15.673641,430550,21850.0,100.9,118.65,100.9,117.5,746650,12.789671,1636150,21850.0
2024-02-02 12:32:00 +0530,21871.85,21905.45,21870.75,21889.45,0.0,175.45,191.3,174.05,186.2,597000,15.286903,2288650,21900.0,139.3,140.25,127.45,136.55,1569800,13.204523,4117150,21900.0
2024-02-02 12:33:00 +0530,21891.7,21913.85,21876.95,21913.85,0.0,184.85,190.95,177.05,190.85,532400,14.530406,2288650,21900.0,134.95,140.35,129.8,129.8,1184750,13.595074,4117150,21900.0
2024-02-02 12:34:00 +0530,21916.5,21939.4,21912.45,21927.05,0.0,163.75,173.4,162.05,167.8,370750,14.19698,1102550,21950.0,149.4,151.45,137.85,143.85,474300,13.303392,1678050,21950.0
2024-02-02 12:35:00 +0530,21926.5,21926.5,21864.15,21864.75,0.0,229.0,229.0,192.8,192.8,169250,14.699534,485350,21850.0,103.5,128.9,103.5,128.9,717150,13.579278,1363550,21850.0
2024-02-02 12:36:00 +0530,21864.4,21865.85,21841.9,21865.85,0.0,194.35,194.35,179.7,191.4,247550,14.52108,485350,21850.0,128.9,140.6,127.15,128.1,1011700,13.551882,1363550,21850.0
2024-02-02 12:37:00 +0530,21865.45,21883.95,21853.75,21880.5,0.0,163.95,170.65,163.0,168.75,482300,14.161752,2346650,21900.0,150.55,154.1,143.9,145.35,608450,13.611593,3878100,21900.0
2024-02-02 12:38:00 +0530,21884.75,21902.55,21883.75,21894.4,0.0,170.2,176.4,168.45,173.75,496500,13.955576,2560350,21900.0,143.1,144.8,137.2,141.3,579700,13.834496,3585100,21900.0
2024-02-02 12:39:00 +0530,21894.8,21928.65,21889.25,21928.55,0.0,148.0,159.15,143.3,159.15,225700,13.368696,1142200,21950.0,163.55,170.9,155.4,155.4,195800,14.390946,1192100,21950.0
2024-02-02 12:40:00 +0530,21930.6,21955.4,21921.35,21955.4,0.0,159.95,172.8,158.5,171.05,524500,13.154026,1142200,21950.0,154.25,158.05,144.1,145.75,381100,14.650946,1192100,21950.0
2024-02-02 12:41:00 +0530,21952.8,21954.5,21927.0,21928.3,0.0,169.75,171.75,162.0,164.85,260700,13.885941,1249400,21950.0,148.0,155.3,146.3,152.1,204500,14.089882,1152300,21950.0
2024-02-02 12:42:00 +0530,21929.05,21929.25,21903.15,21923.8,0.0,194.5,194.5,179.65,191.05,543000,14.061608,2533550,21900.0,128.8,139.25,128.8,131.55,681000,14.148322,3395850,21900.0
2024-02-02 12:43:00 +0530,21923.4,21937.7,21921.65,21923.95,0.0,190.2,198.0,189.8,192.45,371350,14.180305,2533550,21900.0,132.05,133.75,127.25,132.1,359100,14.204022,3395850,21900.0
2024-02-02 12:44:00 +0530,21925.2,21943.15,21923.95,21937.05,0.0,165.65,173.4,164.55,170.0,207700,13.939465,1296550,21950.0,152.65,153.65,144.65,147.05,184850,14.014206,1208500,21950.0
2024-02-02 12:45:00 +0530,21937.7,21939.75,21924.9,21924.9,0.0,199.7,202.7,194.6,196.2,272550,14.469942,2540950,21900.0,125.35,130.7,123.85,129.35,361800,13.996221,3570400,21900.0
2024-02-02 12:46:00 +0530,21925.9,21932.65,21910.8,21910.8,0.0,196.2,198.4,187.3,188.95,267350,14.52422,2540950,21900.0,128.9,136.85,126.8,136.25,437100,14.056662,3570400,21900.0
2024-02-02 12:47:00 +0530,21911.65,21916.15,21898.7,21899.25,0.0,189.4,193.25,183.0,184.0,451200,14.643783,2583200,21900.0,136.8,143.15,134.0,141.25,726000,14.0349,3699250,21900.0
2024-02-02 12:48:00 +0530,21899.45,21901.5,21889.9,21895.4,0.0,184.6,186.05,179.6,184.4,299850,14.863707,2583200,21900.0,140.3,146.45,139.9,144.5,731400,14.166091,3699250,21900.0
2024-02-02 12:49:00 +0530,21895.9,21897.4,21877.85,21884.95,0.0,185.05,185.2,175.15,179.15,363750,14.889617,2583200,21900.0,143.25,149.9,141.1,147.4,632550,13.9886,3699250,21900.0
2024-02-02 12:50:00 +0530,21885.1,21887.3,21860.85,21874.45,0.0,211.65,211.8,197.8,206.55,128950,15.462595,616000,21850.0,125.05,136.5,124.75,129.25,476400,14.001555,1253200,21850.0
2024-02-02 12:51:00 +0530,21874.4,21899.65,21874.4,21896.6,0.0,177.7,186.1,176.65,185.5,381850,14.907534,2756550,21900.0,150.8,150.95,139.25,140.45,599500,13.857577,3815000,21900.0
2024-02-02 12:52:00 +0530,21896.55,21901.55,21886.45,21890.75,0.0,186.4,187.65,179.75,182.7,220600,14.936522,2756550,21900.0,139.1,144.55,138.15,142.3,319200,13.780593,3815000,21900.0
2024-02-02 12:53:00 +0530,21891.1,21906.65,21890.15,21894.05,0.0,182.85,189.4,182.5,183.55,332550,14.857381,2815650,21900.0,142.05,143.25,134.6,139.4,301100,13.660419,3753000,21900.0
2024-02-02 12:54:00 +0530,21894.0,21909.15,21894.0,21901.0,0.0,184.65,189.35,184.65,186.6,201000,14.798281,2815650,21900.0,138.3,138.3,134.15,136.75,273050,13.710497,3753000,21900.0
2024-02-02 12:55:00 +0530,21901.7,21909.15,21900.55,21906.6,0.0,186.5,189.7,185.25,189.25,210950,14.764916,2815650,21900.0,136.45,137.85,132.9,132.9,225950,13.595103,3753000,21900.0
2024-02-02 12:56:00 +0530,21907.5,21913.85,21900.65,21901.45,0.0,189.4,192.65,185.75,186.45,277850,14.765417,2880450,21900.0,133.7,137.0,130.3,136.7,336950,13.725589,3800600,21900.0
2024-02-02 12:57:00 +0530,21902.45,21909.15,21901.75,21908.85,0.0,188.25,191.25,187.65,191.2,202000,14.831258,2880450,21900.0,135.55,135.55,130.75,130.75,203850,13.495005,3800600,21900.0
2024-02-02 12:58:00 +0530,21910.4,21910.4,21894.1,21894.1,0.0,191.85,191.85,182.4,182.5,242100,14.766942,2880450,21900.0,130.75,138.75,130.75,138.75,258250,13.607732,3800600,21900.0
2024-02-02 12:59:00 +0530,21895.85,21897.0,21889.35,21889.35,0.0,183.1,185.5,179.9,180.15,190350,14.783192,2838550,21900.0,138.1,141.45,136.85,141.0,335850,13.611075,3845750,21900.0
2024-02-02 13:00:00 +0530,21888.05,21890.0,21873.1,21887.3,0.0,179.7,183.2,174.15,182.85,370750,15.119843,2838550,21900.0,141.75,147.4,140.9,141.15,598800,13.539322,3845750,21900.0
2024-02-02 13:01:00 +0530,21887.35,21899.7,21887.35,21898.25,0.0,183.4,187.6,183.4,187.6,253100,15.02603,2838550,21900.0,140.0,140.0,134.65,135.35,273400,13.47785,3845750,21900.0
2024-02-02 13:02:00 +0530,21896.2,21901.8,21891.75,21894.9,0.0,186.8,191.0,184.55,188.0,234700,15.221838,2903650,21900.0,135.4,138.75,132.8,134.85,218650,13.296413,3921550,21900.0
2024-02-02 13:03:00 +0530,21896.55,21903.95,21894.15,21903.4,0.0,188.7,192.0,187.2,191.2,183750,15.101508,2903650,21900.0,134.45,135.5,130.35,131.1,206200,13.310306,3921550,21900.0
2024-02-02 13:04:00 +0530,21904.05,21904.35,21899.0,21903.45,0.0,191.5,192.55,188.0,189.95,171200,14.988918,2903650,21900.0,131.45,135.15,131.45,133.9,167700,13.562369,3921550,21900.0
2024-02-02 13:05:00 +0530,21901.45,21902.95,21886.1,21886.1,0.0,188.85,190.35,181.7,182.4,193100,15.141143,2918950,21900.0,134.0,140.25,133.2,140.25,231150,13.412051,3928450,21900.0
2024-02-02 13:06:00 +0530,21885.75,21896.35,21880.45,21893.55,0.0,182.85,188.5,179.45,187.3,202700,15.227747,2918950,21900.0,139.95,142.65,134.75,135.7,284900,13.31863,3928450,21900.0
2024-02-02 13:07:00 +0530,21892.75,21902.25,21891.2,21892.55,0.0,186.95,190.35,185.6,186.0,172000,15.160519,2918950,21900.0,135.9,137.65,133.1,137.35,169800,13.424536,3928450,21900.0
2024-02-02 13:08:00 +0530,21892.3,21896.45,21887.55,21891.8,0.0,187.3,187.7,182.9,185.6,117400,15.161394,2921600,21900.0,136.6,140.1,136.1,138.5,165050,13.496255,3955900,21900.0
2024-02-02 13:09:00 +0530,21892.05,21892.05,21873.0,21876.4,0.0,185.15,185.15,176.5,179.9,276650,15.371474,2921600,21900.0,139.05,146.95,139.05,144.2,473650,13.353628,3955900,21900.0
2024-02-02 13:10:00 +0530,21876.9,21893.7,21876.9,21892.4,0.0,180.65,185.55,180.65,185.35,181800,15.113009,2921600,21900.0,143.1,143.1,137.45,137.85,275300,13.464543,3955900,21900.0
2024-02-02 13:11:00 +0530,21892.25,21893.0,21868.65,21872.7,0.0,214.45,214.5,203.35,209.9,67550,15.87311,727650,21850.0,119.0,127.95,118.45,124.55,186350,13.524056,1353150,21850.0
2024-02-02 13:12:00 +0530,21876.05,21879.4,21868.05,21874.85,0.0,209.9,210.1,203.6,207.4,102000,15.542627,727650,21850.0,123.45,129.3,123.25,125.9,254300,13.729963,1353150,21850.0
2024-02-02 13:13:00 +0530,21874.45,21875.95,21850.35,21850.35,0.0,207.05,207.25,195.2,195.7,93450,15.698698,727650,21850.0,125.85,134.6,125.25,134.4,259600,13.513666,1353150,21850.0
2024-02-02 13:14:00 +0530,21851.75,21860.1,21841.1,21846.3,0.0,196.95,200.0,190.5,192.05,164100,15.56773,728650,21850.0,133.55,140.55,131.1,137.35,546350,13.611147,1294550,21850.0
2024-02-02 13:15:00 +0530,21845.15,21845.15,21824.3,21831.35,0.0,190.9,190.9,180.8,184.7,140800,15.615788,728650,21850.0,138.95,152.9,138.95,147.75,667400,13.911632,1294550,21850.0
2024-02-02 13:16:00 +0530,21831.5,21862.0,21831.5,21862.0,0.0,186.9,195.7,184.6,195.05,186500,15.079,728650,21850.0,148.0,148.25,133.65,134.55,451450,14.000427,1294550,21850.0
2024-02-02 13:17:00 +0530,21860.0,21866.75,21857.6,21859.4,0.0,195.75,198.45,192.85,194.5,120700,15.158234,786500,21850.0,133.75,137.0,131.05,135.0,242250,13.936897,1265900,21850.0
2024-02-02 13:18:00 +0530,21857.9,21863.6,21854.7,21861.55,0.0,194.65,198.55,193.0,196.25,95300,15.210511,786500,21850.0,134.9,136.6,129.25,131.65,184250,13.724016,1265900,21850.0
2024-02-02 13:19:00 +0530,21861.7,21866.35,21858.25,21858.25,0.0,196.5,199.2,195.15,195.4,112750,15.296882,786500,21850.0,131.3,132.2,128.75,132.0,125000,13.623422,1265900,21850.0
2024-02-02 13:20:00 +0530,21859.15,21859.15,21850.35,21850.4,0.0,194.55,197.0,191.35,191.35,86050,15.315898,821300,21850.0,132.75,138.05,132.25,138.05,202200,13.845818,1298600,21850.0
2024-02-02 13:21:00 +0530,21851.35,21854.85,21844.75,21846.4,0.0,192.0,194.5,188.5,189.4,85500,15.334286,821300,21850.0,138.5,142.15,135.4,141.05,266800,13.949596,1298600,21850.0
2024-02-02 13:22:00 +0530,21847.0,21848.75,21837.85,21846.8,0.0,190.3,192.85,187.45,192.2,80200,15.565959,821300,21850.0,140.4,144.35,138.95,139.5,340600,13.828441,1298600,21850.0
2024-02-02 13:23:00 +0530,21846.75,21852.6,21841.7,21841.75,0.0,192.65,195.4,188.1,189.0,84450,15.521238,876700,21850.0,138.5,144.1,136.65,143.05,198200,13.936158,1379500,21850.0
2024-02-02 13:24:00 +0530,21842.7,21845.0,21824.5,21824.5,0.0,219.85,221.15,210.65,210.65,128000,15.905341,2326900,21800.0,122.95,130.95,121.3,130.95,530850,14.207069,4079800,21800.0
2024-02-02 13:25:00 +0530,21825.2,21835.0,21806.3,21806.3,0.0,211.25,215.6,201.4,201.8,223700,16.010388,2326900,21800.0,130.4,142.5,127.45,142.5,872800,14.517085,4079800,21800.0
2024-02-02 13:26:00 +0530,21805.95,21837.6,21805.95,21836.15,0.0,173.55,185.9,173.55,185.45,156400,15.471187,911000,21850.0,164.4,164.4,146.6,147.9,445200,14.135278,1307250,21850.0
2024-02-02 13:27:00 +0530,21836.8,21836.8,21824.65,21830.65,0.0,185.35,185.35,179.05,182.5,107150,15.465271,911000,21850.0,147.8,154.85,147.8,150.15,214150,14.102872,1307250,21850.0
2024-02-02 13:28:00 +0530,21833.0,21841.55,21830.85,21839.25,0.0,183.45,187.45,182.1,187.1,97150,15.47506,911000,21850.0,149.8,151.35,143.8,144.45,188250,13.959506,1307250,21850.0
2024-02-02 13:29:00 +0530,21840.1,21849.4,21840.1,21847.15,0.0,187.3,192.5,187.3,190.75,160450,15.427513,950300,21850.0,142.75,143.6,138.05,141.7,228250,14.043575,1360450,21850.0
2024-02-02 13:30:00 +0530,21845.9,21848.7,21835.8,21838.3,0.0,190.6,193.15,187.7,189.45,128500,15.731214,950300,21850.0,141.4,144.8,139.35,144.15,191400,13.894126,1360450,21850.0
2024-02-02 13:31:00 +0530,21838.7,21844.65,21819.55,21819.55,0.0,221.25,223.35,212.1,212.7,138650,16.344256,2433550,21800.0,123.3,133.4,121.9,132.3,458900,14.137795,4105800,21800.0
2024-02-02 13:32:00 +0530,21820.4,21827.65,21812.4,21819.0,0.0,214.2,215.9,207.4,211.2,143600,16.238008,2457150,21800.0,131.2,136.55,129.4,134.4,512850,14.305558,4123700,21800.0
2024-02-02 13:33:00 +0530,21819.25,21835.4,21819.25,21832.2,0.0,183.3,188.15,183.3,185.7,97450,15.684903,978700,21850.0,153.35,154.1,147.65,148.9,210400,14.061339,1375100,21850.0
2024-02-02 13:34:00 +0530,21832.05,21837.9,21830.2,21836.35,0.0,186.35,187.75,184.0,185.9,56150,15.51053,978700,21850.0,148.4,149.65,144.75,145.95,133150,13.974944,1375100,21850.0
2024-02-02 13:35:00 +0530,21836.7,21850.45,21833.65,21847.75,0.0,186.1,192.05,184.5,191.6,130050,15.481182,998950,21850.0,145.45,147.6,139.3,140.05,224700,13.924765,1438550,21850.0
2024-02-02 13:36:00 +0530,21847.65,21854.3,21843.1,21853.55,0.0,192.25,194.35,188.4,193.5,140300,15.373347,998950,21850.0,139.7,144.5,138.4,138.9,175900,14.060532,1438550,21850.0
2024-02-02 13:37:00 +0530,21854.0,21858.75,21848.6,21856.35,0.0,192.3,196.75,190.9,196.25,156100,15.484611,998950,21850.0,140.3,141.45,133.15,134.35,202050,13.76796,1438550,21850.0
2024-02-02 13:38:00 +0530,21857.3,21866.55,21856.1,21864.65,0.0,196.4,198.6,194.25,196.95,157450,15.141933,1001800,21850.0,134.45,136.0,131.55,134.0,169250,14.071055,1405850,21850.0
2024-02-02 13:39:00 +0530,21865.15,21873.65,21861.05,21872.6,0.0,196.85,201.85,194.05,200.25,201050,15.043044,1001800,21850.0,134.4,136.45,128.75,129.8,165000,14.009481,1405850,21850.0
2024-02-02 13:40:00 +0530,21872.15,21875.55,21853.5,21854.3,0.0,199.7,202.4,190.1,191.15,217050,15.131342,1001800,21850.0,130.7,139.1,128.7,138.45,193900,14.053391,1405850,21850.0
2024-02-02 13:41:00 +0530,21854.8,21857.15,21848.2,21853.15,0.0,191.45,192.0,186.25,191.2,120650,15.192508,1020300,21850.0,138.35,143.4,137.75,139.65,185100,14.114431,1410650,21850.0
2024-02-02 13:42:00 +0530,21853.1,21859.0,21845.8,21845.8,0.0,190.45,193.7,186.25,186.55,96250,15.130976,1020300,21850.0,139.95,143.85,136.3,143.35,101650,14.143227,1410650,21850.0
2024-02-02 13:43:00 +0530,21845.65,21855.5,21842.75,21853.55,0.0,186.7,193.25,185.85,192.2,86600,15.264687,1020300,21850.0,143.65,144.5,137.35,138.65,170950,14.042589,1410650,21850.0
2024-02-02 13:44:00 +0530,21854.45,21855.25,21847.6,21852.65,0.0,192.15,192.5,187.85,189.6,57050,15.076851,1042900,21850.0,137.85,142.6,137.8,141.0,102300,14.216628,1458550,21850.0
2024-02-02 13:45:00 +0530,21853.25,21861.15,21852.9,21861.15,0.0,190.25,194.55,189.55,194.55,71600,15.106806,1042900,21850.0,139.9,141.0,135.05,135.5,89950,14.069723,1458550,21850.0
2024-02-02 13:46:00 +0530,21862.3,21869.1,21862.15,21866.55,0.0,194.1,198.3,192.65,197.5,119800,15.105699,1042900,21850.0,135.85,136.35,130.85,131.6,154750,13.93645,1458550,21850.0
2024-02-02 13:47:00 +0530,21866.1,21867.75,21853.4,21856.95,0.0,196.5,198.65,190.3,192.25,107900,15.108445,1052150,21850.0,132.9,138.35,130.65,136.25,111150,13.968594,1474750,21850.0
2024-02-02 13:48:00 +0530,21857.75,21866.2,21857.1,21864.4,0.0,193.8,196.55,191.65,195.3,50950,15.017065,1052150,21850.0,135.5,137.65,133.1,134.3,86800,14.094344,1474750,21850.0
2024-02-02 13:49:00 +0530,21863.65,21863.65,21847.8,21849.9,0.0,194.45,194.85,187.05,188.3,87350,15.098467,1052150,21850.0,134.7,141.95,134.7,140.5,169300,14.062285,1474750,21850.0
2024-02-02 13:50:00 +0530,21851.45,21853.2,21840.15,21840.15,0.0,189.4,191.6,185.35,185.4,86700,15.304688,1077000,21850.0,139.4,143.5,137.4,143.5,196100,13.926135,1483100,21850.0
2024-02-02 13:51:00 +0530,21840.6,21850.55,21840.6,21849.6,0.0,185.6,190.65,185.5,190.5,67350,15.311596,1077000,21850.0,143.7,143.7,138.35,138.4,150050,13.863425,1483100,21850.0
2024-02-02 13:52:00 +0530,21850.35,21856.75,21849.9,21855.25,0.0,190.75,194.05,190.35,193.55,78800,15.312728,1077000,21850.0,138.4,138.75,134.55,134.6,104350,13.754947,1483100,21850.0
2024-02-02 13:53:00 +0530,21855.5,21863.25,21855.1,21861.55,0.0,194.2,197.85,193.35,197.85,99200,15.391314,1080600,21850.0,134.3,135.3,129.5,129.6,140750,13.561622,1502850,21850.0
2024-02-02 13:54:00 +0530,21862.3,21868.6,21860.45,21865.5,0.0,198.45,200.95,196.45,199.55,140600,15.350138,1080600,21850.0,129.35,131.45,127.75,129.3,129050,13.693074,1502850,21850.0
2024-02-02 13:55:00 +0530,21865.45,21869.75,21863.7,21868.75,0.0,198.35,200.9,197.9,200.65,114150,15.288612,1080600,21850.0,128.95,129.8,126.5,127.95,138600,13.701303,1502850,21850.0
2024-02-02 13:56:00 +0530,21868.5,21874.1,21865.1,21865.8,0.0,199.9,204.15,197.75,198.0,156400,15.198427,1086500,21850.0,128.0,129.7,123.95,129.7,171100,13.742187,1488200,21850.0
2024-02-02 13:57:00 +0530,21865.95,21869.55,21862.35,21867.65,0.0,199.3,200.15,195.4,199.6,84200,15.251253,1086500,21850.0,129.35,131.45,127.3,128.4,154600,13.699445,1488200,21850.0
2024-02-02 13:58:00 +0530,21868.15,21874.65,21867.75,21874.65,0.0,200.0,205.0,200.0,204.6,102250,15.351294,1086500,21850.0,128.0,128.0,122.55,123.15,118450,13.50273,1488200,21850.0
2024-02-02 13:59:00 +0530,21874.95,21875.15,21872.25,21873.0,0.0,204.0,204.6,201.2,201.95,84150,15.197109,1086350,21850.0,124.5,126.0,123.7,124.75,89700,13.583031,1531250,21850.0
2024-02-02 14:00:00 +0530,21872.6,21872.6,21864.75,21867.05,0.0,201.7,201.7,194.6,196.65,122050,15.019511,1086350,21850.0,124.95,131.75,124.95,130.6,160150,13.875279,1531250,21850.0
2024-02-02 14:01:00 +0530,21867.05,21873.3,21862.1,21873.3,0.0,196.35,203.15,194.4,203.15,90050,15.292075,1086350,21850.0,130.75,132.35,125.2,125.3,121050,13.645585,1531250,21850.0
2024-02-02 14:02:00 +0530,21874.85,21888.9,21874.85,21879.35,0.0,173.75,180.0,172.35,172.35,494850,14.62033,3592800,21900.0,145.45,145.65,139.35,145.65,379250,13.640022,3532300,21900.0
2024-02-02 14:03:00 +0530,21878.4,21880.8,21874.6,21877.2,0.0,173.65,176.85,172.9,176.65,194200,15.103139,3592800,21900.0,145.3,145.6,141.1,141.1,185200,13.14353,3532300,21900.0
2024-02-02 14:04:00 +0530,21877.0,21880.5,21872.05,21872.05,0.0,206.75,208.25,203.0,203.0,73000,15.344569,1089550,21850.0,121.15,124.1,120.15,123.75,103000,13.458695,1510100,21850.0
2024-02-02 14:05:00 +0530,21874.4,21888.8,21873.45,21887.9,0.0,175.1,182.3,173.85,181.85,347800,15.071334,3575050,21900.0,143.0,144.15,134.05,134.7,316900,13.028496,3611100,21900.0
2024-02-02 14:06:00 +0530,21888.95,21888.95,21880.15,21882.2,0.0,180.4,180.4,177.0,178.7,248300,15.057823,3575050,21900.0,136.9,139.75,136.5,137.8,198550,13.06481,3611100,21900.0
2024-02-02 14:07:00 +0530,21882.85,21892.95,21882.85,21889.35,0.0,179.9,184.35,179.6,182.2,315700,15.036507,3575050,21900.0,136.75,137.5,132.4,134.65,229900,13.085887,3611100,21900.0
2024-02-02 14:08:00 +0530,21890.15,21891.35,21885.8,21890.3,0.0,182.65,183.15,178.4,183.15,191400,15.077487,3580750,21900.0,134.05,137.7,132.7,132.8,171000,12.961158,3588850,21900.0
2024-02-02 14:09:00 +0530,21890.7,21899.0,21889.9,21898.4,0.0,183.05,187.65,182.45,184.45,478750,14.809556,3580750,21900.0,133.0,134.35,129.4,132.65,370450,13.283512,3588850,21900.0
2024-02-02 14:10:00 +0530,21898.35,21902.8,21892.25,21892.25,0.0,184.85,187.25,180.8,181.4,359350,14.831472,3580750,21900.0,131.9,135.85,130.3,135.4,313700,13.275442,3588850,21900.0
2024-02-02 14:11:00 +0530,21892.45,21896.15,21886.8,21886.8,0.0,181.8,184.3,177.65,177.65,237200,14.754991,3563300,21900.0,135.4,138.3,133.1,138.3,157200,13.306648,3613900,21900.0
2024-02-02 14:12:00 +0530,21886.3,21889.85,21881.45,21887.05,0.0,177.45,180.9,175.0,179.55,248150,14.913628,3563300,21900.0,138.55,140.55,135.4,136.6,244800,13.166197,3613900,21900.0
2024-02-02 14:13:00 +0530,21887.15,21888.7,21880.75,21888.15,0.0,179.0,181.2,175.65,180.7,157500,14.965555,3563300,21900.0,137.05,140.9,135.4,136.0,162050,13.159466,3613900,21900.0
2024-02-02 14:14:00 +0530,21887.9,21893.95,21884.55,21892.8,0.0,181.0,184.9,179.0,184.0,218300,15.041478,3527750,21900.0,135.4,137.65,132.35,133.35,162900,13.117699,3629800,21900.0
2024-02-02 14:15:00 +0530,21893.55,21893.55,21887.85,21889.7,0.0,184.0,184.0,179.8,181.55,237050,14.97052,3527750,21900.0,133.7,137.25,133.55,136.25,185200,13.247841,3629800,21900.0
2024-02-02 14:16:00 +0530,21890.05,21894.8,21886.8,21893.8,0.0,181.55,184.25,179.0,183.7,180600,14.9694,3527750,21900.0,136.95,138.3,132.8,133.55,148150,13.1782,3629800,21900.0
2024-02-02 14:17:00 +0530,21893.75,21902.9,21893.75,21900.6,0.0,184.8,189.9,184.7,188.35,398050,15.060558,3542950,21900.0,132.3,133.2,127.95,129.7,264100,13.114655,3637400,21900.0
2024-02-02 14:18:00 +0530,21900.3,21900.65,21888.8,21888.8,0.0,188.0,188.0,179.0,179.0,282850,14.788679,3542950,21900.0,129.95,137.5,129.95,137.5,293750,13.323415,3637400,21900.0
2024-02-02 14:19:00 +0530,21887.35,21887.35,21876.25,21879.1,0.0,178.25,178.75,174.5,178.5,313300,15.197254,3542950,21900.0,137.75,141.35,137.75,138.7,403300,13.020295,3637400,21900.0
2024-02-02 14:20:00 +0530,21879.2,21884.4,21877.45,21881.35,0.0,179.75,181.35,175.8,179.25,231400,15.161039,3529500,21900.0,138.7,141.05,135.85,137.4,246900,13.000998,3695450,21900.0
2024-02-02 14:21:00 +0530,21882.75,21886.4,21878.55,21878.55,0.0,179.25,182.8,178.75,180.15,210350,15.371759,3529500,21900.0,138.35,138.35,134.2,137.85,192450,12.922147,3695450,21900.0
2024-02-02 14:22:00 +0530,21878.55,21882.7,21872.9,21873.55,0.0,210.15,212.45,206.35,207.75,43900,15.716234,1024000,21850.0,117.15,120.5,116.0,120.45,117200,13.230532,1469600,21850.0
2024-02-02 14:23:00 +0530,21873.7,21881.0,21872.55,21873.9,0.0,207.7,210.7,206.2,207.45,50950,15.672772,1010700,21850.0,120.75,120.85,117.65,120.3,102700,13.231257,1485800,21850.0
2024-02-02 14:24:00 +0530,21875.2,21884.85,21869.25,21883.05,0.0,178.0,181.5,173.05,181.25,287950,15.264587,3480400,21900.0,139.45,143.2,135.4,135.5,358250,12.906088,3672950,21900.0
2024-02-02 14:25:00 +0530,21883.6,21897.55,21883.25,21893.15,0.0,181.1,186.1,180.0,183.9,344800,15.027595,3480400,21900.0,135.6,136.85,130.75,133.2,277300,13.125199,3672950,21900.0
2024-02-02 14:26:00 +0530,21894.5,21894.5,21883.35,21883.4,0.0,183.25,183.6,178.25,178.6,210700,15.014189,3482550,21900.0,133.5,137.1,133.35,136.9,148450,13.046905,3649950,21900.0
2024-02-02 14:27:00 +0530,21884.25,21884.25,21873.85,21877.2,0.0,178.8,178.8,174.35,177.1,219200,15.168578,3482550,21900.0,136.8,142.55,136.8,139.9,348000,13.050333,3649950,21900.0
2024-02-02 14:28:00 +0530,21879.25,21880.0,21871.6,21873.7,0.0,206.5,208.3,202.1,202.65,65500,15.256177,1025850,21850.0,120.15,123.75,119.0,123.5,133100,13.515454,1489150,21850.0
2024-02-02 14:29:00 +0530,21874.25,21874.3,21868.8,21872.55,0.0,202.85,202.85,197.95,201.25,115150,15.189071,1008900,21850.0,123.5,126.0,122.5,123.15,164050,13.439356,1469450,21850.0
2024-02-02 14:30:00 +0530,21873.25,21882.35,21869.25,21879.8,0.0,171.65,175.0,170.8,173.65,191500,14.74422,3461950,21900.0,144.6,145.35,141.15,142.3,283800,13.377467,3598250,21900.0
2024-02-02 14:31:00 +0530,21882.5,21886.55,21872.7,21873.8,0.0,203.7,205.2,198.8,199.4,74350,14.961577,1008900,21850.0,121.3,124.0,119.1,123.75,102600,13.543787,1469450,21850.0
2024-02-02 14:32:00 +0530,21874.35,21874.35,21868.55,21870.8,0.0,200.2,201.45,194.15,198.35,98650,15.019111,984500,21850.0,123.5,128.1,122.55,124.3,203650,13.476132,1479600,21850.0
2024-02-02 14:33:00 +0530,21871.9,21875.15,21868.2,21868.2,0.0,199.9,200.8,198.0,198.6,57950,15.172772,984500,21850.0,124.2,125.4,122.05,124.05,90400,13.35149,1479600,21850.0
2024-02-02 14:34:00 +0530,21868.1,21873.05,21864.3,21872.45,0.0,198.2,201.6,196.4,201.45,61800,15.217509,984500,21850.0,124.2,127.65,121.95,122.55,141950,13.384282,1479600,21850.0
2024-02-02 14:35:00 +0530,21872.85,21875.35,21868.05,21872.05,0.0,201.35,203.25,198.5,203.2,52100,15.396274,982850,21850.0,123.25,124.65,120.9,121.15,89000,13.24274,1497650,21850.0
2024-02-02 14:36:00 +0530,21872.2,21888.05,21870.15,21887.95,0.0,173.25,177.45,172.7,176.75,204800,14.64665,3390000,21900.0,141.75,141.75,136.75,137.25,208450,13.275988,3651150,21900.0
2024-02-02 14:37:00 +0530,21888.15,21899.95,21887.95,21892.55,0.0,177.05,181.35,176.35,179.65,407250,14.689223,3390000,21900.0,137.1,137.3,132.6,134.05,290600,13.183158,3651150,21900.0
2024-02-02 14:38:00 +0530,21892.7,21892.7,21887.35,21889.45,0.0,179.7,179.85,175.65,178.5,180050,14.73427,3436250,21900.0,134.45,138.0,134.45,135.6,144600,13.192763,3612850,21900.0
2024-02-02 14:39:00 +0530,21889.1,21889.1,21883.5,21884.3,0.0,178.4,178.4,175.0,175.05,153500,14.669162,3436250,21900.0,135.9,139.65,135.9,139.65,187100,13.337932,3612850,21900.0
2024-02-02 14:40:00 +0530,21884.05,21886.1,21881.5,21883.35,0.0,175.1,177.0,173.1,174.75,158500,14.68777,3436250,21900.0,138.9,140.8,137.2,139.75,184600,13.307145,3612850,21900.0
2024-02-02 14:41:00 +0530,21884.0,21890.85,21882.95,21889.2,0.0,174.75,179.3,174.45,178.95,172400,14.789365,3423050,21900.0,138.55,139.75,134.85,135.6,141550,13.184031,3557300,21900.0
2024-02-02 14:42:00 +0530,21890.2,21893.75,21887.85,21893.15,0.0,178.8,181.75,176.5,181.7,172500,14.849064,3423050,21900.0,135.55,138.0,132.0,132.0,162400,13.027772,3557300,21900.0
2024-02-02 14:43:00 +0530,21894.35,21903.1,21893.2,21901.3,0.0,181.65,186.0,180.9,186.0,324350,14.84425,3423050,21900.0,131.95,132.9,127.5,128.5,325550,13.050925,3557300,21900.0
2024-02-02 14:44:00 +0530,21901.5,21906.95,21896.1,21897.8,0.0,185.75,191.25,182.45,184.55,526100,14.883976,3367800,21900.0,128.55,131.4,125.2,130.55,401100,13.091533,3573150,21900.0
2024-02-02 14:45:00 +0530,21897.65,21903.15,21895.6,21895.8,0.0,184.0,189.55,183.6,183.85,300650,14.918134,3367800,21900.0,130.3,131.0,126.4,131.0,246550,13.049886,3573150,21900.0
2024-02-02 14:46:00 +0530,21895.2,21895.25,21890.55,21892.3,0.0,183.5,185.65,180.25,182.7,282400,14.98296,3367800,21900.0,130.9,132.25,128.7,130.05,253800,12.820358,3573150,21900.0
2024-02-02 14:47:00 +0530,21892.85,21895.75,21890.45,21894.35,0.0,183.6,185.0,181.0,184.5,153000,15.047471,3354850,21900.0,129.85,132.5,129.15,129.35,181250,12.84342,3619150,21900.0
2024-02-02 14:48:00 +0530,21894.95,21898.2,21893.25,21896.4,0.0,184.75,186.2,183.35,185.35,166050,15.026741,3354850,21900.0,129.3,130.65,127.45,128.3,184450,12.834765,3619150,21900.0
2024-02-02 14:49:00 +0530,21897.05,21900.15,21893.4,21895.65,0.0,184.8,187.75,183.3,185.4,173550,15.068089,3354850,21900.0,128.55,130.75,126.7,128.45,179050,12.817798,3619150,21900.0
2024-02-02 14:50:00 +0530,21896.35,21897.75,21879.45,21879.45,0.0,185.65,186.6,176.55,178.55,304750,15.218515,3351200,21900.0,128.4,134.75,127.75,134.1,307250,12.642284,3675300,21900.0
2024-02-02 14:51:00 +0530,21881.35,21881.35,21869.75,21873.9,0.0,207.95,207.95,199.45,202.7,124600,15.275546,898100,21850.0,114.1,119.0,114.1,119.0,258200,13.130338,1477400,21850.0
2024-02-02 14:52:00 +0530,21873.25,21879.5,21863.95,21863.95,0.0,203.0,205.8,194.35,194.35,99500,15.022179,898100,21850.0,119.75,124.25,116.3,124.25,207000,13.211885,1477400,21850.0
2024-02-02 14:53:00 +0530,21864.2,21870.05,21858.6,21861.35,0.0,194.95,199.0,183.25,183.85,176850,14.207454,892150,21850.0,123.85,130.55,121.2,129.95,410750,13.621718,1452000,21850.0
2024-02-02 14:54:00 +0530,21859.0,21870.3,21859.0,21864.1,0.0,183.25,191.4,183.25,189.0,106050,14.535403,892150,21850.0,130.65,131.2,125.0,128.1,317750,13.566092,1452000,21850.0
2024-02-02 14:55:00 +0530,21864.95,21864.95,21854.3,21859.65,0.0,188.4,188.65,181.4,184.1,127550,14.316086,892150,21850.0,128.9,138.65,128.15,134.0,436200,13.918827,1452000,21850.0
2024-02-02 14:56:00 +0530,21858.1,21862.9,21845.85,21845.85,0.0,182.8,184.45,170.45,170.45,198300,13.76389,909750,21850.0,135.75,144.1,132.85,144.05,479250,14.255293,1480000,21850.0
2024-02-02 14:57:00 +0530,21846.15,21850.7,21828.75,21829.05,0.0,169.75,172.0,163.4,164.2,204550,13.999042,909750,21850.0,144.35,152.3,142.5,152.3,633450,14.2832,1480000,21850.0
2024-02-02 14:58:00 +0530,21828.55,21844.05,21826.4,21834.2,0.0,163.3,170.3,162.7,163.3,203950,13.678958,909750,21850.0,151.7,153.7,143.2,151.85,512050,14.464311,1480000,21850.0
2024-02-02 14:59:00 +0530,21834.85,21851.35,21834.85,21851.35,0.0,165.55,171.6,165.35,171.4,154150,13.58581,960150,21850.0,150.75,151.3,143.8,144.2,319300,14.498751,1480000,21850.0
2024-02-02 15:00:00 +0530,21851.9,21885.4,21851.9,21863.35,0.0,172.4,188.9,172.05,178.3,500600,13.615174,960150,21850.0,142.0,142.0,127.15,137.2,590350,14.359507,1501600,21850.0
2024-02-02 15:01:00 +0530,21864.05,21873.6,21864.05,21866.75,0.0,181.25,184.7,176.95,179.05,156750,13.513068,960150,21850.0,135.55,139.2,132.1,137.65,199850,14.537372,1501600,21850.0
2024-02-02 15:02:00 +0530,21867.85,21869.55,21843.15,21849.2,0.0,180.6,181.15,166.25,171.2,211500,13.675318,956100,21850.0,136.65,150.1,136.65,146.75,384200,14.640683,1439550,21850.0
2024-02-02 15:03:00 +0530,21849.55,21851.1,21840.15,21847.0,0.0,173.1,173.1,165.65,169.1,128900,13.594237,956100,21850.0,145.35,151.55,144.75,146.2,358050,14.500597,1439550,21850.0
2024-02-02 15:04:00 +0530,21846.6,21854.05,21839.95,21854.05,0.0,166.8,171.75,165.0,171.05,101700,13.427217,956100,21850.0,149.0,151.3,142.45,142.45,238450,14.456029,1439550,21850.0
2024-02-02 15:05:00 +0530,21854.5,21861.45,21850.4,21861.45,0.0,172.4,175.7,168.85,174.25,130350,13.350016,1001550,21850.0,140.75,147.1,138.15,140.4,224550,14.574136,1439550,21850.0
2024-02-02 15:06:00 +0530,21860.55,21869.6,21858.05,21867.65,0.0,173.85,181.0,173.4,178.4,155100,13.413858,1001550,21850.0,141.3,141.4,132.35,135.75,220300,14.405451,1457900,21850.0
2024-02-02 15:07:00 +0530,21867.3,21874.75,21866.95,21871.9,0.0,178.5,183.6,176.95,181.95,130750,13.519772,1001550,21850.0,135.7,136.05,130.4,131.45,157300,14.187179,1457900,21850.0
2024-02-02 15:08:00 +0530,21872.15,21872.7,21864.25,21868.75,0.0,182.0,182.1,174.7,177.25,108500,13.256172,1001300,21850.0,131.55,136.65,130.55,134.55,154950,14.342469,1457900,21850.0
2024-02-02 15:09:00 +0530,21868.0,21872.65,21866.3,21868.3,0.0,176.8,180.85,175.7,177.95,74700,13.343235,1001300,21850.0,134.7,135.6,130.05,133.6,144250,14.239443,1439700,21850.0
2024-02-02 15:10:00 +0530,21869.25,21871.25,21866.0,21869.1,0.0,179.5,181.1,175.95,181.05,83000,13.583762,1001300,21850.0,132.75,136.9,131.2,131.7,131200,14.10049,1439700,21850.0
2024-02-02 15:11:00 +0530,21868.95,21875.05,21868.75,21872.6,0.0,180.5,185.0,180.35,183.15,141850,13.596555,1001300,21850.0,132.0,132.9,127.4,130.35,169400,14.118087,1439700,21850.0
2024-02-02 15:12:00 +0530,21872.0,21874.4,21857.9,21857.9,0.0,182.3,184.6,175.0,175.05,116200,13.605315,985950,21850.0,129.0,136.55,128.2,136.55,170550,14.088082,1423400,21850.0
2024-02-02 15:13:00 +0530,21858.0,21858.9,21852.55,21857.6,0.0,174.85,176.35,170.65,175.35,114950,13.648145,985950,21850.0,136.9,140.5,135.55,136.45,244100,14.067512,1423400,21850.0
2024-02-02 15:14:00 +0530,21858.0,21862.15,21854.1,21855.7,0.0,176.2,178.75,171.15,173.95,73850,13.616815,962100,21850.0,135.05,140.2,133.65,138.05,146100,14.134592,1423400,21850.0
2024-02-02 15:15:00 +0530,21855.15,21856.15,21842.8,21850.4,0.0,174.2,174.55,168.4,173.9,150250,13.87252,962100,21850.0,137.8,143.6,137.8,138.55,302100,13.962435,1381800,21850.0
2024-02-02 15:16:00 +0530,21850.0,21851.5,21846.5,21850.35,0.0,172.6,174.3,170.5,172.4,74750,13.741138,962100,21850.0,138.75,142.9,137.95,140.75,165100,14.158699,1381800,21850.0
2024-02-02 15:17:00 +0530,21850.25,21854.0,21848.8,21852.75,0.0,172.0,173.85,170.25,172.25,67200,13.611586,960750,21850.0,140.0,141.85,138.45,139.9,138550,14.181908,1381800,21850.0
2024-02-02 15:18:00 +0530,21852.55,21856.3,21843.3,21843.55,0.0,172.55,174.0,167.8,170.35,113800,13.887226,960750,21850.0,139.95,143.1,138.2,142.85,165600,14.065677,1321150,21850.0
2024-02-02 15:19:00 +0530,21843.3,21847.05,21841.55,21845.15,0.0,170.9,171.3,168.0,168.4,96100,13.636312,960750,21850.0,141.05,143.45,140.2,142.9,199200,14.137713,1321150,21850.0
2024-02-02 15:20:00 +0530,21846.05,21851.8,21841.75,21843.7,0.0,168.8,173.05,168.5,171.85,106050,14.016694,960750,21850.0,143.1,143.6,139.0,140.1,163500,13.826356,1321150,21850.0
2024-02-02 15:21:00 +0530,21844.05,21844.85,21840.1,21840.75,0.0,171.65,171.65,168.3,169.15,70950,13.91629,926350,21850.0,140.4,143.5,140.4,142.6,149200,13.927566,1301500,21850.0
2024-02-02 15:22:00 +0530,21840.95,21841.0,21837.85,21839.65,0.0,169.1,169.25,165.2,167.2,110300,13.794658,926350,21850.0,142.2,144.85,141.45,142.0,194550,13.827993,1301500,21850.0
2024-02-02 15:23:00 +0530,21839.6,21843.75,21839.4,21843.75,0.0,167.7,170.3,167.7,168.9,64200,13.752434,926350,21850.0,142.15,142.15,139.5,140.95,105300,13.906641,1301500,21850.0
2024-02-02 15:24:00 +0530,21843.5,21846.2,21840.75,21846.2,0.0,168.75,169.65,164.45,166.9,97750,13.455853,890100,21850.0,140.85,142.7,139.5,140.6,145450,13.978135,1270500,21850.0
2024-02-02 15:25:00 +0530,21844.85,21849.0,21843.5,21847.75,0.0,165.7,167.05,161.7,162.95,143600,13.026719,890100,21850.0,141.65,142.95,140.45,141.6,148950,14.133111,1270500,21850.0
2024-02-02 15:26:00 +0530,21846.05,21849.65,21846.0,21849.65,0.0,163.6,167.25,163.55,167.25,89800,13.321979,890100,21850.0,141.85,141.85,138.4,138.45,105300,13.929404,1270500,21850.0
2024-02-02 15:27:00 +0530,21848.6,21852.15,21848.05,21849.65,0.0,167.05,170.4,166.9,167.5,155300,13.345436,826050,21850.0,138.6,138.6,133.75,136.75,195650,13.777178,1172050,21850.0
2024-02-02 15:28:00 +0530,21850.25,21852.2,21846.45,21851.05,0.0,167.4,168.1,163.95,166.75,130950,13.210635,826050,21850.0,136.65,137.9,135.85,137.0,141700,13.858098,1172050,21850.0
2024-02-02 15:29:00 +0530,21848.5,21856.25,21848.5,21855.45,0.0,166.75,170.95,166.75,169.5,183200,13.243115,826050,21850.0,137.05,137.35,135.35,136.85,212200,14.025995,1172050,21850.0
2024-02-02 15:30:00 +0530,21854.8,21854.8,21854.8,21854.8,0.0,171.0,171.0,171.0,171.0,2550,13.411251,826050,21850.0,135.15,135.15,135.15,135.15,1800,13.846962,1172050,21850.0
2024-02-05 09:15:00 +0530,21921.05,21921.05,21841.6,21852.4,0.0,198.0,203.0,143.45,153.7,455700,17.300927,763550,21850.0,135.15,158.5,113.1,150.1,534650,19.527959,954150,21850.0
2024-02-05 09:16:00 +0530,21850.05,21861.9,21850.05,21854.65,0.0,154.6,161.45,152.6,156.0,385800,17.438117,893600,21850.0,148.5,151.0,139.8,148.0,520050,19.403936,1094000,21850.0
2024-02-05 09:17:00 +0530,21855.25,21869.85,21851.45,21864.2,0.0,156.3,165.65,154.85,162.8,331150,17.646086,893600,21850.0,149.25,153.15,142.7,147.9,400950,19.937652,1094000,21850.0
2024-02-05 09:18:00 +0530,21861.9,21863.65,21843.8,21843.8,0.0,162.65,162.65,153.5,153.6,252650,17.841818,893600,21850.0,147.15,159.0,147.15,159.0,485950,20.114693,1094000,21850.0
2024-02-05 09:19:00 +0530,21845.45,21850.6,21835.25,21840.45,0.0,152.7,155.0,150.6,154.8,263100,18.199959,1083350,21850.0,157.7,163.75,154.85,156.3,568300,19.59088,1373000,21850.0
2024-02-05 09:20:00 +0530,21844.65,21855.55,21839.45,21850.7,0.0,157.1,162.3,153.6,158.15,458750,17.961946,1083350,21850.0,152.8,158.9,147.65,152.3,620500,19.706444,1373000,21850.0
2024-02-05 09:21:00 +0530,21848.9,21861.4,21841.2,21843.7,0.0,159.65,165.75,153.55,154.15,337450,17.921481,1083350,21850.0,152.45,160.05,146.15,159.1,445100,20.126663,1373000,21850.0
2024-02-05 09:22:00 +0530,21844.55,21847.35,21835.8,21844.9,0.0,154.85,158.3,152.8,153.35,248000,17.750697,1359250,21850.0,158.2,161.1,154.45,159.2,423750,20.211208,1696900,21850.0
2024-02-05 09:23:00 +0530,21841.9,21866.0,21838.85,21865.3,0.0,152.4,163.95,151.9,163.45,244050,17.665736,1359250,21850.0,160.45,160.45,147.5,148.35,352400,20.065964,1696900,21850.0
2024-02-05 09:24:00 +0530,21866.45,21882.3,21861.8,21882.3,0.0,137.85,146.5,137.2,146.5,704600,17.66356,3161600,21900.0,174.0,175.65,164.25,164.25,585200,20.037514,3115250,21900.0
2024-02-05 09:25:00 +0530,21883.55,21899.05,21881.6,21898.55,0.0,146.7,156.0,146.15,156.0,989250,17.804691,3393850,21900.0,164.7,167.15,157.25,157.25,609000,20.149658,3338650,21900.0
2024-02-05 09:26:00 +0530,21902.2,21911.85,21898.15,21911.7,0.0,156.65,171.25,155.65,171.25,1357100,18.814423,3393850,21900.0,156.85,158.9,150.1,150.1,745100,20.037867,3338650,21900.0
2024-02-05 09:27:00 +0530,21909.4,21912.4,21902.5,21909.1,0.0,169.15,171.75,164.8,169.95,839150,18.827506,3393850,21900.0,151.3,154.75,150.25,150.3,581250,19.916311,3338650,21900.0
2024-02-05 09:28:00 +0530,21908.5,21908.5,21887.0,21887.75,0.0,169.65,169.65,151.75,154.7,783750,18.331232,3649700,21900.0,150.55,161.8,150.55,160.05,619550,19.860636,3804900,21900.0
2024-02-05 09:29:00 +0530,21888.5,21904.95,21886.25,21903.35,0.0,153.8,166.8,152.05,165.55,699550,18.667593,3649700,21900.0,161.6,161.85,150.75,151.95,518450,19.791242,3804900,21900.0
2024-02-05 09:30:00 +0530,21902.5,21902.5,21876.0,21879.55,0.0,164.2,165.05,146.7,148.45,847400,18.081351,3649700,21900.0,152.95,169.9,151.65,167.6,868450,20.290018,3804900,21900.0
2024-02-05 09:31:00 +0530,21880.25,21888.7,21872.25,21888.4,0.0,149.55,154.55,144.15,154.2,624750,18.236793,3797250,21900.0,167.2,171.2,161.35,161.45,605550,20.074829,3954900,21900.0
2024-02-05 09:32:00 +0530,21888.95,21890.0,21869.55,21870.0,0.0,180.0,181.9,164.15,165.0,229650,17.562108,1373300,21850.0,137.85,148.0,136.9,148.0,267200,20.304762,1972350,21850.0
2024-02-05 09:33:00 +0530,21868.75,21885.35,21861.45,21879.05,0.0,138.95,146.65,136.1,143.4,557350,17.505052,3797250,21900.0,172.45,176.45,165.55,169.7,611250,20.520611,3954900,21900.0
2024-02-05 09:34:00 +0530,21878.9,21878.9,21863.5,21863.95,0.0,169.1,169.1,161.7,161.7,151800,17.564849,1400950,21850.0,145.1,151.15,144.25,151.05,253000,20.34008,2002150,21850.0
2024-02-05 09:35:00 +0530,21863.05,21878.2,21858.95,21878.2,0.0,136.8,145.0,134.8,143.9,512100,17.621792,4006550,21900.0,176.25,179.75,167.65,168.65,553650,20.345513,4133750,21900.0
2024-02-05 09:36:00 +0530,21876.65,21880.55,21868.25,21879.05,0.0,143.8,147.2,139.75,147.2,325550,17.973091,4006550,21900.0,169.25,174.95,165.4,165.4,312450,20.004007,4133750,21900.0
2024-02-05 09:37:00 +0530,21881.5,21891.0,21875.0,21891.0,0.0,147.1,151.8,144.35,151.7,451500,17.784106,4161850,21900.0,166.4,170.3,160.3,160.3,304200,20.100455,4207150,21900.0
2024-02-05 09:38:00 +0530,21890.9,21893.4,21882.5,21890.95,0.0,151.5,154.0,147.75,152.15,439400,17.844083,4161850,21900.0,160.7,164.8,158.3,160.3,358050,20.099402,4207150,21900.0
2024-02-05 09:39:00 +0530,21892.1,21903.4,21889.05,21902.6,0.0,153.0,157.75,151.55,157.7,480300,17.783122,4161850,21900.0,160.0,161.65,155.35,156.1,273650,20.271499,4207150,21900.0
2024-02-05 09:40:00 +0530,21902.6,21913.9,21901.5,21908.35,0.0,157.6,164.3,157.6,161.7,944300,17.901027,4267250,21900.0,154.8,155.7,150.9,154.05,509450,20.354564,4289250,21900.0
2024-02-05 09:41:00 +0530,21906.15,21907.95,21888.7,21888.7,0.0,161.1,162.75,150.2,150.2,529600,17.753964,4267250,21900.0,154.75,164.0,153.7,163.05,448850,20.306106,4289250,21900.0
2024-02-05 09:42:00 +0530,21889.2,21908.5,21887.4,21907.65,0.0,149.45,159.7,149.45,159.45,422050,17.676746,4267250,21900.0,164.4,164.4,154.25,154.8,378400,20.409683,4289250,21900.0
2024-02-05 09:43:00 +0530,21909.8,21911.45,21897.7,21897.9,0.0,161.0,163.3,156.15,156.8,519950,17.98235,4350750,21900.0,154.15,160.4,152.8,160.0,310150,20.480646,4482650,21900.0
2024-02-05 09:44:00 +0530,21899.0,21900.7,21890.35,21890.35,0.0,158.1,158.1,150.85,151.75,314350,17.845976,4350750,21900.0,159.15,163.1,159.15,161.95,247400,20.275962,4482650,21900.0
2024-02-05 09:45:00 +0530,21892.5,21903.05,21890.0,21902.5,0.0,153.0,158.0,150.25,156.6,327350,17.668619,4350750,21900.0,160.8,164.45,156.5,157.3,287650,20.423332,4482650,21900.0
2024-02-05 09:46:00 +0530,21902.05,21909.45,21899.05,21905.45,0.0,155.6,159.0,155.55,158.0,295800,17.651248,4481050,21900.0,158.5,158.8,155.7,157.15,198250,20.577276,4586900,21900.0
2024-02-05 09:47:00 +0530,21905.8,21914.75,21905.8,21911.35,0.0,158.9,162.75,158.3,162.1,442450,17.769382,4481050,21900.0,156.0,157.2,153.0,154.0,239750,20.533303,4586900,21900.0
2024-02-05 09:48:00 +0530,21912.6,21925.9,21911.5,21918.8,0.0,162.1,175.1,161.1,171.9,1388450,18.476621,4481050,21900.0,154.3,155.15,144.65,146.05,683750,19.986608,4586900,21900.0
2024-02-05 09:49:00 +0530,21920.65,21928.9,21919.45,21928.9,0.0,146.9,152.6,144.9,152.6,429400,18.622304,1729650,21950.0,170.8,172.4,165.6,165.6,122150,20.000823,986400,21950.0
2024-02-05 09:50:00 +0530,21930.4,21945.45,21930.4,21944.05,0.0,151.55,163.2,151.3,162.25,1028800,18.858777,1729650,21950.0,165.75,167.8,159.15,160.05,285450,20.231151,986400,21950.0
2024-02-05 09:51:00 +0530,21944.7,21945.45,21937.8,21945.15,0.0,161.8,163.7,157.65,162.75,549250,18.852592,1729650,21950.0,160.0,164.4,159.7,159.75,195700,20.261135,986400,21950.0
2024-02-05 09:52:00 +0530,21943.8,21959.1,21941.75,21959.05,0.0,162.2,171.9,158.85,171.8,707950,19.067088,1844350,21950.0,159.85,163.3,153.3,154.15,267850,20.38613,1107550,21950.0
2024-02-05 09:53:00 +0530,21958.35,21963.4,21951.4,21952.05,0.0,172.2,172.25,160.05,164.35,725250,18.613812,1844350,21950.0,154.1,159.65,152.5,157.4,261250,20.381071,1107550,21950.0
2024-02-05 09:54:00 +0530,21955.35,21957.25,21951.15,21953.6,0.0,163.7,167.8,162.05,163.3,381550,18.389143,1844350,21950.0,157.75,158.9,154.35,156.95,209750,20.41783,1107550,21950.0
2024-02-05 09:55:00 +0530,21952.4,21954.75,21939.95,21942.65,0.0,165.95,165.95,153.4,154.45,463900,18.010478,1804950,21950.0,154.45,162.65,154.45,162.65,280100,20.474293,1313350,21950.0
2024-02-05 09:56:00 +0530,21940.5,21949.6,21940.35,21942.55,0.0,153.55,162.0,153.55,157.4,279800,18.377366,1804950,21950.0,162.9,162.9,157.0,161.3,143900,20.306345,1313350,21950.0
2024-02-05 09:57:00 +0530,21943.75,21943.8,21936.25,21939.95,0.0,157.3,157.7,152.85,156.25,225350,18.402457,1804950,21950.0,161.75,164.85,160.15,162.3,214400,20.276242,1313350,21950.0
2024-02-05 09:58:00 +0530,21940.05,21950.3,21940.05,21948.35,0.0,156.3,161.45,156.05,159.65,259000,18.289352,1844200,21950.0,161.45,162.15,157.55,158.7,121700,20.334018,1396950,21950.0
2024-02-05 09:59:00 +0530,21948.7,21952.4,21942.85,21947.9,0.0,159.85,161.35,156.7,160.05,205150,18.368774,1844200,21950.0,158.75,162.25,157.55,158.35,109050,20.267176,1396950,21950.0
2024-02-05 10:00:00 +0530,21947.05,21950.4,21940.65,21942.45,0.0,160.2,160.75,154.65,156.2,219950,18.246714,1844200,21950.0,158.5,163.15,157.15,162.05,144500,20.39934,1396950,21950.0
2024-02-05 10:01:00 +0530,21942.45,21961.7,21937.9,21961.2,0.0,155.45,166.3,153.1,166.3,341300,18.278115,2022700,21950.0,163.25,164.7,151.75,151.75,230700,20.234002,1461000,21950.0
2024-02-05 10:02:00 +0530,21963.1,21963.1,21943.45,21944.5,0.0,167.25,167.25,155.1,155.1,371150,17.988515,2022700,21950.0,152.3,162.2,152.0,162.05,171800,20.52385,1461000,21950.0
2024-02-05 10:03:00 +0530,21942.55,21943.9,21934.0,21936.55,0.0,156.15,156.75,149.6,152.9,344150,18.220048,2022700,21950.0,161.25,166.7,160.6,164.2,251850,20.31672,1461000,21950.0
2024-02-05 10:04:00 +0530,21936.1,21936.1,21916.65,21916.85,0.0,178.0,178.45,167.75,167.75,557600,18.134525,4402450,21900.0,140.5,146.85,140.5,146.7,618700,19.986924,5168350,21900.0
2024-02-05 10:05:00 +0530,21917.0,21936.8,21914.55,21934.6,0.0,144.8,152.75,141.6,151.5,408500,18.174867,2105850,21950.0,170.05,173.2,161.65,162.9,241300,20.046009,1518600,21950.0
2024-02-05 10:06:00 +0530,21936.55,21940.1,21925.75,21936.05,0.0,152.1,153.3,145.0,151.05,285750,18.032714,2105850,21950.0,162.75,170.5,161.0,165.05,147550,20.396041,1518600,21950.0
2024-02-05 10:07:00 +0530,21937.05,21947.85,21936.8,21942.25,0.0,151.0,156.85,150.0,151.75,299200,17.733518,2180500,21950.0,165.2,166.55,159.25,164.1,114050,20.650501,1502700,21950.0
2024-02-05 10:08:00 +0530,21941.0,21951.85,21941.0,21949.9,0.0,153.0,158.0,153.0,157.35,230550,17.932987,2180500,21950.0,162.75,162.85,158.15,158.7,87300,20.443719,1502700,21950.0
2024-02-05 10:09:00 +0530,21949.25,21953.9,21944.25,21945.2,0.0,156.8,159.85,153.85,155.4,290850,17.99622,2180500,21950.0,159.35,160.75,155.55,160.2,147500,20.353599,1502700,21950.0
2024-02-05 10:10:00 +0530,21944.5,21950.4,21941.75,21944.5,0.0,155.5,159.75,154.3,155.05,192750,18.000008,2264900,21950.0,159.8,160.9,155.0,160.65,149250,20.369188,1553700,21950.0
2024-02-05 10:11:00 +0530,21944.85,21946.25,21938.75,21939.9,0.0,154.4,155.7,149.8,150.75,184400,17.767697,2264900,21950.0,160.55,164.55,159.7,163.65,112800,20.464589,1553700,21950.0
2024-02-05 10:12:00 +0530,21941.65,21943.25,21936.3,21938.2,0.0,151.85,153.1,147.45,148.85,148800,17.644685,2264900,21950.0,163.05,166.6,161.0,165.75,113050,20.621081,1553700,21950.0
2024-02-05 10:13:00 +0530,21938.05,21940.4,21930.8,21931.8,0.0,148.35,150.85,144.85,145.45,181750,17.628804,2314000,21950.0,166.05,169.9,164.25,169.6,116500,20.708346,1585500,21950.0
2024-02-05 10:14:00 +0530,21931.5,21935.9,21926.5,21926.95,0.0,145.15,149.15,142.5,143.15,184550,17.647297,2314000,21950.0,169.8,171.9,165.15,171.6,152400,20.66018,1585500,21950.0
2024-02-05 10:15:00 +0530,21925.9,21935.5,21924.9,21926.8,0.0,144.6,148.85,142.6,144.55,197850,17.828996,2314000,21950.0,169.6,172.35,165.15,171.55,168500,20.64694,1585500,21950.0
2024-02-05 10:16:00 +0530,21926.1,21939.35,21926.1,21931.4,0.0,143.1,149.65,142.75,144.85,171450,17.586787,2391100,21950.0,171.4,173.45,164.85,170.6,97600,20.811899,1595050,21950.0
2024-02-05 10:17:00 +0530,21930.9,21930.9,21903.25,21905.1,0.0,169.8,169.8,149.9,151.1,924200,16.897684,4500400,21900.0,145.25,159.8,145.25,158.7,822700,20.807545,5217850,21900.0
2024-02-05 10:18:00 +0530,21902.95,21902.95,21881.15,21881.75,0.0,147.85,148.7,135.35,135.35,1069450,16.45311,4500400,21900.0,160.75,174.85,159.75,174.85,1518900,21.400546,5217850,21900.0
2024-02-05 10:19:00 +0530,21881.65,21881.65,21862.2,21863.95,0.0,157.45,157.9,147.8,148.1,365350,15.992097,1198950,21850.0,150.5,159.6,150.3,159.6,896700,21.476094,2189850,21850.0
2024-02-05 10:20:00 +0530,21863.75,21875.6,21855.15,21868.65,0.0,148.85,157.1,144.25,152.55,465100,16.225814,1198950,21850.0,159.2,166.0,149.65,155.9,868750,21.291681,2189850,21850.0
2024-02-05 10:21:00 +0530,21865.5,21865.8,21852.0,21856.25,0.0,151.45,152.45,143.2,144.9,305650,16.112294,1198950,21850.0,156.0,167.8,156.0,165.45,722950,21.754054,2189850,21850.0
2024-02-05 10:22:00 +0530,21856.85,21869.25,21854.2,21866.25,0.0,146.2,152.65,145.15,150.3,250500,16.114599,1467100,21850.0,163.9,164.25,154.65,158.05,446900,21.423366,2205200,21850.0
2024-02-05 10:23:00 +0530,21866.5,21871.7,21862.4,21866.4,0.0,149.3,154.15,148.0,151.0,181300,16.192639,1467100,21850.0,158.85,160.7,152.3,157.2,308100,21.32969,2205200,21850.0
2024-02-05 10:24:00 +0530,21866.3,21880.55,21866.3,21876.8,0.0,129.25,133.6,129.25,131.3,468350,16.273758,4954900,21900.0,183.8,183.8,173.2,175.75,455550,21.222149,4943500,21900.0
2024-02-05 10:25:00 +0530,21877.3,21883.0,21877.05,21881.9,0.0,132.25,135.95,131.25,135.7,441950,16.500833,5138600,21900.0,176.55,177.7,171.25,171.45,369550,21.008782,4927600,21900.0
2024-02-05 10:26:00 +0530,21880.85,21883.95,21877.7,21880.25,0.0,135.95,137.4,132.95,135.65,404200,16.598232,5138600,21900.0,170.3,174.8,168.4,172.35,360950,21.020813,4927600,21900.0
2024-02-05 10:27:00 +0530,21878.7,21887.35,21876.25,21880.25,0.0,135.35,138.95,133.4,136.15,379350,16.661357,5138600,21900.0,172.55,176.25,167.4,172.0,389000,20.980074,4927600,21900.0
2024-02-05 10:28:00 +0530,21881.8,21895.3,21881.8,21885.5,0.0,136.6,141.0,135.3,135.75,507050,16.290272,5111600,21900.0,171.5,171.65,164.4,171.0,430100,21.176823,4793450,21900.0
2024-02-05 10:29:00 +0530,21887.0,21891.65,21884.3,21889.4,0.0,135.85,140.45,135.65,139.7,294400,16.531423,5111600,21900.0,170.3,170.85,165.4,165.75,252650,20.770841,4793450,21900.0
2024-02-05 10:30:00 +0530,21889.4,21892.45,21877.35,21879.1,0.0,140.7,140.7,132.0,135.0,432450,16.597519,5111600,21900.0,164.5,173.7,164.5,171.0,438200,20.794059,4793450,21900.0
2024-02-05 10:31:00 +0530,21879.15,21879.7,21866.85,21871.25,0.0,159.75,159.75,154.95,155.65,155250,16.454088,1630000,21850.0,145.95,151.7,145.95,150.65,330600,20.816191,2316400,21850.0
2024-02-05 10:32:00 +0530,21872.15,21875.75,21863.65,21867.6,0.0,156.45,158.6,152.6,153.25,152450,16.407218,1630000,21850.0,150.6,153.5,147.1,152.65,249100,20.857622,2316400,21850.0
2024-02-05 10:33:00 +0530,21868.7,21875.65,21866.55,21873.7,0.0,154.0,158.35,152.75,157.55,102100,16.525703,1630000,21850.0,151.75,153.3,146.9,148.65,185450,20.711988,2316400,21850.0
2024-02-05 10:34:00 +0530,21874.5,21877.25,21867.8,21870.5,0.0,157.45,158.6,153.35,155.6,96000,16.504986,1622300,21850.0,147.9,152.85,147.0,151.7,170800,20.909036,2348800,21850.0
2024-02-05 10:35:00 +0530,21870.4,21878.5,21868.1,21870.25,0.0,155.6,159.2,153.05,155.0,103550,16.450031,1622300,21850.0,151.35,153.4,146.2,150.7,197900,20.77399,2348800,21850.0
2024-02-05 10:36:00 +0530,21870.2,21885.25,21870.2,21885.25,0.0,132.25,135.7,130.5,135.1,263500,16.242503,5118800,21900.0,175.8,177.2,169.0,169.45,273350,20.988589,4833050,21900.0
2024-02-05 10:37:00 +0530,21884.65,21892.75,21882.9,21891.45,0.0,134.55,137.9,133.45,137.9,299200,16.198653,5122300,21900.0,170.4,171.95,165.65,166.65,302050,21.019009,4839900,21900.0
2024-02-05 10:38:00 +0530,21890.75,21895.2,21889.65,21893.5,0.0,137.35,139.9,135.95,139.65,272600,16.285097,5122300,21900.0,167.15,169.4,164.8,165.65,211900,21.020398,4839900,21900.0
2024-02-05 10:39:00 +0530,21893.9,21895.8,21882.4,21884.9,0.0,139.65,141.55,135.1,136.7,353300,16.466003,5122300,21900.0,165.85,170.05,162.85,169.0,284000,20.918547,4839900,21900.0
2024-02-05 10:40:00 +0530,21885.9,21893.65,21885.9,21890.95,0.0,136.55,140.55,136.55,137.65,267800,16.205651,5103600,21900.0,168.35,168.35,163.05,165.95,231000,20.909705,4876500,21900.0
2024-02-05 10:41:00 +0530,21890.85,21891.85,21884.8,21891.65,0.0,137.85,141.75,136.95,141.75,232250,16.665224,5103600,21900.0,166.5,167.55,161.85,161.85,206900,20.451735,4876500,21900.0
2024-02-05 10:42:00 +0530,21892.7,21894.85,21890.9,21893.85,0.0,140.95,142.2,138.6,140.45,295500,16.368924,5103600,21900.0,162.0,165.0,160.2,163.15,301500,20.743318,4876500,21900.0
2024-02-05 10:43:00 +0530,21893.5,21903.6,21893.5,21902.75,0.0,140.55,148.4,140.55,147.0,617800,16.602341,5094900,21900.0,163.35,163.35,152.2,153.45,516100,20.08023,4924100,21900.0
2024-02-05 10:44:00 +0530,21902.0,21909.15,21901.3,21908.9,0.0,147.35,155.15,146.9,155.05,720200,17.190421,5094900,21900.0,153.55,154.5,146.65,146.7,558100,19.610546,4924100,21900.0
2024-02-05 10:45:00 +0530,21908.6,21912.75,21905.1,21911.3,0.0,153.45,157.85,150.35,156.7,796950,17.237103,5094900,21900.0,148.3,150.85,144.4,146.25,520000,19.694805,4924100,21900.0
2024-02-05 10:46:00 +0530,21912.1,21918.95,21910.9,21916.9,0.0,156.7,161.3,155.85,158.9,759850,17.137442,5151200,21900.0,146.5,146.95,142.9,145.85,432600,19.966289,5133150,21900.0
2024-02-05 10:47:00 +0530,21916.6,21916.65,21911.25,21912.55,0.0,157.8,160.55,155.25,155.5,409000,17.011348,5151200,21900.0,146.85,149.3,144.15,148.55,248900,20.052234,5133150,21900.0
2024-02-05 10:48:00 +0530,21912.5,21912.9,21906.85,21911.0,0.0,156.05,156.05,149.15,151.5,426100,16.624718,5151200,21900.0,148.35,152.25,147.8,150.05,336000,20.149529,5133150,21900.0
2024-02-05 10:49:00 +0530,21910.95,21913.1,21908.3,21908.3,0.0,151.1,154.2,149.9,151.6,246850,16.816999,5129550,21900.0,150.75,151.5,147.65,150.35,214950,20.033156,5236800,21900.0
2024-02-05 10:50:00 +0530,21908.35,21912.4,21903.05,21903.05,0.0,150.65,153.3,146.3,147.45,365800,16.652568,5129550,21900.0,151.35,154.5,147.85,153.0,354150,20.056082,5236800,21900.0
2024-02-05 10:51:00 +0530,21903.45,21905.1,21896.25,21896.25,0.0,147.5,148.9,142.6,142.8,367050,16.52236,5129550,21900.0,153.05,158.1,152.4,157.85,517750,20.253989,5236800,21900.0
2024-02-05 10:52:00 +0530,21896.05,21898.3,21892.6,21895.0,0.0,142.35,145.55,139.9,142.9,309450,16.61641,5133350,21900.0,157.75,160.3,155.05,157.05,414550,20.084107,5293400,21900.0
2024-02-05 10:53:00 +0530,21894.75,21911.35,21894.75,21910.3,0.0,143.15,152.2,142.95,151.65,409250,16.699818,5133350,21900.0,157.1,157.1,147.75,148.3,318900,19.904325,5293400,21900.0
2024-02-05 10:54:00 +0530,21910.35,21911.75,21904.75,21907.45,0.0,151.8,152.55,145.3,148.8,313850,16.539414,5133350,21900.0,147.45,154.4,147.2,150.95,250450,20.06743,5293400,21900.0
2024-02-05 10:55:00 +0530,21908.05,21919.85,21908.05,21914.45,0.0,148.45,155.25,148.15,150.25,448400,16.256108,5167200,21900.0,150.7,151.2,144.7,149.75,344300,20.323589,5228650,21900.0
2024-02-05 10:56:00 +0530,21914.4,21917.15,21912.4,21917.15,0.0,150.6,154.2,150.15,153.95,234500,16.532665,5167200,21900.0,149.45,150.85,146.45,146.95,158000,20.134987,5228650,21900.0
2024-02-05 10:57:00 +0530,21917.8,21918.7,21912.2,21916.95,0.0,153.4,155.15,151.05,154.45,250200,16.609752,5167200,21900.0,146.6,149.45,144.5,145.85,165350,19.99038,5228650,21900.0
2024-02-05 10:58:00 +0530,21919.4,21919.4,21908.45,21908.75,0.0,153.8,153.8,150.2,152.0,224750,16.855468,5273400,21900.0,146.3,150.0,146.0,148.45,171600,19.843247,5282550,21900.0
2024-02-05 10:59:00 +0530,21908.35,21912.15,21904.3,21909.95,0.0,151.45,152.0,146.8,149.8,276000,16.508024,5273400,21900.0,148.25,152.25,147.25,149.1,251200,19.994015,5282550,21900.0
2024-02-05 11:00:00 +0530,21909.15,21912.35,21906.7,21907.5,0.0,148.95,153.2,148.2,148.6,223900,16.523979,5273400,21900.0,150.55,150.85,145.75,150.3,164200,20.002159,5282550,21900.0
2024-02-05 11:01:00 +0530,21908.55,21914.95,21906.8,21914.4,0.0,148.8,153.55,148.55,153.35,178400,16.653396,5274850,21900.0,150.55,150.55,145.3,145.45,133350,19.804009,5346550,21900.0
2024-02-05 11:02:00 +0530,21913.55,21916.85,21909.3,21915.9,0.0,152.05,155.55,150.6,154.9,272200,16.746049,5274850,21900.0,147.0,148.15,143.4,143.95,220700,19.706797,5346550,21900.0
2024-02-05 11:03:00 +0530,21916.6,21917.5,21909.05,21909.9,0.0,154.95,156.65,151.0,151.15,287700,16.68566,5274850,21900.0,143.3,148.2,142.2,148.2,218550,19.888308,5346550,21900.0
2024-02-05 11:04:00 +0530,21909.45,21912.15,21907.15,21908.8,0.0,151.8,152.1,148.2,149.0,245000,16.495893,5298200,21900.0,148.2,150.05,147.1,149.3,217600,19.96207,5362650,21900.0
2024-02-05 11:05:00 +0530,21909.25,21912.45,21905.9,21910.7,0.0,148.1,150.0,146.0,148.45,250600,16.304693,5298200,21900.0,149.55,152.0,147.75,150.2,205850,20.183925,5362650,21900.0
2024-02-05 11:06:00 +0530,21910.75,21910.85,21906.6,21908.6,0.0,148.75,149.25,146.05,146.15,185950,16.162623,5298200,21900.0,150.45,153.45,149.45,152.25,194600,20.316883,5362650,21900.0
2024-02-05 11:07:00 +0530,21908.8,21911.15,21905.45,21910.6,0.0,146.9,148.2,143.15,148.0,251700,16.260035,5285750,21900.0,151.15,154.5,149.4,149.4,220800,20.083757,5348750,21900.0
2024-02-05 11:08:00 +0530,21910.25,21913.05,21898.4,21898.4,0.0,148.15,148.4,138.3,139.0,346150,15.952796,5285750,21900.0,149.35,158.45,149.35,158.15,327900,20.450911,5348750,21900.0
2024-02-05 11:09:00 +0530,21899.45,21903.4,21896.7,21903.4,0.0,139.45,144.0,137.45,144.0,304750,16.245301,5285750,21900.0,157.45,159.55,153.15,153.15,322400,20.131775,5348750,21900.0
2024-02-05 11:10:00 +0530,21903.25,21912.1,21903.25,21910.55,0.0,144.2,147.85,143.0,147.4,299400,16.195615,5247500,21900.0,153.25,154.3,148.75,149.4,252600,20.08673,5308650,21900.0
2024-02-05 11:11:00 +0530,21910.65,21915.95,21910.65,21912.5,0.0,147.65,149.3,145.85,148.9,303150,16.252773,5247500,21900.0,148.4,150.9,147.45,147.85,259150,20.009927,5308650,21900.0
2024-02-05 11:12:00 +0530,21913.6,21921.55,21913.6,21921.55,0.0,149.25,154.0,149.1,152.15,354400,16.045537,5247500,21900.0,147.25,147.65,143.1,144.85,251750,20.156463,5308650,21900.0
2024-02-05 11:13:00 +0530,21919.8,21922.2,21916.15,21917.85,0.0,151.5,155.75,151.35,153.05,375300,16.409822,5311700,21900.0,145.3,146.05,140.85,143.85,256300,19.826189,5327900,21900.0
2024-02-05 11:14:00 +0530,21918.2,21919.55,21915.75,21919.35,0.0,152.35,155.95,152.35,155.95,237200,16.668502,5311700,21900.0,144.2,144.85,140.35,140.75,185100,19.530995,5327900,21900.0
2024-02-05 11:15:00 +0530,21918.75,21924.3,21918.75,21921.0,0.0,155.5,158.65,155.5,156.7,443050,16.651365,5311700,21900.0,141.1,141.95,138.65,141.8,333950,19.755365,5327900,21900.0
2024-02-05 11:16:00 +0530,21921.6,21927.4,21920.55,21926.85,0.0,132.2,137.8,131.35,137.8,219550,17.13261,2503950,21950.0,168.0,168.8,162.6,162.6,75700,19.67462,1310450,21950.0
2024-02-05 11:17:00 +0530,21929.1,21934.0,21924.5,21929.25,0.0,138.0,141.4,135.6,138.05,482800,17.018337,2503950,21950.0,162.65,165.5,160.85,163.65,107000,19.951997,1310450,21950.0
2024-02-05 11:18:00 +0530,21928.65,21928.65,21919.4,21920.45,0.0,162.2,162.2,154.2,156.0,456500,16.608527,5323400,21900.0,138.95,143.8,138.95,142.6,299100,19.828777,5359800,21900.0
2024-02-05 11:19:00 +0530,21920.8,21923.95,21912.15,21912.15,0.0,157.15,159.55,150.5,150.75,329600,16.520604,5280200,21900.0,140.85,146.05,139.7,144.9,328750,19.642205,5438650,21900.0
2024-02-05 11:20:00 +0530,21913.1,21917.65,21908.45,21916.95,0.0,151.3,155.95,149.8,155.75,328900,16.818341,5280200,21900.0,145.5,146.45,140.55,140.55,341300,19.38186,5438650,21900.0
2024-02-05 11:21:00 +0530,21916.7,21924.35,21916.7,21919.1,0.0,156.65,158.8,155.0,155.2,254450,16.60748,5280200,21900.0,140.2,142.2,138.2,142.2,211700,19.70897,5438650,21900.0
2024-02-05 11:22:00 +0530,21918.85,21920.0,21913.1,21914.1,0.0,155.2,155.4,151.0,152.15,166800,16.56942,5256500,21900.0,142.0,145.0,141.75,144.8,152100,19.747187,5501850,21900.0
2024-02-05 11:23:00 +0530,21913.85,21915.3,21911.3,21914.7,0.0,152.25,152.25,147.8,149.05,245900,16.148698,5256500,21900.0,143.55,146.85,143.55,146.0,230100,19.931243,5501850,21900.0
2024-02-05 11:24:00 +0530,21915.5,21918.7,21910.35,21918.7,0.0,148.85,151.8,145.5,151.8,234750,16.220645,5256500,21900.0,145.6,148.0,142.7,143.0,212500,19.790766,5501850,21900.0
2024-02-05 11:25:00 +0530,21918.55,21918.75,21907.9,21910.45,0.0,151.3,151.65,144.65,148.0,209200,16.306942,5273000,21900.0,142.8,148.5,142.8,146.3,217650,19.728471,5520300,21900.0
2024-02-05 11:26:00 +0530,21910.1,21910.6,21905.1,21910.1,0.0,148.0,149.4,145.25,149.2,192950,16.480215,5273000,21900.0,145.65,148.95,145.15,145.65,241350,19.630172,5520300,21900.0
2024-02-05 11:27:00 +0530,21910.35,21911.2,21899.4,21903.75,0.0,149.35,149.35,141.9,146.6,256100,16.579542,5273000,21900.0,144.9,151.35,144.7,146.7,286700,19.39353,5520300,21900.0
2024-02-05 11:28:00 +0530,21904.6,21913.0,21902.55,21913.0,0.0,146.2,148.9,144.0,148.0,175050,16.143193,5259350,21900.0,147.8,150.4,145.1,145.9,173850,19.831373,5549850,21900.0
2024-02-05 11:29:00 +0530,21912.9,21917.4,21912.4,21917.15,0.0,147.3,150.55,146.9,149.9,237650,16.100939,5259350,21900.0,146.15,146.9,142.85,143.4,169600,19.761811,5549850,21900.0
2024-02-05 11:30:00 +0530,21917.85,21921.8,21915.2,21921.8,0.0,149.95,152.25,148.6,152.2,266350,16.071337,5259350,21900.0,143.4,145.25,140.65,141.75,216650,19.82318,5549850,21900.0
2024-02-05 11:31:00 +0530,21921.95,21922.55,21917.25,21918.6,0.0,152.35,152.35,149.6,149.7,155550,15.982043,5285500,21900.0,141.0,144.15,141.0,144.15,115500,19.940555,5589050,21900.0
2024-02-05 11:32:00 +0530,21918.35,21920.7,21914.45,21919.95,0.0,149.5,152.45,146.65,151.85,162350,16.158354,5285500,21900.0,142.9,145.85,140.55,141.25,152250,19.660887,5589050,21900.0
2024-02-05 11:33:00 +0530,21918.75,21922.95,21917.1,21919.9,0.0,151.55,153.75,151.35,153.55,162650,16.374222,5285500,21900.0,141.55,141.85,139.0,139.1,158950,19.394425,5589050,21900.0
2024-02-05 11:34:00 +0530,21920.7,21923.85,21917.8,21923.85,0.0,153.45,156.05,152.6,155.6,243550,16.360285,5288100,21900.0,138.65,139.85,136.4,136.95,180100,19.352837,5605450,21900.0
2024-02-05 11:35:00 +0530,21923.15,21924.35,21918.7,21923.4,0.0,156.2,157.55,152.95,156.15,261250,16.461411,5288100,21900.0,136.75,139.65,135.05,136.9,224550,19.323309,5605450,21900.0
2024-02-05 11:36:00 +0530,21924.15,21924.15,21918.65,21922.2,0.0,155.75,156.4,152.55,155.95,206600,16.520865,5288100,21900.0,136.3,140.0,136.3,136.5,131900,19.208349,5605450,21900.0
2024-02-05 11:37:00 +0530,21921.15,21931.75,21920.7,21930.7,0.0,131.5,136.45,130.7,136.3,200950,16.75644,2441350,21950.0,161.65,163.2,155.25,155.9,156750,19.127371,1303850,21950.0
2024-02-05 11:38:00 +0530,21931.1,21936.1,21928.8,21929.95,0.0,135.6,139.7,134.85,135.9,307850,16.755678,2441350,21950.0,156.15,157.7,152.55,157.0,133100,19.218526,1303850,21950.0
2024-02-05 11:39:00 +0530,21929.65,21939.3,21929.65,21938.05,0.0,136.2,142.6,135.7,140.15,337300,16.775768,2441350,21950.0,157.1,157.3,150.5,153.7,140200,19.305923,1303850,21950.0
2024-02-05 11:40:00 +0530,21938.25,21943.35,21935.0,21935.2,0.0,142.0,145.45,138.7,139.8,430750,16.91331,2417250,21950.0,152.15,155.4,148.25,154.7,258550,19.258827,1388200,21950.0
2024-02-05 11:41:00 +0530,21935.6,21935.95,21930.8,21935.95,0.0,139.4,140.1,135.65,140.0,242000,16.893151,2417250,21950.0,154.75,157.2,153.2,153.9,155750,19.207717,1388200,21950.0
2024-02-05 11:42:00 +0530,21936.2,21937.15,21928.7,21930.4,0.0,140.7,141.1,135.0,137.55,206600,16.939043,2417250,21950.0,153.25,158.35,152.9,156.1,111100,19.142848,1388200,21950.0
2024-02-05 11:43:00 +0530,21930.9,21933.4,21928.45,21928.6,0.0,136.9,138.9,135.0,135.2,135500,16.763265,2443150,21950.0,156.35,159.2,155.25,158.55,127150,19.335629,1396150,21950.0
2024-02-05 11:44:00 +0530,21928.6,21928.95,21918.45,21918.45,0.0,161.4,161.8,154.4,154.4,397350,16.600852,5112200,21900.0,133.1,138.0,133.1,137.6,355850,19.147677,5606650,21900.0
2024-02-05 11:45:00 +0530,21919.05,21927.35,21919.05,21922.2,0.0,154.6,159.5,154.6,155.9,230100,16.533549,5112200,21900.0,137.1,137.85,134.05,137.55,235850,19.355162,5606650,21900.0
2024-02-05 11:46:00 +0530,21921.95,21922.85,21911.3,21921.25,0.0,155.3,156.85,150.3,156.85,398700,16.718318,5053900,21900.0,138.1,141.45,136.15,136.15,425450,19.130277,5530250,21900.0
2024-02-05 11:47:00 +0530,21920.6,21926.15,21919.85,21924.75,0.0,157.0,157.2,153.15,156.1,156250,16.38747,5053900,21900.0,135.95,139.55,135.95,137.45,163300,19.489822,5530250,21900.0
2024-02-05 11:48:00 +0530,21925.3,21929.0,21921.8,21924.05,0.0,156.75,159.0,153.75,157.0,184750,16.549469,5053900,21900.0,137.6,139.6,134.25,136.95,175650,19.390542,5530250,21900.0
2024-02-05 11:49:00 +0530,21923.5,21930.0,21923.5,21929.85,0.0,132.7,134.15,130.55,134.05,106500,16.557428,2384200,21950.0,161.4,164.35,159.15,159.4,47700,19.52796,1319300,21950.0
2024-02-05 11:50:00 +0530,21930.2,21930.2,21926.4,21927.1,0.0,133.85,134.25,131.5,133.7,93400,16.685592,2384200,21950.0,160.1,162.25,158.7,159.0,65100,19.311877,1319300,21950.0
2024-02-05 11:51:00 +0530,21927.95,21929.95,21920.25,21922.3,0.0,158.1,159.95,153.45,156.55,217000,16.619972,5080600,21900.0,134.05,139.05,132.75,135.95,246000,19.174004,5508850,21900.0
2024-02-05 11:52:00 +0530,21922.45,21926.7,21919.5,21919.95,0.0,156.35,157.85,154.4,154.5,133250,16.528199,5102600,21900.0,136.5,138.55,134.65,137.65,122000,19.25378,5532450,21900.0
2024-02-05 11:53:00 +0530,21920.6,21921.6,21918.3,21919.4,0.0,155.0,157.4,154.25,157.15,93650,16.896262,5102600,21900.0,137.25,138.3,134.8,135.25,148050,18.927416,5532450,21900.0
2024-02-05 11:54:00 +0530,21919.55,21919.95,21914.25,21918.95,0.0,156.05,157.9,155.15,157.5,108750,16.972311,5102600,21900.0,135.75,136.75,134.05,134.35,128550,18.792361,5532450,21900.0
2024-02-05 11:55:00 +0530,21918.9,21921.3,21914.3,21916.8,0.0,157.2,159.6,154.8,155.15,230950,16.828619,5058900,21900.0,134.15,136.95,132.0,136.2,281750,18.901228,5535950,21900.0
2024-02-05 11:56:00 +0530,21915.25,21918.35,21912.6,21917.95,0.0,155.05,158.95,154.25,158.95,162400,17.224006,5058900,21900.0,136.3,137.05,132.3,132.3,266400,18.485519,5535950,21900.0
2024-02-05 11:57:00 +0530,21918.65,21924.9,21915.3,21919.45,0.0,159.0,162.0,157.85,159.8,281250,17.23005,5058900,21900.0,132.35,133.25,129.4,131.6,310250,18.485483,5535950,21900.0
2024-02-05 11:58:00 +0530,21919.0,21926.2,21918.7,21925.35,0.0,134.6,137.4,134.6,137.1,131400,17.22813,2349950,21950.0,156.25,156.35,153.5,153.65,70600,18.560107,1349100,21950.0
2024-02-05 11:59:00 +0530,21925.15,21934.15,21923.7,21931.3,0.0,137.15,140.8,136.8,139.7,247350,17.184081,2349950,21950.0,153.55,153.7,147.8,149.0,185450,18.355309,1349100,21950.0
2024-02-05 12:00:00 +0530,21930.15,21933.6,21921.3,21922.0,0.0,164.0,168.0,160.25,160.5,425150,17.149978,4907150,21900.0,126.95,130.4,123.9,129.85,352750,18.417639,5409850,21900.0
2024-02-05 12:01:00 +0530,21921.9,21923.8,21917.75,21918.2,0.0,160.15,162.55,157.0,157.65,194450,17.056791,4738550,21900.0,130.0,131.95,128.0,131.6,253150,18.421955,5263900,21900.0
2024-02-05 12:02:00 +0530,21918.7,21923.25,21917.8,21920.95,0.0,158.2,161.95,157.85,158.85,149150,17.021096,4738550,21900.0,131.2,131.55,128.05,131.0,170800,18.504764,5263900,21900.0
2024-02-05 12:03:00 +0530,21920.1,21922.35,21917.4,21917.4,0.0,158.65,159.9,155.15,155.15,179150,16.805153,4738550,21900.0,130.8,133.9,130.15,133.9,199100,18.665176,5263900,21900.0
2024-02-05 12:04:00 +0530,21918.15,21918.15,21911.4,21911.4,0.0,155.2,155.4,152.9,153.85,192500,17.048942,4696950,21900.0,134.15,136.75,134.0,136.15,281850,18.602665,5268550,21900.0
2024-02-05 12:05:00 +0530,21911.4,21911.4,21906.35,21910.4,0.0,152.75,154.35,150.7,153.55,227000,17.08049,4696950,21900.0,137.4,139.3,135.45,136.95,380850,18.64591,5268550,21900.0
2024-02-05 12:06:00 +0530,21910.3,21911.5,21903.55,21906.55,0.0,153.3,154.65,148.85,152.65,321500,17.225929,4696950,21900.0,136.2,141.7,135.85,138.7,472900,18.641409,5268550,21900.0
2024-02-05 12:07:00 +0530,21906.0,21910.05,21906.0,21909.6,0.0,152.9,154.0,151.1,154.0,161400,17.193658,4701600,21900.0,138.05,139.75,136.5,136.85,223750,18.591008,5275450,21900.0
2024-02-05 12:08:00 +0530,21909.45,21909.85,21902.6,21903.7,0.0,154.1,154.1,147.3,148.9,204450,16.95341,4701600,21900.0,136.5,143.25,136.45,141.3,383150,18.800447,5275450,21900.0
2024-02-05 12:09:00 +0530,21904.3,21904.3,21897.7,21904.25,0.0,148.45,148.75,143.7,148.75,355350,16.900956,4701600,21900.0,141.75,145.5,140.55,140.9,536400,18.784962,5275450,21900.0
2024-02-05 12:10:00 +0530,21903.9,21908.7,21902.5,21905.6,0.0,148.55,150.9,145.95,146.95,271350,16.591596,4741900,21900.0,141.15,144.95,138.6,144.1,436000,19.261462,5313600,21900.0
2024-02-05 12:11:00 +0530,21903.95,21911.5,21901.7,21910.05,0.0,146.55,150.4,145.3,150.2,231000,16.70165,4741900,21900.0,144.1,145.0,139.3,139.75,280650,18.983327,5313600,21900.0
2024-02-05 12:12:00 +0530,21910.7,21915.45,21909.35,21915.45,0.0,150.4,152.0,149.25,151.65,294150,16.521729,4741900,21900.0,139.65,140.65,136.2,136.2,298700,18.85563,5313600,21900.0
2024-02-05 12:13:00 +0530,21914.9,21918.15,21913.55,21914.95,0.0,151.9,153.6,150.45,151.1,219850,16.489298,4875800,21900.0,136.1,137.7,134.25,136.8,268600,18.903272,5408350,21900.0
2024-02-05 12:14:00 +0530,21915.0,21923.35,21914.65,21923.35,0.0,151.55,156.5,151.55,156.5,269700,16.590389,4875800,21900.0,137.0,137.0,131.1,131.1,239200,18.674045,5408350,21900.0
2024-02-05 12:15:00 +0530,21923.55,21927.65,21922.95,21927.3,0.0,130.2,133.35,130.1,132.6,191800,16.590086,2346150,21950.0,157.25,157.25,153.15,153.7,108150,18.71738,1392200,21950.0
2024-02-05 12:16:00 +0530,21926.2,21927.25,21921.4,21925.15,0.0,132.7,133.8,130.7,132.85,156000,16.75491,2346300,21950.0,153.85,156.3,152.05,153.8,83800,18.598453,1445600,21950.0
2024-02-05 12:17:00 +0530,21924.65,21930.6,21924.1,21929.95,0.0,133.1,137.4,132.9,136.5,186550,16.911881,2346300,21950.0,153.8,153.8,149.1,150.65,104600,18.507957,1445600,21950.0
2024-02-05 12:18:00 +0530,21929.7,21936.15,21928.35,21933.9,0.0,136.15,141.6,135.8,140.05,294200,17.106348,2346300,21950.0,150.8,151.55,145.4,147.2,147250,18.325734,1445600,21950.0
2024-02-05 12:19:00 +0530,21933.45,21935.05,21931.75,21932.35,0.0,139.85,141.75,138.75,139.25,151100,17.106451,2294400,21950.0,147.5,148.95,146.3,147.95,86550,18.325471,1509700,21950.0
2024-02-05 12:20:00 +0530,21932.0,21936.4,21931.05,21932.0,0.0,139.15,141.4,138.5,139.75,122450,17.192077,2294400,21950.0,147.65,149.2,145.8,148.05,72850,18.318182,1509700,21950.0
2024-02-05 12:21:00 +0530,21932.25,21936.25,21929.1,21935.95,0.0,138.35,141.55,137.0,141.05,161900,17.107838,2294400,21950.0,149.55,149.85,145.55,145.75,116100,18.276738,1509700,21950.0
2024-02-05 12:22:00 +0530,21936.1,21940.4,21932.5,21932.85,0.0,141.1,143.7,138.5,138.65,244000,17.007714,2324600,21950.0,146.0,149.4,142.9,149.3,147750,18.527953,1585950,21950.0
2024-02-05 12:23:00 +0530,21932.4,21935.0,21929.5,21929.5,0.0,137.8,140.85,137.2,137.8,111050,17.112987,2324600,21950.0,149.85,150.2,146.7,149.65,81200,18.367605,1585950,21950.0
2024-02-05 12:24:00 +0530,21929.15,21931.9,21927.05,21927.55,0.0,137.9,140.2,136.0,137.7,142850,17.223195,2324600,21950.0,149.2,150.55,147.0,149.2,83650,18.19358,1585950,21950.0
2024-02-05 12:25:00 +0530,21927.2,21928.9,21918.8,21919.85,0.0,164.1,164.5,157.05,157.25,269650,16.94692,4650850,21900.0,126.25,130.15,125.45,130.15,366800,18.378577,5543950,21900.0
2024-02-05 12:26:00 +0530,21918.9,21920.35,21910.9,21912.35,0.0,157.8,157.8,152.1,154.4,310250,17.10136,4650850,21900.0,129.3,133.75,129.3,131.8,469300,18.157592,5543950,21900.0
2024-02-05 12:27:00 +0530,21912.25,21919.25,21911.0,21915.6,0.0,153.85,156.4,152.25,153.95,165600,16.829172,4650850,21900.0,131.9,133.8,129.45,131.8,288800,18.34555,5543950,21900.0
2024-02-05 12:28:00 +0530,21915.7,21917.1,21910.4,21912.15,0.0,153.7,154.4,151.1,153.0,232400,16.945223,4657050,21900.0,131.85,134.8,131.55,133.2,330050,18.323421,5438400,21900.0
2024-02-05 12:29:00 +0530,21912.75,21913.05,21905.0,21905.45,0.0,153.15,153.2,147.05,147.9,266050,16.759473,4657050,21900.0,133.35,138.4,133.05,138.0,309350,18.532361,5438400,21900.0
2024-02-05 12:30:00 +0530,21905.8,21911.35,21905.8,21910.95,0.0,149.35,151.2,147.3,151.2,268650,16.806211,4657050,21900.0,137.9,139.0,135.4,135.8,361200,18.580584,5438400,21900.0
2024-02-05 12:31:00 +0530,21911.3,21912.3,21907.15,21909.65,0.0,152.1,152.1,147.1,148.55,228100,16.565978,4729800,21900.0,135.2,139.8,135.05,137.4,252000,18.705804,5333300,21900.0
2024-02-05 12:32:00 +0530,21909.85,21911.8,21901.85,21903.7,0.0,149.65,150.0,144.0,146.35,333900,16.688755,4729800,21900.0,136.85,142.2,135.8,139.55,407850,18.627608,5333300,21900.0
2024-02-05 12:33:00 +0530,21902.95,21904.7,21899.35,21901.25,0.0,146.7,146.7,141.8,143.8,371400,16.535097,4729800,21900.0,139.15,144.2,139.15,143.6,505850,18.987481,5333300,21900.0
2024-02-05 12:34:00 +0530,21901.2,21903.0,21898.7,21901.9,0.0,143.65,145.9,142.0,145.45,238600,16.699362,4918400,21900.0,143.8,145.15,141.6,142.3,390250,18.866479,5456800,21900.0
2024-02-05 12:35:00 +0530,21902.15,21911.35,21902.15,21909.85,0.0,146.3,148.95,146.0,148.9,344450,16.604591,4918400,21900.0,141.4,141.45,137.65,138.1,363000,18.811636,5456800,21900.0
2024-02-05 12:36:00 +0530,21909.35,21913.6,21909.35,21910.15,0.0,148.85,151.0,148.5,149.55,326450,16.667463,4918400,21900.0,138.1,138.7,135.1,137.55,247350,18.762569,5456800,21900.0
2024-02-05 12:37:00 +0530,21909.65,21912.85,21909.65,21911.65,0.0,149.75,151.0,147.75,150.35,266550,16.668718,5002100,21900.0,137.45,139.05,136.2,136.45,198350,18.714505,5446900,21900.0
2024-02-05 12:38:00 +0530,21911.95,21917.2,21910.85,21911.85,0.0,150.8,152.95,149.5,151.2,254850,16.763133,5002100,21900.0,136.25,137.45,133.8,136.25,205900,18.703039,5446900,21900.0
2024-02-05 12:39:00 +0530,21911.6,21913.55,21904.95,21908.8,0.0,150.45,150.5,146.4,149.05,149200,16.701696,5002100,21900.0,137.0,140.85,137.0,138.05,238900,18.751904,5446900,21900.0
2024-02-05 12:40:00 +0530,21908.75,21913.65,21908.75,21913.65,0.0,149.2,151.0,147.0,151.0,132550,16.621593,4987100,21900.0,138.15,139.4,135.25,135.25,177300,18.686109,5468050,21900.0
2024-02-05 12:41:00 +0530,21913.05,21917.1,21913.05,21915.3,0.0,151.0,153.25,150.75,151.75,197800,16.605691,4987100,21900.0,135.0,135.25,132.25,134.1,205900,18.639653,5468050,21900.0
2024-02-05 12:42:00 +0530,21914.3,21920.05,21914.3,21918.95,0.0,151.55,154.7,151.3,154.65,170550,16.721118,4987100,21900.0,134.4,135.3,130.35,130.35,158050,18.383094,5468050,21900.0
2024-02-05 12:43:00 +0530,21918.3,21920.55,21916.6,21918.9,0.0,154.0,156.45,153.6,156.25,279050,16.926096,4930300,21900.0,131.0,131.0,127.8,127.9,296550,18.07697,5429650,21900.0
2024-02-05 12:44:00 +0530,21917.5,21924.35,21917.5,21924.15,0.0,156.05,158.9,155.3,158.4,242700,16.836297,4930300,21900.0,128.05,128.55,125.5,126.1,219150,18.150822,5429650,21900.0
2024-02-05 12:45:00 +0530,21923.55,21930.95,21920.15,21927.0,0.0,131.3,134.9,129.65,132.9,211900,16.708727,2427650,21950.0,151.65,153.55,148.55,151.6,95350,18.493534,1549500,21950.0
2024-02-05 12:46:00 +0530,21926.4,21927.65,21921.45,21923.25,0.0,157.5,157.9,153.25,155.85,250400,16.584307,4856100,21900.0,127.1,130.4,127.1,128.75,224950,18.434282,5380550,21900.0
2024-02-05 12:47:00 +0530,21923.1,21929.45,21923.1,21929.0,0.0,131.0,134.7,130.45,133.25,135450,16.632708,2364250,21950.0,152.3,153.0,149.1,150.3,62400,18.460026,1544600,21950.0
2024-02-05 12:48:00 +0530,21928.65,21931.4,21927.1,21931.25,0.0,133.65,136.2,132.15,135.9,142700,16.823106,2364250,21950.0,150.25,151.95,147.4,147.7,81800,18.278655,1544600,21950.0
2024-02-05 12:49:00 +0530,21930.7,21935.6,21930.7,21933.05,0.0,136.2,138.95,135.65,136.6,218300,16.799569,2353450,21950.0,147.75,148.5,145.15,147.9,132900,18.415643,1568050,21950.0
2024-02-05 12:50:00 +0530,21931.7,21934.15,21925.35,21925.35,0.0,136.75,137.35,132.35,132.7,195250,16.796113,2353450,21950.0,147.7,152.55,147.3,152.1,124800,18.461874,1568050,21950.0
2024-02-05 12:51:00 +0530,21924.5,21926.65,21920.75,21920.85,0.0,159.95,160.3,156.1,157.2,245700,16.928678,4917700,21900.0,128.15,130.0,127.6,129.15,239350,18.357643,5351000,21900.0
2024-02-05 12:52:00 +0530,21921.05,21930.8,21921.05,21927.2,0.0,132.2,136.55,131.4,135.2,100850,16.996078,2339750,21950.0,152.35,153.3,148.2,150.4,70350,18.369938,1601950,21950.0
2024-02-05 12:53:00 +0530,21926.5,21929.75,21926.35,21928.0,0.0,134.7,136.35,133.15,136.05,75450,17.054083,2339750,21950.0,150.65,151.75,149.1,149.55,44050,18.31605,1601950,21950.0
2024-02-05 12:54:00 +0530,21927.2,21929.65,21924.65,21926.6,0.0,135.65,136.35,132.8,133.05,64350,16.771053,2339750,21950.0,150.2,152.15,148.8,152.15,35250,18.553043,1601950,21950.0
2024-02-05 12:55:00 +0530,21925.95,21938.85,21924.0,21937.35,0.0,132.7,138.95,132.7,138.95,160600,16.833078,2356050,21950.0,152.55,152.95,146.95,147.95,92200,18.694927,1621650,21950.0
2024-02-05 12:56:00 +0530,21935.75,21938.1,21931.6,21935.75,0.0,136.75,138.9,135.95,138.45,172400,16.874211,2356050,21950.0,149.2,150.15,147.05,148.05,70700,18.611816,1621650,21950.0
2024-02-05 12:57:00 +0530,21935.7,21938.9,21932.1,21937.0,0.0,137.45,139.8,135.45,139.45,223400,16.921425,2356050,21950.0,149.25,150.75,146.0,146.05,72350,18.441921,1621650,21950.0
2024-02-05 12:58:00 +0530,21937.4,21941.0,21935.3,21935.3,0.0,139.7,140.9,137.55,137.55,227450,16.795311,2379550,21950.0,146.05,148.15,144.5,148.15,69550,18.600412,1623450,21950.0
2024-02-05 12:59:00 +0530,21935.05,21937.05,21929.1,21931.55,0.0,136.95,138.85,134.45,135.75,159300,16.809318,2379550,21950.0,147.4,150.35,146.0,148.7,82600,18.440651,1623450,21950.0
2024-02-05 13:00:00 +0530,21931.65,21939.8,21931.65,21936.9,0.0,135.7,140.0,135.7,139.15,160300,16.897018,2379550,21950.0,149.15,149.15,145.0,145.7,92300,18.397878,1623450,21950.0
2024-02-05 13:01:00 +0530,21937.05,21940.6,21935.7,21936.0,0.0,139.4,140.95,137.85,138.0,138550,16.813414,2386250,21950.0,145.4,147.4,144.75,147.4,79600,18.555606,1691550,21950.0
2024-02-05 13:02:00 +0530,21935.7,21937.4,21933.7,21935.85,0.0,137.9,138.85,134.75,137.7,116150,16.78782,2386250,21950.0,147.05,149.85,146.55,146.8,55600,18.473902,1691550,21950.0
2024-02-05 13:03:00 +0530,21935.95,21936.85,21930.3,21930.45,0.0,138.15,138.15,133.2,134.25,93650,16.700451,2386250,21950.0,146.6,150.8,146.6,149.6,54300,18.49167,1691550,21950.0
2024-02-05 13:04:00 +0530,21929.6,21930.7,21924.7,21928.0,0.0,133.5,135.4,130.6,134.6,144350,16.898063,2397100,21950.0,151.4,152.9,148.55,149.7,111250,18.354309,1698500,21950.0
2024-02-05 13:05:00 +0530,21928.05,21936.2,21927.65,21933.8,0.0,133.95,137.35,132.75,137.2,102050,16.861161,2397100,21950.0,150.35,151.75,147.1,147.1,55000,18.391233,1698500,21950.0
2024-02-05 13:06:00 +0530,21933.7,21949.0,21933.25,21946.55,0.0,137.45,145.4,137.45,143.9,449050,16.88243,2397100,21950.0,147.1,147.1,139.0,141.6,211950,18.481309,1698500,21950.0
2024-02-05 13:07:00 +0530,21945.05,21951.45,21944.1,21946.4,0.0,143.75,148.15,143.1,144.65,433550,16.987368,2350450,21950.0,141.45,142.05,137.0,139.5,174000,18.21358,1713400,21950.0
2024-02-05 13:08:00 +0530,21946.25,21952.5,21945.05,21951.4,0.0,145.45,148.95,143.85,148.1,275600,17.092958,2350450,21950.0,140.15,141.3,136.15,137.4,137250,18.251179,1713400,21950.0
2024-02-05 13:09:00 +0530,21950.35,21951.9,21943.1,21944.0,0.0,148.8,149.85,144.3,144.9,325600,17.177381,2350450,21950.0,137.25,140.55,135.4,140.4,146300,18.185382,1713400,21950.0
2024-02-05 13:10:00 +0530,21943.15,21948.05,21942.35,21944.2,0.0,144.7,148.4,143.55,145.05,248050,17.185337,2315100,21950.0,140.5,141.5,137.1,140.3,131200,18.186742,1795150,21950.0
2024-02-05 13:11:00 +0530,21942.6,21944.25,21938.1,21942.75,0.0,145.3,145.55,140.55,144.35,201100,17.193699,2315100,21950.0,140.15,142.95,139.15,140.45,125600,18.120121,1795150,21950.0
2024-02-05 13:12:00 +0530,21942.0,21945.95,21939.6,21940.65,0.0,144.3,145.55,142.2,142.65,123100,17.119119,2315100,21950.0,140.35,142.6,139.5,142.15,72750,18.206372,1795150,21950.0
2024-02-05 13:13:00 +0530,21941.7,21943.15,21935.7,21936.05,0.0,142.7,142.8,139.05,140.15,206850,17.102854,2357050,21950.0,142.0,144.9,142.0,144.75,110050,18.25161,1802300,21950.0
2024-02-05 13:14:00 +0530,21936.8,21940.05,21934.35,21936.8,0.0,140.65,141.9,136.4,138.75,143000,16.883862,2357050,21950.0,143.55,146.95,142.25,144.6,103500,18.280511,1802300,21950.0
2024-02-05 13:15:00 +0530,21936.75,21943.85,21935.9,21943.85,0.0,138.6,141.2,136.25,140.55,148700,16.659926,2357050,21950.0,144.55,147.3,143.1,143.5,88700,18.572072,1802300,21950.0
2024-02-05 13:16:00 +0530,21943.15,21946.5,21939.05,21939.6,0.0,140.95,142.75,139.05,139.1,177900,16.753949,2399700,21950.0,143.2,145.65,141.5,145.45,87350,18.559763,1818500,21950.0
2024-02-05 13:17:00 +0530,21938.5,21940.1,21930.25,21931.45,0.0,138.25,138.55,133.6,134.6,188600,16.71134,2399700,21950.0,146.15,150.15,146.15,148.75,145550,18.473234,1818500,21950.0
2024-02-05 13:18:00 +0530,21931.6,21941.5,21928.65,21940.8,0.0,135.45,140.45,134.0,140.25,141400,16.824551,2399700,21950.0,148.05,149.9,142.45,143.3,129100,18.369002,1818500,21950.0
2024-02-05 13:19:00 +0530,21939.25,21943.6,21939.25,21941.95,0.0,140.6,143.05,140.4,142.95,152450,17.088588,2369550,21950.0,142.55,142.65,140.3,140.45,94200,18.086185,1833950,21950.0
2024-02-05 13:20:00 +0530,21941.9,21943.45,21938.45,21942.9,0.0,142.65,143.9,140.0,143.55,139000,17.104432,2369550,21950.0,140.8,142.95,139.4,139.65,69500,18.045771,1833950,21950.0
2024-02-05 13:21:00 +0530,21942.7,21946.5,21939.3,21946.5,0.0,144.0,145.55,141.45,145.35,158000,17.098354,2369550,21950.0,140.0,142.25,138.0,138.05,80650,18.064421,1833950,21950.0
2024-02-05 13:22:00 +0530,21946.25,21950.15,21944.15,21944.45,0.0,145.5,146.45,142.75,142.95,215050,16.934567,2404850,21950.0,138.6,140.8,137.5,140.2,115500,18.210781,1867250,21950.0
2024-02-05 13:23:00 +0530,21944.85,21946.65,21937.0,21937.5,0.0,143.45,144.9,140.75,142.1,105300,17.275221,2404850,21950.0,140.1,142.7,139.0,141.2,87100,17.916856,1867250,21950.0
2024-02-05 13:24:00 +0530,21937.95,21938.9,21933.7,21934.2,0.0,142.55,142.7,138.4,139.0,120900,17.100603,2404850,21950.0,141.4,144.2,141.1,143.75,67100,18.0338,1867250,21950.0
2024-02-05 13:25:00 +0530,21933.05,21934.4,21923.25,21923.25,0.0,165.9,166.2,159.9,160.0,339500,17.188402,4591000,21900.0,120.8,125.55,120.6,125.55,327500,18.104835,5319700,21900.0
2024-02-05 13:26:00 +0530,21923.35,21929.4,21919.6,21928.75,0.0,133.95,135.5,129.75,134.55,276250,16.892675,2413050,21950.0,148.5,152.0,147.35,149.05,263800,18.359706,1884600,21950.0
2024-02-05 13:27:00 +0530,21928.55,21932.25,21926.55,21927.25,0.0,135.75,136.85,132.35,132.4,161500,16.720584,2413050,21950.0,147.35,150.75,146.8,150.4,116850,18.436045,1884600,21950.0
2024-02-05 13:28:00 +0530,21926.75,21926.8,21910.7,21910.7,0.0,158.25,158.8,151.45,152.15,313600,17.067144,4539850,21900.0,127.0,131.5,126.55,131.0,444350,18.073104,5254550,21900.0
2024-02-05 13:29:00 +0530,21909.25,21911.4,21902.8,21906.1,0.0,153.6,154.3,148.6,150.7,418250,17.1952,4539850,21900.0,130.3,135.0,130.0,133.25,688000,18.087473,5254550,21900.0
2024-02-05 13:30:00 +0530,21906.3,21914.45,21906.3,21908.75,0.0,151.45,155.45,150.3,150.8,374250,17.033416,4539850,21900.0,132.35,134.2,128.9,133.85,427150,18.319224,5254550,21900.0
2024-02-05 13:31:00 +0530,21908.6,21919.4,21908.6,21919.4,0.0,150.5,156.0,150.5,155.2,243700,16.865047,4652050,21900.0,133.85,133.85,129.2,130.1,286350,18.466856,5250800,21900.0
2024-02-05 13:32:00 +0530,21919.0,21922.2,21918.0,21921.75,0.0,155.35,156.95,153.9,155.95,175500,16.799513,4652050,21900.0,130.35,131.0,128.1,128.3,205950,18.377076,5250800,21900.0
2024-02-05 13:33:00 +0530,21920.45,21926.6,21920.45,21924.95,0.0,156.5,159.4,155.8,159.3,224350,17.000443,4652050,21900.0,128.35,128.65,124.85,124.95,315800,18.139984,5250800,21900.0
2024-02-05 13:34:00 +0530,21924.85,21933.25,21924.85,21927.45,0.0,133.0,134.85,131.9,132.25,184050,16.704496,2465350,21950.0,148.7,149.05,146.3,148.15,107650,18.181235,1816300,21950.0
2024-02-05 13:35:00 +0530,21927.4,21931.5,21925.05,21925.8,0.0,132.0,134.4,129.2,129.7,131050,16.491384,2465350,21950.0,147.55,152.0,145.9,151.65,112200,18.515545,1816300,21950.0
2024-02-05 13:36:00 +0530,21924.7,21936.65,21924.7,21935.15,0.0,129.6,137.4,129.35,135.8,217700,16.668726,2465350,21950.0,151.75,151.75,142.35,144.2,122050,18.16937,1816300,21950.0
2024-02-05 13:37:00 +0530,21935.55,21937.8,21932.35,21934.45,0.0,136.45,138.5,134.1,135.1,189650,16.627917,2462600,21950.0,143.6,145.95,141.25,144.85,90400,18.209099,1828300,21950.0
2024-02-05 13:38:00 +0530,21933.7,21935.75,21926.85,21927.55,0.0,134.5,135.0,130.25,130.95,139900,16.545016,2462600,21950.0,145.95,149.55,145.05,148.7,71150,18.263088,1828300,21950.0
2024-02-05 13:39:00 +0530,21926.7,21928.35,21919.5,21919.7,0.0,157.5,158.65,151.9,152.7,209300,16.548252,4622700,21900.0,125.0,129.95,123.95,129.35,256950,18.404737,5173600,21900.0
2024-02-05 13:40:00 +0530,21919.75,21922.45,21917.45,21922.45,0.0,152.45,156.45,151.35,155.75,200250,16.743415,4593200,21900.0,128.45,130.5,126.35,126.45,282400,18.199455,5150800,21900.0
2024-02-05 13:41:00 +0530,21922.15,21924.0,21918.0,21919.85,0.0,155.8,155.9,151.55,152.4,138850,16.504568,4593200,21900.0,126.6,130.3,126.45,129.95,139400,18.492187,5150800,21900.0
2024-02-05 13:42:00 +0530,21919.35,21927.7,21917.95,21926.3,0.0,126.8,129.95,125.0,129.6,96650,16.462824,2468150,21950.0,153.95,155.6,149.6,150.1,98200,18.366554,1829500,21950.0
2024-02-05 13:43:00 +0530,21925.55,21931.05,21924.8,21926.05,0.0,129.9,130.75,127.35,127.5,91700,16.218802,2496750,21950.0,150.5,153.25,148.9,153.25,63700,18.745111,1829850,21950.0
2024-02-05 13:44:00 +0530,21925.15,21925.85,21919.75,21922.8,0.0,153.25,153.6,150.45,152.8,262850,16.357095,4643000,21900.0,128.9,131.15,128.85,129.2,280850,18.571698,5197850,21900.0
2024-02-05 13:45:00 +0530,21922.2,21923.5,21918.7,21922.35,0.0,153.1,154.05,150.3,153.25,127450,16.447048,4643000,21900.0,129.0,132.0,127.65,129.45,206350,18.579354,5197850,21900.0
2024-02-05 13:46:00 +0530,21921.8,21927.1,21919.35,21924.6,0.0,152.35,155.5,151.4,155.5,106000,16.575593,4744250,21900.0,129.6,131.0,127.0,127.0,171500,18.401237,5300450,21900.0
2024-02-05 13:47:00 +0530,21924.45,21929.7,21922.15,21929.7,0.0,129.5,131.25,127.25,130.95,116750,16.430318,2524900,21950.0,150.35,153.1,147.4,147.7,64050,18.288579,1819950,21950.0
2024-02-05 13:48:00 +0530,21929.9,21935.7,21929.9,21930.05,0.0,130.25,132.7,129.25,130.2,155250,16.31712,2524900,21950.0,148.3,149.45,145.7,148.85,71600,18.455433,1819950,21950.0
2024-02-05 13:49:00 +0530,21930.35,21934.8,21930.35,21934.8,0.0,130.0,133.25,128.75,133.05,115850,16.376018,2522400,21950.0,149.1,150.65,144.65,144.65,62450,18.227267,1815050,21950.0
2024-02-05 13:50:00 +0530,21934.25,21937.65,21932.85,21937.25,0.0,133.5,134.9,131.4,132.9,148500,16.20418,2522400,21950.0,144.35,146.8,142.65,145.05,84950,18.4291,1815050,21950.0
2024-02-05 13:51:00 +0530,21936.25,21939.7,21935.45,21936.2,0.0,133.1,136.0,133.05,133.1,139500,16.297864,2522400,21950.0,145.05,145.8,141.2,145.45,64500,18.416515,1815050,21950.0
2024-02-05 13:52:00 +0530,21935.55,21939.3,21932.75,21937.6,0.0,132.65,135.25,131.65,134.05,103500,16.329482,2501250,21950.0,145.05,146.75,143.15,145.2,53200,18.472847,1861650,21950.0
2024-02-05 13:53:00 +0530,21937.25,21938.75,21934.5,21937.6,0.0,133.75,136.25,132.7,134.7,98700,16.412638,2501250,21950.0,145.4,146.5,142.45,144.0,44400,18.325063,1861650,21950.0
2024-02-05 13:54:00 +0530,21936.05,21941.0,21936.05,21938.6,0.0,134.8,137.8,134.75,135.95,131300,16.506926,2501250,21950.0,144.15,144.15,140.4,142.8,66500,18.238291,1861650,21950.0
2024-02-05 13:55:00 +0530,21938.55,21939.65,21935.85,21936.85,0.0,136.0,136.9,133.9,135.25,94650,16.533155,2500750,21950.0,142.55,144.4,141.9,143.55,52750,18.226699,1890950,21950.0
2024-02-05 13:56:00 +0530,21936.5,21941.5,21936.3,21937.7,0.0,135.2,137.6,134.5,135.35,102550,16.493708,2500750,21950.0,143.4,144.35,141.05,144.35,67500,18.380279,1890950,21950.0
2024-02-05 13:57:00 +0530,21936.75,21938.2,21932.6,21934.15,0.0,135.05,135.1,130.75,132.3,130050,16.340456,2500750,21950.0,144.15,147.4,144.15,146.25,96400,18.401261,1890950,21950.0
2024-02-05 13:58:00 +0530,21933.85,21939.35,21933.55,21938.5,0.0,131.95,137.4,131.95,136.05,131850,16.534315,2517250,21950.0,146.25,146.25,140.75,141.45,81850,18.071005,1893000,21950.0
2024-02-05 13:59:00 +0530,21938.35,21941.65,21937.7,21941.65,0.0,136.1,138.5,135.8,137.75,121150,16.546859,2517250,21950.0,141.7,142.5,139.25,140.5,91750,18.145823,1893000,21950.0
2024-02-05 14:00:00 +0530,21940.8,21944.2,21937.9,21941.9,0.0,137.6,138.7,135.35,136.8,105250,16.414354,2517250,21950.0,140.65,143.0,139.5,141.9,101700,18.337493,1893000,21950.0
2024-02-05 14:01:00 +0530,21941.65,21942.3,21937.05,21938.55,0.0,136.15,137.25,132.9,132.9,116600,16.144415,2534600,21950.0,141.8,144.5,140.95,144.5,95200,18.460058,1949700,21950.0
2024-02-05 14:02:00 +0530,21937.45,21943.65,21935.15,21943.55,0.0,133.0,138.0,131.25,137.95,132750,16.455796,2534600,21950.0,144.05,146.0,139.75,140.15,124250,18.222492,1949700,21950.0
2024-02-05 14:03:00 +0530,21943.0,21943.0,21927.75,21928.1,0.0,136.75,136.75,131.6,131.85,144600,16.676413,2534600,21950.0,141.2,146.0,141.2,146.0,123250,18.005525,1949700,21950.0
2024-02-05 14:04:00 +0530,21928.05,21931.8,21921.65,21924.05,0.0,158.25,158.7,153.05,154.85,321650,16.57108,4697300,21900.0,122.55,125.75,121.95,124.75,363700,18.120144,5349900,21900.0
2024-02-05 14:05:00 +0530,21923.6,21926.6,21920.85,21923.35,0.0,153.95,155.55,150.8,152.8,233350,16.363726,4697300,21900.0,125.45,127.8,123.8,126.5,268500,18.302475,5349900,21900.0
2024-02-05 14:06:00 +0530,21922.8,21923.35,21912.1,21915.2,0.0,152.55,153.0,148.0,149.75,376850,16.544511,4697300,21900.0,126.95,131.15,126.2,129.2,388400,18.176824,5349900,21900.0
2024-02-05 14:07:00 +0530,21915.1,21917.65,21911.25,21915.35,0.0,150.5,152.05,146.25,150.5,290050,16.630708,4722450,21900.0,129.15,132.75,128.0,129.95,389450,18.281509,5311250,21900.0
2024-02-05 14:08:00 +0530,21915.15,21916.95,21900.7,21903.45,0.0,150.8,150.8,140.55,142.05,437150,16.373398,4722450,21900.0,129.75,139.55,129.75,139.3,735150,18.759427,5311250,21900.0
2024-02-05 14:09:00 +0530,21900.9,21904.15,21895.15,21896.2,0.0,143.0,143.4,137.85,138.7,584050,16.432734,4722450,21900.0,137.35,143.95,137.0,143.35,796250,18.835134,5311250,21900.0
2024-02-05 14:10:00 +0530,21894.3,21899.7,21882.2,21884.65,0.0,139.05,142.6,131.1,132.75,793800,16.432631,4953550,21900.0,143.15,154.8,140.5,151.95,1548500,19.209066,5273550,21900.0
2024-02-05 14:11:00 +0530,21884.15,21888.75,21874.45,21877.45,0.0,133.05,135.35,127.1,127.8,778150,16.2677,4953550,21900.0,150.45,156.6,149.95,155.15,1120250,19.163465,5273550,21900.0
2024-02-05 14:12:00 +0530,21876.55,21889.75,21876.55,21889.6,0.0,128.95,134.9,128.5,134.5,520400,16.340135,4953550,21900.0,153.55,154.3,145.55,146.4,706500,18.822127,5273550,21900.0
2024-02-05 14:13:00 +0530,21889.45,21903.5,21889.45,21903.5,0.0,134.5,139.4,132.65,138.6,552400,15.947879,5175150,21900.0,146.3,147.85,139.0,140.15,675950,18.878392,5214150,21900.0
2024-02-05 14:14:00 +0530,21901.8,21912.8,21901.15,21911.25,0.0,138.45,146.9,138.45,146.9,853250,16.472135,5175150,21900.0,140.0,140.0,130.2,130.2,689000,18.087698,5214150,21900.0
2024-02-05 14:15:00 +0530,21912.0,21913.85,21903.75,21904.85,0.0,146.95,147.6,140.4,144.05,454700,16.546203,5175150,21900.0,129.75,136.5,128.35,133.6,465450,18.140534,5214150,21900.0
2024-02-05 14:16:00 +0530,21905.55,21912.75,21905.4,21911.1,0.0,143.65,147.0,143.35,146.1,342100,16.386031,5219300,21900.0,133.65,133.8,129.25,130.55,260700,18.12654,5117500,21900.0
2024-02-05 14:17:00 +0530,21910.45,21912.9,21908.8,21912.45,0.0,145.55,148.6,144.8,146.1,345000,16.296573,5219300,21900.0,130.7,131.4,127.0,129.3,255900,18.049935,5117500,21900.0
2024-02-05 14:18:00 +0530,21912.05,21915.75,21910.2,21914.2,0.0,145.25,149.5,145.0,148.4,300750,16.468882,5219300,21900.0,130.4,130.8,125.7,127.35,280400,17.908183,5117500,21900.0
2024-02-05 14:19:00 +0530,21914.2,21915.65,21909.15,21910.45,0.0,147.9,149.95,146.0,146.0,319350,16.423881,5152450,21900.0,127.4,129.45,125.35,129.45,275250,17.955817,5094850,21900.0
2024-02-05 14:20:00 +0530,21909.8,21912.0,21905.45,21905.65,0.0,145.95,148.8,143.8,144.1,227800,16.509885,5152450,21900.0,129.15,131.9,127.1,131.45,312850,17.926964,5094850,21900.0
2024-02-05 14:21:00 +0530,21905.25,21905.35,21897.2,21897.85,0.0,143.25,143.95,138.6,139.0,426250,16.388079,5152450,21900.0,132.65,136.95,131.7,136.95,549700,18.154442,5094850,21900.0
2024-02-05 14:22:00 +0530,21897.65,21902.45,21897.25,21901.15,0.0,140.25,141.8,138.2,141.0,163700,16.423963,5055400,21900.0,135.7,137.7,133.7,135.1,370900,18.121705,5148650,21900.0
2024-02-05 14:23:00 +0530,21900.8,21901.3,21896.2,21898.0,0.0,141.35,141.65,137.15,137.9,182550,16.244465,5055400,21900.0,134.5,138.6,134.4,137.4,329900,18.223548,5148650,21900.0
2024-02-05 14:24:00 +0530,21896.8,21898.7,21889.75,21894.45,0.0,137.5,138.75,132.7,137.15,393700,16.384428,5055400,21900.0,137.8,143.9,136.65,139.25,561350,18.243321,5148650,21900.0
2024-02-05 14:25:00 +0530,21893.95,21897.2,21884.55,21885.9,0.0,137.7,138.0,131.0,133.0,286750,16.416459,5106300,21900.0,139.1,147.2,137.85,146.6,595150,18.644258,5126800,21900.0
2024-02-05 14:26:00 +0530,21885.05,21891.0,21881.95,21882.55,0.0,133.9,135.85,130.15,130.35,308100,16.298824,5106300,21900.0,144.15,148.65,141.55,147.7,480250,18.576545,5126800,21900.0
2024-02-05 14:27:00 +0530,21882.2,21883.15,21871.7,21877.2,0.0,130.9,131.8,125.35,128.45,566300,16.39864,5106300,21900.0,146.35,154.55,146.35,150.7,757650,18.620102,5126800,21900.0
2024-02-05 14:28:00 +0530,21875.9,21884.3,21875.9,21878.4,0.0,128.95,131.35,127.1,127.7,546600,16.231647,5359600,21900.0,149.15,152.6,145.8,152.05,544300,18.866769,5029650,21900.0
2024-02-05 14:29:00 +0530,21878.45,21890.8,21878.45,21889.3,0.0,128.85,133.55,128.85,133.4,519050,16.257559,5359600,21900.0,149.5,149.55,142.8,143.35,412300,18.45311,5029650,21900.0
2024-02-05 14:30:00 +0530,21889.05,21898.1,21888.75,21894.8,0.0,134.05,135.4,130.6,133.65,514550,15.935019,5359600,21900.0,143.1,147.0,140.85,143.3,438600,18.783885,5029650,21900.0
2024-02-05 14:31:00 +0530,21894.6,21896.75,21873.25,21873.25,0.0,160.75,162.15,149.85,150.0,149850,16.112433,1297600,21850.0,118.95,130.85,118.15,130.85,251750,18.934415,2236750,21850.0
2024-02-05 14:32:00 +0530,21871.75,21874.35,21858.0,21859.6,0.0,150.75,152.7,137.25,137.25,364050,15.44564,1297600,21850.0,130.15,140.15,128.25,138.75,815550,19.140603,2236750,21850.0
2024-02-05 14:33:00 +0530,21859.15,21863.95,21852.65,21856.9,0.0,137.8,141.45,134.35,136.05,287600,15.479216,1297600,21850.0,139.15,142.7,133.85,141.5,660500,19.329547,2236750,21850.0
2024-02-05 14:34:00 +0530,21856.45,21858.05,21848.75,21849.4,0.0,136.9,137.4,127.8,131.2,264450,15.371372,1398800,21850.0,140.7,149.5,140.35,146.95,764450,19.569729,2229800,21850.0
2024-02-05 14:35:00 +0530,21849.2,21857.8,21837.65,21839.5,0.0,131.8,134.15,121.3,123.9,442950,15.101587,1398800,21850.0,145.15,158.55,141.6,154.7,1066400,19.944629,2229800,21850.0
2024-02-05 14:36:00 +0530,21838.65,21843.2,21825.4,21827.95,0.0,124.45,126.6,118.25,119.35,387700,15.265448,1398800,21850.0,153.3,162.8,150.6,161.5,856300,20.083731,2229800,21850.0
2024-02-05 14:37:00 +0530,21828.4,21836.3,21820.85,21826.35,0.0,119.9,122.25,114.65,118.75,323500,15.291956,1576100,21850.0,160.15,166.0,155.55,159.0,568850,19.670063,2095800,21850.0
2024-02-05 14:38:00 +0530,21827.25,21836.75,21805.45,21805.45,0.0,144.4,145.65,127.15,127.15,526900,14.499852,1969600,21800.0,133.5,154.75,131.25,154.75,1472300,20.968781,4469450,21800.0
2024-02-05 14:39:00 +0530,21803.35,21818.25,21803.35,21811.2,0.0,131.15,137.75,130.55,131.95,541800,14.717236,1969600,21800.0,150.9,151.15,138.9,147.15,1311600,20.352367,4469450,21800.0
2024-02-05 14:40:00 +0530,21811.75,21819.15,21805.7,21807.55,0.0,131.75,134.0,126.35,129.7,565300,14.683922,2305400,21800.0,147.55,154.85,143.25,149.15,1101800,20.390767,4241750,21800.0
2024-02-05 14:41:00 +0530,21807.9,21818.35,21806.6,21809.15,0.0,131.3,134.0,128.35,130.1,478800,14.627339,2305400,21800.0,149.15,151.6,143.65,150.4,768100,20.646016,4241750,21800.0
2024-02-05 14:42:00 +0530,21808.7,21810.35,21780.2,21781.85,0.0,131.4,131.4,115.35,118.15,874500,14.917391,2305400,21800.0,148.75,174.0,148.55,171.0,2103250,21.584035,4241750,21800.0
2024-02-05 14:43:00 +0530,21782.45,21784.0,21763.35,21764.6,0.0,142.45,142.45,132.65,134.05,323550,14.793308,581250,21750.0,142.5,159.95,142.5,155.15,983300,21.620605,1700500,21750.0
2024-02-05 14:44:00 +0530,21763.2,21789.9,21761.3,21776.6,0.0,110.6,121.25,109.1,113.8,1031100,14.702866,2732250,21800.0,183.05,188.2,161.2,174.65,1482850,21.718856,4058600,21800.0
2024-02-05 14:45:00 +0530,21774.7,21775.0,21731.3,21731.3,0.0,136.6,136.6,119.25,119.75,459500,15.197725,581250,21750.0,147.25,181.15,147.25,181.15,1401550,22.887891,1700500,21750.0
2024-02-05 14:46:00 +0530,21732.45,21751.6,21731.7,21745.35,0.0,120.45,127.65,118.85,124.25,416750,14.859919,799550,21750.0,178.8,182.2,164.95,172.05,725600,22.61016,1651450,21750.0
2024-02-05 14:47:00 +0530,21744.9,21774.2,21741.95,21774.15,0.0,122.9,137.55,122.6,137.05,487200,14.509133,799550,21750.0,174.2,175.45,147.3,147.3,554350,21.191686,1651450,21750.0
2024-02-05 14:48:00 +0530,21774.75,21787.9,21764.8,21765.6,0.0,137.15,145.5,129.5,129.5,566500,14.153816,799550,21750.0,147.05,156.9,138.25,156.8,538300,21.90019,1651450,21750.0
2024-02-05 14:49:00 +0530,21762.75,21778.4,21762.15,21775.5,0.0,107.4,117.05,107.4,115.8,497900,15.03412,3598450,21800.0,186.4,186.65,174.55,178.6,478550,22.159439,3547400,21800.0
2024-02-05 14:50:00 +0530,21775.2,21790.8,21763.55,21764.4,0.0,139.55,146.05,132.55,132.8,417000,14.661934,949050,21750.0,150.25,161.35,140.5,161.25,505800,22.398505,1691250,21750.0
2024-02-05 14:51:00 +0530,21764.85,21769.55,21758.75,21763.05,0.0,134.4,138.1,131.95,133.6,261250,14.859583,949050,21750.0,159.5,165.9,154.55,163.7,460500,22.631618,1691250,21750.0
2024-02-05 14:52:00 +0530,21761.8,21775.0,21761.8,21769.05,0.0,133.35,141.7,133.35,136.2,281300,14.773211,999250,21750.0,163.55,163.55,148.25,156.55,348250,22.080646,1737250,21750.0
2024-02-05 14:53:00 +0530,21766.0,21777.1,21761.55,21769.35,0.0,136.1,142.55,133.45,137.05,241250,14.862482,999250,21750.0,156.35,161.35,148.75,154.5,313050,21.840091,1737250,21750.0
2024-02-05 14:54:00 +0530,21769.1,21781.0,21768.7,21775.35,0.0,113.45,120.05,113.45,117.25,448400,15.236767,3699450,21800.0,181.75,184.45,171.25,176.9,315000,21.946335,3452850,21800.0
2024-02-05 14:55:00 +0530,21774.9,21775.85,21749.3,21749.65,0.0,140.4,143.75,131.05,131.9,297450,15.562622,1018600,21750.0,148.0,162.7,144.9,162.3,471600,21.657953,1839600,21750.0
2024-02-05 14:56:00 +0530,21747.9,21753.65,21738.1,21742.65,0.0,134.0,134.9,124.2,128.0,328700,15.532748,1018600,21750.0,159.65,172.8,158.8,167.15,551350,21.846465,1839600,21750.0
2024-02-05 14:57:00 +0530,21742.85,21748.15,21739.2,21742.4,0.0,128.2,132.6,127.9,128.9,271850,15.66528,1018600,21750.0,166.9,167.75,158.5,165.45,413750,21.61782,1839600,21750.0
2024-02-05 14:58:00 +0530,21741.5,21747.45,21730.15,21733.3,0.0,129.2,131.0,123.6,126.7,262550,15.977197,1091050,21750.0,164.45,173.4,161.6,168.0,408400,21.377346,1839600,21750.0
2024-02-05 14:59:00 +0530,21731.9,21741.85,21731.9,21736.1,0.0,126.9,129.45,124.55,125.9,228300,15.698153,1091050,21750.0,168.0,170.9,161.75,169.0,281250,21.681511,1826750,21750.0
2024-02-05 15:00:00 +0530,21731.35,21767.55,21727.5,21744.35,0.0,125.45,135.1,123.5,127.0,521100,15.302449,1091050,21750.0,170.85,171.65,151.9,168.9,593900,22.18203,1826750,21750.0
2024-02-05 15:01:00 +0530,21741.7,21756.3,21736.0,21755.25,0.0,125.15,132.95,124.45,131.1,385400,15.096564,1193350,21750.0,168.9,171.2,158.3,161.05,349750,21.851779,1826750,21750.0
2024-02-05 15:02:00 +0530,21754.65,21755.35,21743.65,21750.1,0.0,129.85,130.85,124.6,129.55,240600,15.248575,1193350,21750.0,161.8,168.25,160.85,161.5,238100,21.59946,1834050,21750.0
2024-02-05 15:03:00 +0530,21750.95,21768.5,21749.0,21768.5,0.0,128.5,135.2,128.5,134.75,267950,14.648693,1193350,21750.0,163.35,163.35,150.4,150.4,287300,21.291279,1834050,21750.0
2024-02-05 15:04:00 +0530,21769.25,21784.35,21768.35,21784.0,0.0,111.05,118.6,111.05,118.6,740750,14.880657,4126600,21800.0,178.65,179.6,167.4,167.4,418600,21.311922,3528750,21800.0
2024-02-05 15:05:00 +0530,21783.2,21794.45,21772.1,21794.45,0.0,118.55,123.75,113.35,123.25,1023400,14.793274,4126600,21800.0,169.3,176.75,160.1,161.45,535050,21.20817,3488950,21800.0
2024-02-05 15:06:00 +0530,21793.9,21795.7,21775.05,21777.05,0.0,122.05,125.15,112.75,115.25,1144800,14.901064,4126600,21800.0,161.5,172.25,157.35,170.6,576050,21.283666,3488950,21800.0
2024-02-05 15:07:00 +0530,21777.8,21796.75,21774.05,21788.4,0.0,115.15,124.0,113.55,120.9,734650,14.894569,3958050,21800.0,171.6,174.3,158.75,163.65,401000,21.117896,3488950,21800.0
2024-02-05 15:08:00 +0530,21788.85,21804.45,21787.05,21804.2,0.0,119.75,126.6,119.3,124.85,700150,14.351034,3958050,21800.0,162.8,165.15,150.8,151.85,411850,20.590827,3488350,21800.0
2024-02-05 15:09:00 +0530,21804.3,21815.75,21804.0,21812.2,0.0,125.75,132.15,125.75,128.7,1071150,14.293867,3958050,21800.0,152.6,153.6,145.8,153.6,566550,21.292738,3488350,21800.0
2024-02-05 15:10:00 +0530,21809.7,21815.95,21806.1,21806.35,0.0,127.95,134.3,127.25,127.8,737050,14.583463,3803850,21800.0,154.15,156.3,147.35,156.25,485800,21.282048,3488350,21800.0
2024-02-05 15:11:00 +0530,21805.1,21805.55,21790.4,21792.45,0.0,127.95,127.95,117.0,119.45,755350,14.454954,3803850,21800.0,155.95,168.6,155.85,167.55,670850,21.871018,3549650,21800.0
2024-02-05 15:12:00 +0530,21792.8,21793.4,21782.75,21785.15,0.0,119.55,121.85,116.2,118.05,459100,14.753068,3803850,21800.0,166.75,173.95,164.2,172.0,511250,21.984062,3549650,21800.0
2024-02-05 15:13:00 +0530,21785.4,21785.4,21776.35,21781.2,0.0,117.1,117.7,113.7,115.85,454850,14.728655,3740350,21800.0,174.15,178.0,171.35,174.5,498850,22.055371,3549650,21800.0
2024-02-05 15:14:00 +0530,21780.6,21780.6,21771.3,21771.5,0.0,138.7,138.7,132.7,134.45,199000,14.418886,952450,21750.0,148.95,155.5,147.25,153.1,394850,21.83555,1888150,21750.0
2024-02-05 15:15:00 +0530,21771.85,21773.05,21767.15,21767.25,0.0,134.85,135.15,130.95,132.55,198000,14.479333,952450,21750.0,152.5,159.3,152.5,157.2,506050,22.110071,1888150,21750.0
2024-02-05 15:16:00 +0530,21768.2,21770.1,21763.9,21769.75,0.0,131.65,136.7,130.0,136.55,190900,14.816228,952450,21750.0,159.0,159.9,150.3,150.55,292100,21.41253,1888150,21750.0
2024-02-05 15:17:00 +0530,21770.85,21774.05,21769.65,21774.0,0.0,137.0,139.3,135.9,137.35,150900,14.617382,1042550,21750.0,148.9,150.4,144.7,148.05,236750,21.344513,1885250,21750.0
2024-02-05 15:18:00 +0530,21774.2,21776.3,21763.8,21766.35,0.0,137.1,138.75,129.75,134.3,159600,14.772338,1042550,21750.0,147.3,155.85,144.15,150.6,260250,21.223157,1885250,21750.0
2024-02-05 15:19:00 +0530,21766.45,21766.45,21756.95,21758.65,0.0,132.2,134.25,130.2,133.95,174300,15.26396,1042550,21750.0,154.15,157.0,150.6,150.6,281000,20.767538,1885250,21750.0
2024-02-05 15:20:00 +0530,21759.25,21766.15,21752.05,21755.1,0.0,135.0,135.45,131.1,133.45,145050,15.444484,1058500,21750.0,151.4,156.65,151.0,154.65,212200,21.071679,1848400,21750.0
2024-02-05 15:21:00 +0530,21755.0,21760.2,21753.8,21759.8,0.0,133.3,134.45,130.25,133.95,105000,15.189037,1058500,21750.0,155.0,157.0,151.55,151.65,199600,20.974291,1848400,21750.0
2024-02-05 15:22:00 +0530,21760.55,21765.6,21759.7,21764.6,0.0,134.45,134.95,132.65,134.2,116600,14.890141,1058500,21750.0,151.55,151.55,148.25,150.2,198550,21.07746,1848400,21750.0
2024-02-05 15:23:00 +0530,21765.1,21765.65,21763.35,21764.5,0.0,133.35,135.3,132.95,134.05,100100,14.879963,1062950,21750.0,151.3,151.5,147.0,147.95,142650,20.787014,1797150,21750.0
2024-02-05 15:24:00 +0530,21764.65,21764.65,21757.7,21761.9,0.0,134.1,134.2,131.15,133.85,146400,15.037331,1062950,21750.0,148.7,150.95,147.85,149.0,114700,20.768569,1797150,21750.0
2024-02-05 15:25:00 +0530,21762.6,21767.55,21760.75,21767.55,0.0,134.3,134.7,131.9,134.35,130400,14.708195,1062950,21750.0,148.65,150.65,146.3,147.35,167850,20.895011,1797150,21750.0
2024-02-05 15:26:00 +0530,21765.65,21765.75,21762.35,21763.9,0.0,134.3,134.8,133.05,133.35,76700,14.838394,1034050,21750.0,147.8,150.6,147.8,149.6,131750,20.968216,1788300,21750.0
2024-02-05 15:27:00 +0530,21764.1,21767.75,21762.9,21767.5,0.0,133.4,135.15,133.4,134.4,142200,14.722105,1034050,21750.0,149.35,151.9,148.1,150.55,166650,21.304542,1788300,21750.0
2024-02-05 15:28:00 +0530,21767.05,21767.75,21760.2,21760.2,0.0,134.4,134.9,130.8,130.8,122900,14.773506,1034050,21750.0,150.95,152.0,149.3,152.0,173600,21.058025,1788300,21750.0
2024-02-05 15:29:00 +0530,21762.05,21765.45,21756.6,21761.3,0.0,131.05,133.0,130.8,133.0,203000,14.980427,1051100,21750.0,151.9,154.0,150.35,153.4,271700,21.304337,1749000,21750.0
2024-02-05 15:30:00 +0530,21759.1,21759.1,21759.1,21759.1,0.0,153.0,153.0,153.0,153.0,100,21.123971,1749000,21750.0
2024-02-06 09:15:00 +0530,21825.2,21831.05,21782.3,21798.2,0.0,119.95,131.0,119.95,127.85,1321450,17.819269,3435400,21800.0,180.15,180.15,140.0,149.25,909000,22.659685,2833200,21800.0
2024-02-06 09:16:00 +0530,21799.1,21802.7,21784.55,21790.75,0.0,128.65,129.9,121.25,122.2,951300,17.555203,3672700,21800.0,146.5,155.5,140.55,153.55,906750,22.759731,3221650,21800.0
2024-02-06 09:17:00 +0530,21788.85,21788.85,21769.75,21770.65,0.0,147.75,147.75,141.6,141.6,230400,18.132883,1042550,21750.0,129.3,138.55,127.75,138.35,429800,22.674519,1822250,21750.0
2024-02-06 09:18:00 +0530,21769.4,21770.45,21747.15,21756.0,0.0,140.85,142.3,133.55,139.5,350400,18.983186,1042550,21750.0,139.25,146.0,135.15,141.65,652200,22.15388,1822250,21750.0
2024-02-06 09:19:00 +0530,21759.75,21776.45,21755.95,21771.45,0.0,140.35,146.45,139.55,143.85,369250,18.406312,1182100,21750.0,139.6,140.15,131.7,135.7,381500,22.345318,1904800,21750.0
2024-02-06 09:20:00 +0530,21771.45,21771.45,21748.6,21748.6,0.0,142.3,142.3,130.0,131.75,479400,18.419673,1182100,21750.0,137.55,150.55,137.05,150.05,675800,22.8713,1904800,21750.0
2024-02-06 09:21:00 +0530,21749.5,21754.05,21744.4,21748.6,0.0,133.15,134.25,129.4,131.1,296550,18.327434,1182100,21750.0,147.65,153.65,146.75,150.95,493100,23.006559,1904800,21750.0
2024-02-06 09:22:00 +0530,21746.45,21772.0,21738.5,21770.85,0.0,130.4,141.2,127.15,141.1,402150,18.058615,1397300,21750.0,151.65,157.5,138.3,138.75,660450,22.762981,2061500,21750.0
2024-02-06 09:23:00 +0530,21771.8,21796.7,21771.8,21792.25,0.0,117.55,125.6,117.55,122.9,1194600,17.566883,4372650,21800.0,162.6,163.35,153.5,157.4,676800,23.4536,3484400,21800.0
2024-02-06 09:24:00 +0530,21788.55,21797.85,21776.5,21797.85,0.0,121.45,126.75,118.35,126.3,756250,17.646268,4372650,21800.0,158.4,163.15,154.0,154.0,494000,23.359108,3484400,21800.0
2024-02-06 09:25:00 +0530,21798.85,21808.6,21789.7,21806.4,0.0,125.85,130.05,124.15,129.4,1166250,17.447702,4504400,21800.0,153.7,156.65,147.0,148.0,615800,23.085566,3644800,21800.0
2024-02-06 09:26:00 +0530,21807.5,21809.75,21792.9,21803.9,0.0,129.3,131.4,122.45,128.0,950450,17.438812,4504400,21800.0,147.9,155.6,146.05,149.8,639100,23.177624,3644800,21800.0
2024-02-06 09:27:00 +0530,21804.45,21809.6,21794.9,21808.1,0.0,127.6,129.25,123.05,129.15,657650,17.284681,4504400,21800.0,150.0,155.85,148.35,148.6,360350,23.298594,3644800,21800.0
2024-02-06 09:28:00 +0530,21808.75,21813.65,21790.5,21794.65,0.0,128.55,133.7,124.35,124.95,1004350,17.702321,4779700,21800.0,149.1,152.6,143.65,151.15,552500,22.72662,3896050,21800.0
2024-02-06 09:29:00 +0530,21794.9,21794.9,21787.9,21793.1,0.0,126.3,128.7,123.3,127.65,522650,18.217376,4779700,21800.0,150.4,153.75,148.0,150.05,448900,22.457608,3896050,21800.0
2024-02-06 09:30:00 +0530,21792.9,21800.2,21789.6,21799.05,0.0,127.25,129.2,124.2,128.0,441350,17.82251,4779700,21800.0,151.2,153.15,147.15,148.05,394450,22.592012,3896050,21800.0
2024-02-06 09:31:00 +0530,21798.8,21808.05,21797.95,21807.0,0.0,128.35,133.0,127.4,129.85,723350,17.485187,4838000,21800.0,148.45,149.9,144.1,147.75,393150,23.110404,4030100,21800.0
2024-02-06 09:32:00 +0530,21805.95,21823.15,21804.3,21822.55,0.0,129.35,140.2,129.35,138.3,1542250,17.495427,4838000,21800.0,147.45,148.2,137.4,140.4,722700,23.102937,4030100,21800.0
2024-02-06 09:33:00 +0530,21821.7,21831.3,21814.3,21814.3,0.0,136.7,144.95,135.15,135.25,1273550,17.711357,4838000,21800.0,141.8,144.0,134.1,144.0,726450,23.072374,4030100,21800.0
2024-02-06 09:34:00 +0530,21814.1,21824.5,21809.45,21824.5,0.0,135.3,138.7,131.5,138.4,782550,17.357344,4769250,21800.0,143.6,146.3,139.6,140.25,490400,23.219214,4291400,21800.0
2024-02-06 09:35:00 +0530,21822.4,21826.75,21816.45,21816.85,0.0,138.3,141.4,134.5,135.45,846400,17.543791,4769250,21800.0,139.3,144.95,137.45,143.9,448950,23.239313,4291400,21800.0
2024-02-06 09:36:00 +0530,21816.75,21827.75,21814.45,21819.95,0.0,135.2,140.05,133.3,136.15,561250,17.400926,4769250,21800.0,143.9,146.0,139.75,143.8,286000,23.439693,4291400,21800.0
2024-02-06 09:37:00 +0530,21819.7,21831.1,21819.7,21827.85,0.0,113.4,119.7,113.4,119.15,426650,18.073418,2073700,21850.0,171.0,171.0,162.65,163.35,105400,23.270046,1215500,21850.0
2024-02-06 09:38:00 +0530,21828.45,21846.3,21827.7,21845.0,0.0,119.5,127.2,119.5,126.0,926550,17.817309,2073700,21850.0,162.7,162.75,155.85,155.85,284800,23.421931,1215500,21850.0
2024-02-06 09:39:00 +0530,21843.7,21851.3,21840.0,21845.85,0.0,127.6,130.0,121.65,126.8,741650,17.873506,2073700,21850.0,154.65,159.05,152.7,154.25,272600,23.251656,1215500,21850.0
2024-02-06 09:40:00 +0530,21845.1,21847.7,21831.9,21831.9,0.0,126.1,128.55,119.7,119.9,530250,17.899398,2117750,21850.0,155.6,160.6,152.45,160.6,234050,23.175549,1413500,21850.0
2024-02-06 09:41:00 +0530,21829.95,21835.75,21817.05,21835.75,0.0,118.65,121.4,113.95,121.25,462600,17.818699,2117750,21850.0,161.45,165.15,158.4,158.4,289900,23.138071,1413500,21850.0
2024-02-06 09:42:00 +0530,21835.15,21841.3,21829.45,21829.95,0.0,121.2,124.3,118.0,118.5,396900,17.841957,2117750,21850.0,157.55,162.15,155.15,161.75,121400,23.20716,1413500,21850.0
2024-02-06 09:43:00 +0530,21831.1,21831.9,21824.1,21828.55,0.0,118.95,120.85,115.05,117.15,299000,17.748346,2289000,21850.0,163.75,165.0,158.8,162.55,140400,23.224332,1440500,21850.0
2024-02-06 09:44:00 +0530,21828.55,21837.1,21827.7,21836.45,0.0,117.3,123.3,116.4,123.1,245350,18.047457,2289000,21850.0,162.45,164.0,156.2,156.2,89750,22.876509,1440500,21850.0
2024-02-06 09:45:00 +0530,21836.4,21848.2,21835.5,21846.8,0.0,122.75,128.05,121.25,128.05,481500,18.003442,2289000,21850.0,155.75,158.95,151.9,151.9,217400,22.994798,1440500,21850.0
2024-02-06 09:46:00 +0530,21847.35,21848.3,21835.3,21837.1,0.0,126.75,128.0,119.8,120.0,405300,17.551371,2335500,21850.0,153.8,160.15,152.55,160.15,138550,23.509224,1511200,21850.0
2024-02-06 09:47:00 +0530,21837.7,21844.0,21832.15,21842.45,0.0,120.0,125.35,118.1,124.5,298200,17.81649,2335500,21850.0,159.95,162.55,154.9,155.2,146800,23.173723,1511200,21850.0
2024-02-06 09:48:00 +0530,21843.6,21850.45,21842.75,21849.1,0.0,125.45,126.75,121.25,123.95,279350,17.236679,2335500,21850.0,155.2,159.4,153.5,156.1,92450,23.784076,1511200,21850.0
2024-02-06 09:49:00 +0530,21847.55,21865.35,21847.55,21865.35,0.0,124.15,135.0,124.15,131.8,905600,17.126088,2384550,21850.0,156.75,156.75,146.25,147.8,332650,23.704678,1540350,21850.0
2024-02-06 09:50:00 +0530,21862.2,21865.25,21859.3,21864.9,0.0,130.8,135.6,129.65,132.7,763400,17.297469,2384550,21850.0,148.75,149.9,145.05,146.4,274250,23.471405,1540350,21850.0
2024-02-06 09:51:00 +0530,21864.4,21869.65,21861.25,21861.25,0.0,132.85,136.0,130.95,130.95,682050,17.332089,2384550,21850.0,146.95,149.0,143.6,148.9,237900,23.589947,1540350,21850.0
2024-02-06 09:52:00 +0530,21862.6,21863.6,21852.4,21863.6,0.0,130.8,131.4,125.9,131.4,503250,17.215433,2378450,21850.0,148.65,151.8,147.0,147.2,246400,23.506098,1681550,21850.0
2024-02-06 09:53:00 +0530,21863.95,21864.1,21849.65,21850.35,0.0,132.0,132.0,124.6,126.15,364300,17.479165,2378450,21850.0,147.15,154.05,146.7,152.6,209000,23.37605,1681550,21850.0
2024-02-06 09:54:00 +0530,21849.85,21855.5,21846.3,21854.75,0.0,125.9,128.4,122.85,127.45,346350,17.334431,2378450,21850.0,153.1,155.55,150.6,151.35,217500,23.506266,1681550,21850.0
2024-02-06 09:55:00 +0530,21854.15,21854.15,21837.3,21845.5,0.0,127.8,127.8,117.55,123.15,547650,17.413485,2484350,21850.0,151.5,159.1,151.5,153.8,396800,23.21353,1726200,21850.0
2024-02-06 09:56:00 +0530,21846.45,21853.5,21844.8,21849.15,0.0,123.2,127.45,122.6,124.25,313350,17.300878,2484350,21850.0,153.85,154.85,149.1,152.6,149700,23.300911,1726200,21850.0
2024-02-06 09:57:00 +0530,21848.2,21854.5,21841.5,21853.35,0.0,123.1,127.75,120.65,127.7,307400,17.4885,2484350,21850.0,154.3,155.35,147.45,147.45,155850,22.844926,1726200,21850.0
2024-02-06 09:58:00 +0530,21854.15,21868.45,21853.7,21862.4,0.0,127.9,133.8,127.6,131.45,589000,17.335999,2483300,21850.0,147.5,148.15,140.3,143.5,297700,22.899155,1719300,21850.0
2024-02-06 09:59:00 +0530,21862.35,21867.2,21855.75,21857.5,0.0,129.75,132.95,127.7,129.2,389300,17.393006,2483300,21850.0,144.55,146.75,141.7,144.4,165300,22.694238,1719300,21850.0
2024-02-06 10:00:00 +0530,21857.05,21863.3,21857.05,21862.4,0.0,128.4,132.8,128.4,130.2,264450,17.157845,2483300,21850.0,144.7,145.7,141.95,144.3,149750,23.023401,1719300,21850.0
2024-02-06 10:01:00 +0530,21862.4,21866.95,21861.3,21866.95,0.0,130.8,132.4,128.45,132.4,213050,17.122412,2541350,21850.0,143.7,146.0,142.25,142.4,129400,23.06049,1827400,21850.0
2024-02-06 10:02:00 +0530,21866.8,21872.35,21862.4,21871.75,0.0,132.3,137.75,130.35,136.5,481250,17.343313,2541350,21850.0,142.55,143.95,136.75,137.45,278250,22.661954,1827400,21850.0
2024-02-06 10:03:00 +0530,21872.75,21876.85,21870.35,21872.3,0.0,136.7,139.95,135.7,137.7,737050,17.479072,2541350,21850.0,138.0,138.0,133.85,136.6,375500,22.57717,1827400,21850.0
2024-02-06 10:04:00 +0530,21871.1,21874.95,21870.25,21872.0,0.0,137.6,139.5,136.1,137.85,356000,17.52872,2464550,21850.0,135.9,137.6,133.8,135.9,259950,22.456819,1917100,21850.0
2024-02-06 10:05:00 +0530,21872.3,21872.3,21854.5,21858.65,0.0,136.7,138.05,130.4,131.35,497500,17.637924,2464550,21850.0,137.7,140.25,135.0,139.65,257800,22.094925,1917100,21850.0
2024-02-06 10:06:00 +0530,21857.85,21862.2,21852.65,21859.95,0.0,131.3,135.75,129.75,132.9,307950,17.767381,2464550,21850.0,139.6,140.95,136.05,139.5,196700,22.166458,1917100,21850.0
2024-02-06 10:07:00 +0530,21860.15,21862.45,21852.6,21853.85,0.0,132.2,135.1,130.05,130.85,248950,17.944057,2436850,21850.0,138.25,142.7,136.9,141.6,158000,22.052062,1959400,21850.0
2024-02-06 10:08:00 +0530,21853.15,21854.55,21849.0,21854.25,0.0,131.1,131.55,125.85,129.6,398900,17.732156,2436850,21850.0,140.55,144.6,140.55,141.3,272700,22.039206,1959400,21850.0
2024-02-06 10:09:00 +0530,21853.45,21857.9,21851.0,21854.1,0.0,131.0,131.0,127.0,129.35,190150,17.71004,2436850,21850.0,141.25,144.4,139.95,141.85,178750,22.112755,1959400,21850.0
2024-02-06 10:10:00 +0530,21854.2,21861.1,21853.9,21860.6,0.0,129.35,132.5,128.45,132.05,237350,17.603227,2491250,21850.0,143.2,143.2,138.6,139.0,129000,22.150641,1979650,21850.0
2024-02-06 10:11:00 +0530,21861.0,21866.9,21860.2,21866.55,0.0,132.05,134.75,131.7,134.25,316000,17.458016,2491250,21850.0,139.2,139.2,135.25,136.0,146300,22.122215,1979650,21850.0
2024-02-06 10:12:00 +0530,21865.65,21866.65,21859.95,21862.4,0.0,133.9,133.9,128.6,131.75,216450,17.42276,2491250,21850.0,136.6,142.2,136.6,139.4,155300,22.340766,1979650,21850.0
2024-02-06 10:13:00 +0530,21863.75,21870.3,21863.1,21864.5,0.0,132.0,134.65,131.4,133.1,203700,17.458166,2495100,21850.0,138.4,139.25,135.2,137.7,120500,22.238357,2003750,21850.0
2024-02-06 10:14:00 +0530,21864.9,21865.6,21853.45,21853.6,0.0,132.7,133.35,128.7,129.0,184450,17.712612,2495100,21850.0,137.6,141.7,137.4,141.0,118400,21.968115,2003750,21850.0
2024-02-06 10:15:00 +0530,21854.75,21855.9,21849.55,21855.25,0.0,130.0,130.0,125.6,127.45,371750,17.359139,2495100,21850.0,140.05,144.5,140.05,143.3,294900,22.426306,2003750,21850.0
2024-02-06 10:16:00 +0530,21854.65,21863.95,21854.15,21856.25,0.0,128.45,132.0,125.85,127.55,258550,17.29899,2502650,21850.0,143.0,145.1,138.4,143.55,272550,22.536617,2059650,21850.0
2024-02-06 10:17:00 +0530,21856.55,21862.3,21852.55,21859.35,0.0,127.85,130.15,125.85,129.85,185000,17.398472,2502650,21850.0,143.0,145.4,140.1,140.4,190200,22.292303,2059650,21850.0
2024-02-06 10:18:00 +0530,21860.8,21863.25,21854.65,21854.9,0.0,129.8,132.25,127.45,127.45,189650,17.395486,2502650,21850.0,140.5,142.85,138.0,142.85,137050,22.344989,2059650,21850.0
2024-02-06 10:19:00 +0530,21853.85,21853.85,21842.55,21846.0,0.0,126.7,126.7,122.0,125.5,422750,17.794702,2517650,21850.0,144.5,148.65,143.85,145.5,384050,22.106385,2079550,21850.0
2024-02-06 10:20:00 +0530,21845.85,21855.2,21845.45,21853.5,0.0,125.2,128.65,124.2,127.85,219700,17.569268,2517650,21850.0,145.8,147.05,141.7,142.6,214450,22.215827,2079550,21850.0
2024-02-06 10:21:00 +0530,21853.45,21856.1,21851.5,21853.0,0.0,127.75,130.5,127.0,129.65,250400,17.876603,2517650,21850.0,142.6,142.65,138.6,139.15,196000,21.674956,2079550,21850.0
2024-02-06 10:22:00 +0530,21853.05,21857.1,21851.75,21854.9,0.0,129.9,132.15,128.35,129.35,211050,17.688126,2511900,21850.0,139.0,141.2,136.6,140.5,146150,22.011177,2102350,21850.0
2024-02-06 10:23:00 +0530,21853.75,21856.5,21849.65,21849.65,0.0,129.1,132.0,127.8,127.95,176400,17.889969,2511900,21850.0,140.5,141.0,137.05,140.7,126650,21.672173,2102350,21850.0
2024-02-06 10:24:00 +0530,21850.05,21851.05,21842.8,21842.8,0.0,127.9,129.0,123.4,123.6,269400,17.772038,2511900,21850.0,140.95,145.7,139.75,145.7,224600,21.921239,2102350,21850.0
2024-02-06 10:25:00 +0530,21843.9,21843.9,21830.7,21832.75,0.0,122.75,122.9,111.25,115.15,800550,17.276053,2499450,21850.0,145.95,156.65,145.95,152.2,759250,22.14857,2121000,21850.0
2024-02-06 10:26:00 +0530,21832.45,21835.9,21824.35,21831.8,0.0,114.2,117.6,109.4,115.25,534100,17.363414,2499450,21850.0,153.65,157.8,149.45,151.9,586650,22.037224,2121000,21850.0
2024-02-06 10:27:00 +0530,21833.0,21833.45,21825.9,21827.45,0.0,115.2,115.2,110.55,110.85,246650,17.033522,2499450,21850.0,151.95,157.7,151.95,156.65,264600,22.417723,2121000,21850.0
2024-02-06 10:28:00 +0530,21827.05,21828.8,21821.45,21821.55,0.0,136.05,136.15,129.15,129.8,483050,16.484331,3897050,21800.0,130.95,135.3,130.5,134.35,746300,22.323339,6084700,21800.0
2024-02-06 10:29:00 +0530,21822.0,21825.85,21811.55,21812.6,0.0,130.55,132.55,127.15,127.6,507950,16.885537,3897050,21800.0,134.35,137.15,131.9,137.15,874350,22.125209,6084700,21800.0
2024-02-06 10:30:00 +0530,21811.15,21814.5,21786.6,21794.55,0.0,128.15,129.35,118.15,123.85,1107400,17.738216,3897050,21800.0,136.5,148.9,134.5,141.05,2264350,21.426999,6084700,21800.0
2024-02-06 10:31:00 +0530,21795.65,21813.25,21793.65,21808.6,0.0,124.55,130.6,123.55,126.25,881950,17.009072,4060550,21800.0,140.55,141.6,133.45,138.0,1003900,21.978246,5782500,21800.0
2024-02-06 10:32:00 +0530,21806.6,21806.6,21777.7,21778.3,0.0,125.3,125.7,116.05,117.35,774650,17.990353,4060550,21800.0,138.5,151.7,138.5,149.4,1430000,21.473385,5782500,21800.0
2024-02-06 10:33:00 +0530,21779.85,21790.2,21776.0,21789.3,0.0,116.4,120.7,113.9,120.7,719600,17.677225,4060550,21800.0,149.85,151.6,143.05,143.15,1028550,21.365444,5782500,21800.0
2024-02-06 10:34:00 +0530,21790.3,21793.7,21781.5,21793.55,0.0,121.2,122.0,116.5,121.6,432750,17.493409,4199250,21800.0,142.6,150.0,142.05,143.6,518250,21.744369,5669450,21800.0
2024-02-06 10:35:00 +0530,21793.6,21802.3,21786.25,21801.35,0.0,120.85,125.55,117.7,124.4,543600,17.313851,4199250,21800.0,143.55,149.5,138.45,140.85,727550,21.900634,5669450,21800.0
2024-02-06 10:36:00 +0530,21801.7,21804.5,21799.25,21802.55,0.0,124.6,127.0,122.25,126.8,491300,17.579549,4199250,21800.0,140.55,144.0,138.4,138.7,385650,21.670676,5669450,21800.0
2024-02-06 10:37:00 +0530,21802.35,21806.65,21793.5,21806.1,0.0,126.4,128.55,122.1,127.55,527150,17.416843,4241650,21800.0,138.45,143.75,134.95,136.35,760400,21.576805,5669900,21800.0
2024-02-06 10:38:00 +0530,21804.75,21811.2,21802.5,21811.2,0.0,127.65,130.5,126.4,130.1,450400,17.395557,4241650,21800.0,137.9,137.9,132.15,132.15,397650,21.314599,5669900,21800.0
2024-02-06 10:39:00 +0530,21811.15,21815.45,21806.8,21806.8,0.0,130.25,133.45,126.8,127.7,620550,17.390267,4241650,21800.0,132.3,136.4,129.35,136.4,523550,21.639762,5669900,21800.0
2024-02-06 10:40:00 +0530,21806.3,21814.4,21806.3,21812.6,0.0,126.9,132.4,126.9,131.35,427150,17.475834,4216800,21800.0,135.85,136.85,131.2,132.8,387200,21.514695,5656450,21800.0
2024-02-06 10:41:00 +0530,21813.3,21813.3,21802.6,21804.65,0.0,130.8,130.85,124.3,126.15,365500,17.334923,4216800,21800.0,133.4,140.0,133.2,138.4,399350,21.790778,5656450,21800.0
2024-02-06 10:42:00 +0530,21804.85,21809.55,21800.35,21809.55,0.0,125.2,127.45,122.65,127.45,268900,17.145162,4216800,21800.0,138.7,142.8,137.1,137.1,474050,21.946221,5656450,21800.0
2024-02-06 10:43:00 +0530,21809.55,21818.1,21808.6,21816.0,0.0,127.2,132.0,126.15,130.55,456800,17.092893,4260650,21800.0,136.95,138.75,131.7,132.2,401250,21.670616,5757650,21800.0
2024-02-06 10:44:00 +0530,21815.8,21824.4,21813.9,21823.3,0.0,130.25,133.9,128.85,133.75,471700,16.976711,4260650,21800.0,132.8,134.75,127.5,127.5,478550,21.475121,5757650,21800.0
2024-02-06 10:45:00 +0530,21824.75,21829.55,21824.75,21826.95,0.0,109.0,113.6,109.0,111.55,681350,17.22711,2501650,21850.0,154.4,154.4,147.25,151.65,277750,21.698126,1473900,21850.0
2024-02-06 10:46:00 +0530,21827.5,21829.5,21823.55,21826.4,0.0,110.2,112.6,108.05,110.65,347550,17.136663,2490650,21850.0,152.45,154.95,149.6,152.3,150700,21.756131,1511900,21850.0
2024-02-06 10:47:00 +0530,21826.95,21826.95,21814.5,21816.1,0.0,133.9,134.9,129.5,133.2,389300,17.491673,4259950,21800.0,128.15,131.0,126.9,128.15,435400,21.087827,5799600,21800.0
2024-02-06 10:48:00 +0530,21816.35,21820.8,21813.7,21819.0,0.0,133.45,135.6,131.65,133.45,212900,17.296822,4259950,21800.0,127.85,130.35,125.6,127.9,293900,21.253277,5799600,21800.0
2024-02-06 10:49:00 +0530,21819.5,21822.1,21811.4,21811.65,0.0,133.45,135.85,130.4,131.15,228550,17.549751,4274750,21800.0,127.95,130.75,125.25,128.75,243200,20.874474,6006950,21800.0
2024-02-06 10:50:00 +0530,21817.7,21822.15,21816.25,21820.55,0.0,132.6,135.85,132.6,135.65,235750,17.50467,4274750,21800.0,128.25,128.65,125.25,125.4,262600,20.99335,6006950,21800.0
2024-02-06 10:51:00 +0530,21821.15,21825.9,21818.85,21825.9,0.0,111.1,112.7,109.6,112.65,186850,17.484282,2479650,21850.0,151.05,152.1,146.35,146.65,142150,20.896911,1567750,21850.0
2024-02-06 10:52:00 +0530,21826.45,21831.9,21821.25,21822.55,0.0,138.2,140.15,136.0,137.25,426300,17.585791,4298950,21800.0,121.6,123.5,119.35,122.9,400400,20.763262,6060650,21800.0
2024-02-06 10:53:00 +0530,21822.8,21829.9,21821.95,21829.9,0.0,112.1,115.55,112.1,115.0,204350,17.547849,2459900,21850.0,148.15,148.5,143.25,143.45,94800,20.729178,1597550,21850.0
2024-02-06 10:54:00 +0530,21829.95,21832.6,21829.05,21830.6,0.0,115.45,116.6,114.25,115.35,276850,17.551572,2459900,21850.0,143.95,144.15,141.45,141.9,148950,20.554775,1597550,21850.0
2024-02-06 10:55:00 +0530,21830.75,21833.95,21827.95,21828.6,0.0,114.7,117.5,114.0,114.0,296700,17.500669,2513050,21850.0,142.7,144.4,139.8,144.4,185350,20.778531,1645200,21850.0
2024-02-06 10:56:00 +0530,21828.35,21830.1,21824.55,21826.05,0.0,114.2,115.1,111.65,112.0,164750,17.392356,2513050,21850.0,144.1,146.2,143.25,145.0,111600,20.678518,1645200,21850.0
2024-02-06 10:57:00 +0530,21825.15,21833.85,21824.55,21832.1,0.0,111.15,116.65,110.5,116.65,197050,17.643411,2513050,21850.0,146.35,147.15,139.3,139.5,116600,20.319719,1645200,21850.0
2024-02-06 10:58:00 +0530,21832.9,21839.9,21832.9,21839.2,0.0,116.95,120.35,116.05,119.95,459400,17.608346,2526100,21850.0,140.4,140.4,135.3,135.8,233850,20.298619,1704700,21850.0
2024-02-06 10:59:00 +0530,21839.65,21847.1,21837.25,21845.6,0.0,119.35,125.2,118.4,124.55,494850,17.809486,2526100,21850.0,136.35,137.65,131.3,132.25,235750,20.240601,1704700,21850.0
2024-02-06 11:00:00 +0530,21846.25,21853.75,21845.6,21847.25,0.0,124.75,130.25,123.3,125.7,669700,17.857077,2526100,21850.0,132.15,133.35,126.6,131.05,395550,20.184414,1704700,21850.0
2024-02-06 11:01:00 +0530,21847.3,21847.3,21841.95,21844.35,0.0,125.4,125.5,121.1,123.1,394350,17.695891,2409200,21850.0,131.3,134.9,131.3,134.1,258450,20.430425,1806250,21850.0
2024-02-06 11:02:00 +0530,21844.35,21848.7,21842.85,21843.4,0.0,122.6,126.35,122.25,123.7,224150,17.860171,2409200,21850.0,134.6,134.95,131.8,134.8,122550,20.468317,1806250,21850.0
2024-02-06 11:03:00 +0530,21843.9,21844.85,21839.65,21842.2,0.0,123.25,123.5,118.2,120.85,264250,17.531394,2409200,21850.0,134.95,138.25,134.65,137.1,193950,20.725228,1806250,21850.0
2024-02-06 11:04:00 +0530,21843.0,21843.85,21836.95,21838.1,0.0,120.75,121.65,116.0,117.1,221800,17.286548,2442400,21850.0,135.55,140.6,135.35,139.55,196750,20.791744,1834900,21850.0
2024-02-06 11:05:00 +0530,21838.0,21839.2,21834.6,21835.8,0.0,117.0,118.15,115.4,116.25,241750,17.335044,2442400,21850.0,139.05,141.15,137.9,140.15,165700,20.714221,1834900,21850.0
2024-02-06 11:06:00 +0530,21835.6,21842.4,21835.3,21839.15,0.0,116.45,120.45,115.7,117.55,211850,17.280754,2442400,21850.0,140.85,141.3,136.05,139.3,134700,20.837752,1834900,21850.0
2024-02-06 11:07:00 +0530,21838.95,21840.4,21834.85,21840.15,0.0,117.45,119.5,115.15,118.75,161050,17.386775,2464750,21850.0,139.55,142.2,138.3,138.3,157800,20.765604,1879450,21850.0
2024-02-06 11:08:00 +0530,21840.95,21845.15,21840.05,21844.7,0.0,119.6,123.05,119.0,122.2,246950,17.557486,2464750,21850.0,138.4,138.45,133.7,135.05,122650,20.617456,1879450,21850.0
2024-02-06 11:09:00 +0530,21846.75,21850.55,21845.25,21849.1,0.0,122.75,124.8,121.35,124.75,248050,17.602073,2464750,21850.0,134.0,137.0,132.85,133.2,113800,20.662892,1879450,21850.0
2024-02-06 11:10:00 +0530,21850.4,21856.8,21850.4,21854.0,0.0,124.65,127.3,123.75,125.85,395450,17.388194,2504200,21850.0,132.4,134.45,130.8,132.95,199350,20.978402,1923150,21850.0
2024-02-06 11:11:00 +0530,21853.55,21855.3,21845.05,21846.05,0.0,125.85,126.35,119.75,121.7,230350,17.389419,2504200,21850.0,132.95,136.65,132.1,135.3,132750,20.761236,1923150,21850.0
2024-02-06 11:12:00 +0530,21845.3,21849.35,21843.8,21847.85,0.0,121.75,121.75,118.25,120.35,191000,17.053739,2504200,21850.0,135.2,138.9,134.95,137.1,140650,21.161555,1923150,21850.0
2024-02-06 11:13:00 +0530,21848.3,21853.45,21845.35,21852.65,0.0,120.25,126.05,119.5,125.35,244100,17.428502,2502400,21850.0,137.25,137.8,130.8,131.55,155500,20.683364,1983650,21850.0
2024-02-06 11:14:00 +0530,21853.15,21855.1,21847.6,21850.2,0.0,125.25,126.4,122.7,124.65,225650,17.517795,2502400,21850.0,131.9,134.25,130.7,132.45,116300,20.64522,1983650,21850.0
2024-02-06 11:15:00 +0530,21850.0,21855.95,21850.0,21854.85,0.0,125.15,127.1,124.55,125.8,323500,17.329624,2502400,21850.0,131.85,132.8,129.1,130.45,191050,20.682045,1983650,21850.0
2024-02-06 11:16:00 +0530,21855.15,21860.8,21853.9,21860.45,0.0,124.25,127.45,123.85,126.95,280550,17.061006,2530250,21850.0,132.15,132.3,128.7,128.9,164900,20.848837,2083800,21850.0
2024-02-06 11:17:00 +0530,21860.5,21861.9,21857.6,21857.6,0.0,128.1,128.75,124.6,124.8,261900,16.97011,2530250,21850.0,128.05,131.25,128.05,131.25,143350,21.001531,2083800,21850.0
2024-02-06 11:18:00 +0530,21858.2,21860.0,21856.6,21856.65,0.0,124.55,126.85,123.15,123.25,138500,16.817318,2530250,21850.0,130.2,132.5,129.25,131.7,113450,21.004528,2083800,21850.0
2024-02-06 11:19:00 +0530,21856.6,21857.35,21852.05,21852.05,0.0,123.55,123.8,121.0,121.45,174200,16.913257,2560800,21850.0,132.25,134.5,131.75,134.45,116350,21.090141,2133200,21850.0
2024-02-06 11:20:00 +0530,21851.9,21859.0,21850.65,21855.95,0.0,120.85,125.4,120.6,123.6,184800,16.930752,2560800,21850.0,134.35,135.0,130.3,132.95,154950,21.147255,2133200,21850.0
2024-02-06 11:21:00 +0530,21856.8,21858.7,21853.25,21857.45,0.0,123.45,125.7,121.65,125.7,131050,17.12831,2560800,21850.0,132.6,134.05,130.65,130.65,90200,20.913805,2133200,21850.0
2024-02-06 11:22:00 +0530,21858.25,21860.15,21855.15,21855.15,0.0,125.7,126.65,123.35,123.8,179600,17.029634,2568900,21850.0,130.5,133.45,130.05,133.45,82350,21.17117,2202450,21850.0
2024-02-06 11:23:00 +0530,21853.9,21857.0,21853.8,21855.5,0.0,123.0,125.3,122.7,124.35,95650,17.087117,2568900,21850.0,133.4,134.0,131.7,132.5,75900,21.057573,2202450,21850.0
2024-02-06 11:24:00 +0530,21856.0,21859.1,21854.5,21855.55,0.0,124.95,125.4,123.9,124.2,95250,17.063872,2568900,21850.0,131.9,133.6,131.55,132.5,66350,21.064188,2202450,21850.0
2024-02-06 11:25:00 +0530,21855.35,21855.55,21851.2,21851.7,0.0,124.3,125.65,122.3,122.8,146600,17.159879,2558350,21850.0,133.15,134.85,131.7,134.35,122050,21.068649,2264900,21850.0
2024-02-06 11:26:00 +0530,21851.85,21855.95,21851.75,21854.75,0.0,122.85,124.7,122.7,124.4,95850,17.162763,2558350,21850.0,134.4,134.7,132.3,132.55,93850,21.020989,2264900,21850.0
2024-02-06 11:27:00 +0530,21854.9,21858.65,21854.9,21855.65,0.0,124.4,125.9,123.15,123.55,180800,16.968196,2558350,21850.0,133.05,133.7,130.8,133.35,127950,21.207201,2264900,21850.0
2024-02-06 11:28:00 +0530,21855.25,21856.55,21844.9,21845.75,0.0,123.6,123.95,117.7,118.7,327300,17.018129,2598100,21850.0,133.4,138.3,133.0,138.3,270700,21.237626,2340500,21850.0
2024-02-06 11:29:00 +0530,21845.6,21848.9,21844.25,21844.8,0.0,119.55,122.1,118.25,118.6,138350,17.079038,2598100,21850.0,138.0,139.35,134.9,139.3,236050,21.320699,2340500,21850.0
2024-02-06 11:30:00 +0530,21845.15,21854.35,21843.35,21853.8,0.0,118.85,125.55,116.6,125.2,326350,17.369004,2598100,21850.0,138.5,140.0,131.0,131.3,315200,20.779267,2340500,21850.0
2024-02-06 11:31:00 +0530,21853.95,21857.7,21852.95,21855.3,0.0,125.2,126.7,124.6,125.5,224350,17.299008,2622150,21850.0,131.15,132.25,129.45,131.05,255450,20.851695,2512150,21850.0
2024-02-06 11:32:00 +0530,21855.8,21864.45,21854.9,21862.85,0.0,125.6,131.5,125.0,130.2,467750,17.403381,2622150,21850.0,130.8,131.0,123.8,126.2,375450,20.66235,2512150,21850.0
2024-02-06 11:33:00 +0530,21863.05,21878.3,21863.05,21877.55,0.0,106.35,114.75,106.35,113.9,1562950,17.637859,6180150,21900.0,151.2,151.2,140.5,142.15,573600,20.433224,3369750,21900.0
2024-02-06 11:34:00 +0530,21877.2,21896.1,21877.2,21892.3,0.0,113.4,124.8,113.4,123.55,1715650,17.979623,5897200,21900.0,141.6,141.6,133.5,134.7,513250,20.423468,3420100,21900.0
2024-02-06 11:35:00 +0530,21894.75,21898.75,21884.35,21884.35,0.0,124.3,129.6,121.7,121.95,1552900,18.341473,5897200,21900.0,134.9,137.65,131.75,137.2,631250,20.212475,3420100,21900.0
2024-02-06 11:36:00 +0530,21884.2,21887.95,21877.95,21883.6,0.0,121.5,124.45,118.25,122.15,824850,18.430166,5897200,21900.0,138.0,139.3,135.75,136.15,425700,20.003295,3420100,21900.0
2024-02-06 11:37:00 +0530,21882.6,21887.2,21878.85,21878.85,0.0,121.95,125.1,119.45,119.45,651450,18.381763,5455700,21900.0,136.25,139.0,134.8,139.0,414150,20.074225,3560050,21900.0
2024-02-06 11:38:00 +0530,21879.95,21884.2,21878.75,21881.2,0.0,118.75,123.7,118.75,123.4,447100,18.800352,5455700,21900.0,138.8,138.8,135.3,135.85,240400,19.784903,3560050,21900.0
2024-02-06 11:39:00 +0530,21881.15,21888.1,21881.15,21883.75,0.0,123.25,126.15,122.8,123.95,590550,18.696825,5455700,21900.0,136.0,136.25,132.9,134.9,371500,19.837077,3560050,21900.0
2024-02-06 11:40:00 +0530,21883.75,21888.65,21883.75,21884.1,0.0,122.65,126.55,120.95,120.95,556850,18.227419,5339650,21900.0,135.8,136.3,132.2,136.3,215150,20.074512,3601950,21900.0
2024-02-06 11:41:00 +0530,21884.5,21884.5,21879.1,21882.0,0.0,120.45,121.9,118.9,120.7,400750,18.349064,5339650,21900.0,136.3,138.05,135.55,136.3,245550,19.920518,3601950,21900.0
2024-02-06 11:42:00 +0530,21881.75,21884.4,21880.85,21881.85,0.0,120.65,122.85,119.15,120.75,296300,18.370857,5339650,21900.0,136.45,137.75,134.15,135.95,170400,19.860025,3601950,21900.0
2024-02-06 11:43:00 +0530,21881.05,21881.9,21873.65,21874.9,0.0,147.05,147.55,142.3,143.9,228200,18.508646,2174600,21850.0,113.4,115.4,112.9,114.9,201050,19.83232,2871200,21850.0
2024-02-06 11:44:00 +0530,21875.4,21876.4,21870.1,21870.1,0.0,142.8,145.95,139.75,139.75,255550,18.284027,2174600,21850.0,115.5,117.0,113.3,116.65,293900,19.770388,2871200,21850.0
2024-02-06 11:45:00 +0530,21870.25,21876.0,21869.35,21876.0,0.0,114.05,117.0,113.6,115.85,390400,18.079379,5381150,21900.0,140.55,141.3,137.7,138.9,358650,19.866576,3721650,21900.0
2024-02-06 11:46:00 +0530,21876.15,21881.55,21875.0,21876.9,0.0,116.0,119.45,114.0,114.0,424950,17.74104,5469600,21900.0,138.25,141.35,136.6,141.35,199100,20.30324,3765700,21900.0
2024-02-06 11:47:00 +0530,21877.1,21877.9,21873.75,21875.45,0.0,114.25,114.5,111.3,114.05,321650,17.85727,5469600,21900.0,141.15,143.0,140.0,140.3,202450,20.039308,3765700,21900.0
2024-02-06 11:48:00 +0530,21874.95,21878.4,21874.95,21877.5,0.0,113.95,114.9,111.8,114.9,216850,17.837812,5469600,21900.0,140.9,142.75,139.75,139.85,204600,20.130892,3765700,21900.0
2024-02-06 11:49:00 +0530,21877.3,21878.45,21875.65,21875.65,0.0,114.9,115.0,112.35,112.5,223350,17.617736,5558450,21900.0,139.85,142.25,139.75,141.95,179750,20.306593,3826300,21900.0
2024-02-06 11:50:00 +0530,21875.85,21879.55,21872.65,21879.05,0.0,112.95,115.95,110.0,115.35,465500,17.797753,5558450,21900.0,141.4,143.9,138.2,138.55,212300,20.060105,3826300,21900.0
2024-02-06 11:51:00 +0530,21879.5,21880.4,21874.65,21875.9,0.0,115.1,115.45,110.8,112.5,242700,17.605825,5558450,21900.0,138.55,142.95,138.55,141.7,123850,20.294221,3826300,21900.0
2024-02-06 11:52:00 +0530,21876.45,21880.6,21875.5,21878.45,0.0,113.0,115.0,111.45,113.7,214550,17.601837,5599750,21900.0,141.3,142.45,138.75,140.15,95250,20.259365,3856350,21900.0
2024-02-06 11:53:00 +0530,21878.65,21886.35,21878.65,21886.2,0.0,114.0,118.6,113.95,118.45,370850,17.739864,5599750,21900.0,139.95,139.95,135.45,135.7,160800,20.179407,3856350,21900.0
2024-02-06 11:54:00 +0530,21885.8,21887.65,21883.75,21887.45,0.0,118.0,120.05,116.05,119.7,454950,17.835864,5599750,21900.0,135.7,137.9,134.65,135.05,263250,20.178106,3856350,21900.0
2024-02-06 11:55:00 +0530,21887.25,21889.0,21883.9,21884.35,0.0,119.65,121.5,118.3,119.4,475550,18.026154,5674050,21900.0,135.0,136.9,133.1,135.75,277300,20.054951,4105600,21900.0
2024-02-06 11:56:00 +0530,21885.0,21889.0,21884.85,21885.85,0.0,119.8,121.45,118.7,119.0,314400,17.85768,5674050,21900.0,135.1,137.0,134.35,137.0,157500,20.35628,4105600,21900.0
2024-02-06 11:57:00 +0530,21885.95,21894.65,21885.2,21891.65,0.0,118.65,123.65,117.75,123.45,439850,18.088038,5674050,21900.0,137.05,138.1,133.1,133.9,218100,20.32505,4105600,21900.0
2024-02-06 11:58:00 +0530,21892.65,21895.3,21891.3,21894.0,0.0,124.0,125.45,122.6,125.3,591900,18.188476,5713850,21900.0,133.35,134.4,130.05,130.55,257750,19.999805,4123350,21900.0
2024-02-06 11:59:00 +0530,21894.85,21899.45,21893.8,21898.25,0.0,124.75,128.55,124.15,127.3,698350,18.163827,5713850,21900.0,131.2,132.1,128.0,128.1,366100,19.945451,4123350,21900.0
2024-02-06 12:00:00 +0530,21898.25,21900.5,21892.35,21892.35,0.0,127.4,128.5,120.85,120.9,799200,17.663614,5713850,21900.0,128.8,132.5,126.3,132.5,362950,20.176226,4123350,21900.0
2024-02-06 12:01:00 +0530,21892.95,21897.4,21891.25,21895.6,0.0,121.1,124.75,118.9,123.4,438500,17.791751,5725200,21900.0,132.35,134.0,130.9,132.65,215200,20.438976,4249550,21900.0
2024-02-06 12:02:00 +0530,21897.75,21897.75,21886.45,21887.15,0.0,123.1,123.6,116.9,116.9,411550,17.465607,5725200,21900.0,132.45,136.65,132.45,136.65,203550,20.418528,4249550,21900.0
2024-02-06 12:03:00 +0530,21886.2,21890.95,21884.95,21890.0,0.0,116.5,119.65,116.3,118.5,297400,17.492929,5725200,21900.0,137.05,137.3,134.75,136.65,200350,20.63243,4249550,21900.0
2024-02-06 12:04:00 +0530,21889.7,21890.15,21886.25,21886.3,0.0,118.0,118.85,115.3,116.25,266700,17.438521,5753550,21900.0,136.55,138.2,135.8,137.75,144600,20.525744,4235200,21900.0
2024-02-06 12:05:00 +0530,21886.1,21891.8,21885.65,21889.35,0.0,115.7,120.35,115.65,118.95,325550,17.615667,5753550,21900.0,137.9,137.9,133.9,134.75,211900,20.306477,4235200,21900.0
2024-02-06 12:06:00 +0530,21889.65,21892.8,21883.35,21884.35,0.0,119.0,120.95,114.45,115.0,303650,17.403722,5753550,21900.0,134.8,138.5,132.9,138.25,208550,20.461041,4235200,21900.0
2024-02-06 12:07:00 +0530,21884.7,21892.25,21884.3,21891.05,0.0,115.15,121.6,115.15,121.3,301950,17.844581,5688050,21900.0,138.0,138.45,132.5,132.7,194550,20.131301,4294700,21900.0
2024-02-06 12:08:00 +0530,21891.6,21894.75,21885.8,21886.3,0.0,121.45,124.05,120.15,120.65,389750,18.10916,5688050,21900.0,132.9,134.1,129.85,133.65,251450,19.92458,4294700,21900.0
2024-02-06 12:09:00 +0530,21888.35,21892.65,21886.65,21891.25,0.0,120.3,123.85,120.3,122.65,280100,18.03774,5688050,21900.0,133.85,134.1,131.05,132.1,181750,20.062188,4294700,21900.0
2024-02-06 12:10:00 +0530,21892.25,21893.45,21888.35,21893.1,0.0,122.35,126.45,120.95,126.3,424500,18.446102,5671750,21900.0,132.3,133.9,128.3,128.5,246650,19.662423,4431750,21900.0
2024-02-06 12:11:00 +0530,21893.25,21899.9,21893.25,21894.85,0.0,126.3,133.2,126.05,128.6,1174150,18.659634,5671750,21900.0,128.3,130.6,127.0,129.85,405300,19.995335,4431750,21900.0
2024-02-06 12:12:00 +0530,21895.3,21902.45,21895.05,21901.4,0.0,127.85,134.95,127.85,134.45,780750,19.032131,5671750,21900.0,129.6,130.15,123.95,125.5,440050,19.821522,4431750,21900.0
2024-02-06 12:13:00 +0530,21901.15,21902.55,21896.2,21896.2,0.0,133.85,135.25,127.7,128.75,824300,18.585002,5508950,21900.0,125.6,128.7,125.1,127.35,311950,19.725374,4472600,21900.0
2024-02-06 12:14:00 +0530,21897.1,21900.7,21896.05,21898.15,0.0,129.35,131.9,128.05,130.65,387250,18.722305,5508950,21900.0,127.6,128.15,125.45,127.25,212050,19.854907,4472600,21900.0
2024-02-06 12:15:00 +0530,21898.05,21904.55,21898.0,21899.4,0.0,129.2,136.0,129.2,130.55,913900,18.613766,5508950,21900.0,127.25,127.25,122.0,126.7,439450,19.865896,4472600,21900.0
2024-02-06 12:16:00 +0530,21899.1,21904.35,21894.7,21895.5,0.0,130.6,132.05,126.6,126.6,450400,18.326872,5574700,21900.0,126.65,128.9,125.5,128.15,244450,19.802886,4600450,21900.0
2024-02-06 12:17:00 +0530,21895.85,21899.2,21894.9,21895.8,0.0,127.55,129.6,123.95,124.25,387100,17.955022,5574700,21900.0,127.65,129.95,127.0,129.6,245700,20.044891,4600450,21900.0
2024-02-06 12:18:00 +0530,21896.0,21897.55,21894.4,21895.55,0.0,124.45,125.6,122.8,124.05,246300,17.947548,5574700,21900.0,129.55,130.9,128.75,129.8,191150,20.059574,4600450,21900.0
2024-02-06 12:19:00 +0530,21895.55,21897.3,21890.6,21895.65,0.0,124.05,126.6,121.2,126.55,319850,18.317733,5497300,21900.0,129.45,131.35,127.35,127.35,262000,19.702698,4606200,21900.0
2024-02-06 12:20:00 +0530,21896.9,21902.15,21895.9,21901.6,0.0,126.6,131.7,126.4,131.7,501050,18.631472,5497300,21900.0,127.65,127.65,124.0,124.0,299750,19.634372,4606200,21900.0
2024-02-06 12:21:00 +0530,21901.3,21904.6,21899.0,21899.75,0.0,131.0,133.25,129.2,129.3,454300,18.419204,5497300,21900.0,124.1,126.0,123.3,125.8,181200,19.77383,4606200,21900.0
2024-02-06 12:22:00 +0530,21899.2,21900.55,21894.35,21899.55,0.0,129.5,130.75,127.05,130.45,331150,18.610568,5526900,21900.0,125.9,127.85,124.7,125.2,284050,19.672312,4768150,21900.0
2024-02-06 12:23:00 +0530,21899.7,21900.55,21895.0,21895.5,0.0,130.35,130.6,125.6,126.4,222450,18.320004,5526900,21900.0,125.25,128.85,125.05,128.35,180950,19.853306,4768150,21900.0
2024-02-06 12:24:00 +0530,21895.4,21897.35,21883.7,21883.7,0.0,126.4,126.8,117.95,117.95,474450,17.951279,5526900,21900.0,127.85,134.65,127.85,134.65,433850,19.92662,4768150,21900.0
2024-02-06 12:25:00 +0530,21884.0,21884.65,21876.0,21882.2,0.0,118.25,120.05,113.0,120.05,614700,18.381389,5459450,21900.0,134.15,140.2,134.15,134.5,821550,19.794072,4737650,21900.0
2024-02-06 12:26:00 +0530,21883.45,21889.55,21882.3,21882.3,0.0,119.5,123.95,118.7,119.5,433100,18.294728,5459450,21900.0,133.95,134.55,129.1,134.55,329450,19.812032,4737650,21900.0
2024-02-06 12:27:00 +0530,21883.25,21884.3,21872.95,21878.65,0.0,119.5,119.5,112.75,116.75,431500,18.155853,5459450,21900.0,133.65,139.65,133.55,136.05,476900,19.763349,4737650,21900.0
2024-02-06 12:28:00 +0530,21878.75,21884.2,21878.45,21882.75,0.0,117.4,119.25,115.25,117.25,241400,17.930091,5502100,21900.0,136.05,137.4,133.0,135.5,222250,19.994389,4746250,21900.0
2024-02-06 12:29:00 +0530,21881.75,21883.25,21877.1,21877.75,0.0,117.35,118.0,114.5,114.55,161200,17.898339,5502100,21900.0,135.35,138.0,134.8,137.7,184600,19.948294,4746250,21900.0
2024-02-06 12:30:00 +0530,21878.6,21882.2,21877.0,21880.6,0.0,115.1,120.2,113.8,119.55,332200,18.441827,5502100,21900.0,137.2,138.45,131.65,132.2,310000,19.3422,4746250,21900.0
2024-02-06 12:31:00 +0530,21882.0,21887.4,21880.75,21887.0,0.0,119.05,123.7,118.85,123.7,335350,18.589372,5524700,21900.0,131.35,132.95,127.85,127.85,294350,19.173674,4780700,21900.0
2024-02-06 12:32:00 +0530,21887.8,21893.7,21887.8,21889.9,0.0,123.75,125.65,121.6,122.2,405150,18.1479,5524700,21900.0,127.5,130.4,125.75,130.2,318550,19.745125,4780700,21900.0
2024-02-06 12:33:00 +0530,21890.0,21899.0,21889.1,21895.35,0.0,122.05,129.55,121.3,129.55,459600,18.837803,5524700,21900.0,130.0,130.75,124.2,124.45,297550,19.285948,4780700,21900.0
2024-02-06 12:34:00 +0530,21897.05,21903.25,21894.1,21901.3,0.0,128.3,132.45,127.35,130.55,531500,18.529261,5587400,21900.0,125.55,125.9,122.25,123.4,276650,19.563236,4828600,21900.0
2024-02-06 12:35:00 +0530,21900.95,21906.1,21900.5,21905.35,0.0,131.25,136.85,130.5,136.2,849650,19.063531,5587400,21900.0,122.55,124.45,120.0,120.7,469200,19.450874,4828600,21900.0
2024-02-06 12:36:00 +0530,21905.65,21916.55,21903.45,21915.15,0.0,134.8,145.95,132.45,141.55,1429150,19.088042,5587400,21900.0,121.95,123.35,117.05,118.05,637850,19.746827,4828600,21900.0
2024-02-06 12:37:00 +0530,21913.45,21914.3,21909.55,21909.55,0.0,141.45,144.2,137.35,138.9,922700,19.142958,5563900,21900.0,118.4,120.3,116.05,119.8,533150,19.619773,5002250,21900.0
2024-02-06 12:38:00 +0530,21909.55,21913.75,21901.8,21902.6,0.0,137.35,142.6,132.65,134.35,722250,19.012273,5563900,21900.0,120.45,122.2,116.55,120.9,489800,19.292493,5002250,21900.0
2024-02-06 12:39:00 +0530,21904.1,21908.5,21903.45,21908.05,0.0,134.75,137.95,132.0,136.8,379050,18.953338,5563900,21900.0,120.75,122.4,118.75,120.25,295800,19.587026,5002250,21900.0
2024-02-06 12:40:00 +0530,21908.15,21908.15,21900.8,21900.8,0.0,136.5,136.65,132.2,133.3,340900,19.002273,5600300,21900.0,120.05,122.5,119.55,122.2,252750,19.364009,5260250,21900.0
2024-02-06 12:41:00 +0530,21901.15,21902.85,21899.15,21901.0,0.0,133.45,135.25,130.65,133.3,380400,18.990063,5600300,21900.0,122.25,123.2,120.75,121.85,348650,19.328671,5260250,21900.0
2024-02-06 12:42:00 +0530,21901.35,21904.75,21899.0,21899.75,0.0,132.55,135.3,131.15,131.15,246050,18.767675,5600300,21900.0,121.55,123.3,120.25,123.3,184850,19.459263,5260250,21900.0
2024-02-06 12:43:00 +0530,21899.25,21901.15,21897.2,21898.4,0.0,130.5,133.3,129.45,131.65,301200,18.951508,5638850,21900.0,123.7,124.1,121.7,123.4,320750,19.379169,5260250,21900.0
2024-02-06 12:44:00 +0530,21898.95,21902.8,21898.15,21898.9,0.0,132.0,132.9,130.5,131.85,187400,18.94612,5638850,21900.0,122.7,123.75,121.8,122.75,138700,19.320568,5342850,21900.0
2024-02-06 12:45:00 +0530,21899.8,21913.05,21899.8,21911.65,0.0,131.75,139.05,131.75,139.0,605400,19.017323,5638850,21900.0,122.85,122.85,117.75,117.75,334500,19.482417,5342850,21900.0
2024-02-06 12:46:00 +0530,21913.1,21914.25,21909.75,21910.65,0.0,139.0,140.4,136.25,136.7,517750,18.754245,5662850,21900.0,117.6,119.9,116.5,119.65,238500,19.70129,5441450,21900.0
2024-02-06 12:47:00 +0530,21910.05,21910.75,21900.6,21900.6,0.0,137.0,137.0,132.1,132.45,342500,18.914014,5662850,21900.0,119.55,122.95,119.55,122.95,218700,19.482608,5441450,21900.0
2024-02-06 12:48:00 +0530,21901.35,21902.15,21892.0,21895.25,0.0,131.65,132.15,124.9,128.1,662450,18.678369,5662850,21900.0,122.7,127.5,122.7,124.35,561300,19.306412,5441450,21900.0
2024-02-06 12:49:00 +0530,21896.0,21897.5,21889.5,21891.1,0.0,128.6,130.2,124.15,126.7,333100,18.789841,5677650,21900.0,125.6,127.65,123.8,126.45,399350,19.3194,5467000,21900.0
2024-02-06 12:50:00 +0530,21891.8,21894.35,21888.35,21892.9,0.0,126.35,128.9,124.1,128.65,256100,18.948987,5677650,21900.0,126.15,127.6,124.5,124.7,275300,19.191897,5467000,21900.0
2024-02-06 12:51:00 +0530,21892.25,21895.7,21889.75,21889.8,0.0,128.7,130.1,125.75,125.8,248700,18.760334,5677650,21900.0,125.15,127.1,123.8,126.7,237450,19.266215,5467000,21900.0
2024-02-06 12:52:00 +0530,21889.9,21890.65,21880.5,21883.7,0.0,125.35,125.55,122.25,125.35,429400,19.157375,5702800,21900.0,127.3,129.5,126.65,126.65,483300,18.804021,5467000,21900.0
2024-02-06 12:53:00 +0530,21884.6,21885.35,21869.65,21869.65,0.0,152.4,152.95,142.25,142.85,226850,19.021546,2145600,21850.0,105.2,113.3,105.2,112.6,602900,19.328177,3687450,21850.0
2024-02-06 12:54:00 +0530,21870.0,21882.4,21869.75,21881.25,0.0,114.65,123.25,114.65,120.95,525700,18.684523,5702800,21900.0,137.2,137.2,127.7,129.75,592100,19.090969,5563600,21900.0
2024-02-06 12:55:00 +0530,21881.9,21883.15,21879.35,21880.55,0.0,122.15,122.15,119.05,121.45,323800,18.81549,5836350,21900.0,128.9,131.5,128.6,128.65,315300,18.874621,5563600,21900.0
2024-02-06 12:56:00 +0530,21881.0,21885.55,21881.0,21882.0,0.0,121.4,123.0,120.3,121.95,250350,18.786045,5836350,21900.0,128.7,129.8,127.0,127.95,242150,18.882246,5589150,21900.0
2024-02-06 12:57:00 +0530,21883.05,21883.55,21878.6,21879.55,0.0,120.9,121.25,117.7,118.2,288600,18.406521,5836350,21900.0,127.7,132.0,127.7,131.55,256650,19.241239,5589150,21900.0
2024-02-06 12:58:00 +0530,21879.35,21880.3,21868.7,21870.65,0.0,145.9,145.9,138.15,140.5,253400,18.599365,2198900,21850.0,108.8,114.4,108.8,113.85,319150,19.601724,3628050,21850.0
2024-02-06 12:59:00 +0530,21872.3,21877.15,21869.75,21876.1,0.0,113.6,118.05,112.65,115.85,288050,18.313826,5835900,21900.0,137.15,138.35,132.1,134.0,406000,19.351694,5575250,21900.0
2024-02-06 13:00:00 +0530,21876.85,21885.4,21876.05,21881.0,0.0,115.9,121.15,114.5,118.65,435950,18.376469,5835900,21900.0,134.4,135.05,128.55,132.45,379500,19.496294,5575250,21900.0
2024-02-06 13:01:00 +0530,21881.25,21889.3,21880.85,21888.5,0.0,119.0,122.0,118.05,121.5,348200,18.244778,5835900,21900.0,131.65,132.85,127.25,127.95,237750,19.386373,5575250,21900.0
2024-02-06 13:02:00 +0530,21887.65,21891.15,21887.65,21889.0,0.0,121.9,123.0,120.65,121.0,285650,18.134596,5851400,21900.0,127.5,129.65,126.9,128.95,161750,19.577516,5534350,21900.0
2024-02-06 13:03:00 +0530,21888.45,21890.4,21885.3,21886.85,0.0,120.75,122.2,119.2,120.45,223450,18.218256,5851400,21900.0,129.5,130.95,127.8,129.95,185700,19.57029,5534350,21900.0
2024-02-06 13:04:00 +0530,21888.6,21893.75,21888.6,21892.0,0.0,121.0,123.75,120.65,123.15,327650,18.236222,5851400,21900.0,129.8,129.8,125.8,126.0,246600,19.361428,5534350,21900.0
2024-02-06 13:05:00 +0530,21892.85,21896.95,21890.1,21890.6,0.0,123.15,125.7,122.3,123.0,406150,18.32425,5841700,21900.0,126.3,127.25,123.6,126.35,315450,19.313122,5552150,21900.0
2024-02-06 13:06:00 +0530,21891.35,21902.35,21890.45,21899.7,0.0,121.75,126.7,121.5,126.25,437500,18.113435,5841700,21900.0,127.3,127.5,122.8,122.9,284400,19.464905,5552150,21900.0
2024-02-06 13:07:00 +0530,21901.1,21905.55,21900.05,21904.5,0.0,127.7,130.7,127.55,130.7,515450,18.410581,5841700,21900.0,122.95,122.95,119.35,119.35,332100,19.278688,5552150,21900.0
2024-02-06 13:08:00 +0530,21906.1,21909.1,21903.55,21904.35,0.0,130.65,132.75,129.4,130.15,522700,18.342694,5796950,21900.0,119.25,121.0,118.2,121.0,289400,19.520243,5582400,21900.0
2024-02-06 13:09:00 +0530,21904.45,21904.7,21898.15,21901.45,0.0,130.25,131.6,127.3,130.45,344100,18.620712,5796950,21900.0,120.85,122.8,119.75,120.55,313300,19.245613,5582400,21900.0
2024-02-06 13:10:00 +0530,21902.5,21904.9,21901.55,21901.6,0.0,130.65,132.2,128.75,129.7,359750,18.498903,5796950,21900.0,120.1,122.25,118.95,121.35,258900,19.380317,5582400,21900.0
2024-02-06 13:11:00 +0530,21902.25,21905.25,21901.45,21904.25,0.0,129.6,131.5,128.3,131.5,196800,18.56496,5802300,21900.0,120.35,122.0,119.65,119.75,149550,19.332747,5650750,21900.0
2024-02-06 13:12:00 +0530,21904.95,21907.0,21900.8,21901.95,0.0,132.3,133.0,128.6,128.6,357950,18.311692,5802300,21900.0,119.0,122.55,118.75,122.55,200850,19.592986,5650750,21900.0
2024-02-06 13:13:00 +0530,21901.5,21903.25,21897.3,21902.1,0.0,128.5,129.6,125.1,129.4,303850,18.424238,5802300,21900.0,122.75,124.4,121.3,121.6,283150,19.463095,5650750,21900.0
2024-02-06 13:14:00 +0530,21903.1,21905.8,21901.65,21905.45,0.0,129.2,132.95,129.1,132.7,312500,18.661399,5806100,21900.0,121.35,122.45,119.25,119.25,217800,19.352124,5677800,21900.0
2024-02-06 13:15:00 +0530,21906.1,21906.7,21902.25,21903.3,0.0,133.35,134.2,130.3,130.65,282550,18.525262,5806100,21900.0,118.8,121.8,118.35,121.75,180750,19.578487,5677800,21900.0
2024-02-06 13:16:00 +0530,21903.95,21907.3,21903.0,21904.3,0.0,131.05,132.55,130.6,131.2,189550,18.532595,5806100,21900.0,121.5,122.0,120.35,121.45,149050,19.608218,5677800,21900.0
2024-02-06 13:17:00 +0530,21904.65,21905.2,21900.85,21902.05,0.0,131.15,131.2,127.25,128.1,187650,18.244912,5849500,21900.0,121.2,123.75,121.15,123.1,174900,19.698211,5746300,21900.0
2024-02-06 13:18:00 +0530,21902.75,21906.05,21901.6,21904.3,0.0,127.75,132.8,126.75,131.9,270050,18.645421,5849500,21900.0,123.45,124.3,119.3,120.15,290100,19.417252,5746300,21900.0
2024-02-06 13:19:00 +0530,21904.35,21909.05,21899.35,21900.85,0.0,131.85,134.0,127.15,127.35,389550,18.232762,5849500,21900.0,120.3,124.25,119.0,124.2,220350,19.783483,5746300,21900.0
2024-02-06 13:20:00 +0530,21901.95,21903.3,21898.2,21902.1,0.0,127.45,129.05,124.65,128.75,288050,18.349478,5840700,21900.0,124.0,125.95,122.75,122.75,316300,19.657732,5805200,21900.0
2024-02-06 13:21:00 +0530,21902.6,21910.2,21901.6,21909.8,0.0,129.7,134.8,129.05,133.9,489450,18.518515,5840700,21900.0,122.0,122.1,118.7,119.5,320050,19.7218,5805200,21900.0
2024-02-06 13:22:00 +0530,21910.15,21910.15,21902.55,21902.75,0.0,133.45,133.9,128.85,128.9,267900,18.327507,5840700,21900.0,119.8,122.8,119.7,122.7,172400,19.703222,5805200,21900.0
2024-02-06 13:23:00 +0530,21904.35,21908.45,21904.35,21907.45,0.0,129.75,132.85,129.6,132.3,185600,18.471666,5860900,21900.0,121.7,122.45,119.35,119.9,151450,19.620497,5862350,21900.0
2024-02-06 13:24:00 +0530,21906.95,21911.0,21904.65,21908.25,0.0,132.55,136.35,130.6,136.2,451900,19.002484,5860900,21900.0,120.1,121.15,117.05,117.55,298550,19.324287,5862350,21900.0
2024-02-06 13:25:00 +0530,21908.55,21915.2,21906.55,21914.1,0.0,136.2,139.6,133.45,136.95,629700,18.646333,5860900,21900.0,117.6,119.7,114.4,117.2,478400,19.68951,5862350,21900.0
2024-02-06 13:26:00 +0530,21913.0,21914.4,21910.15,21910.55,0.0,136.35,138.1,134.5,136.35,433450,18.84696,5844000,21900.0,117.55,118.55,116.7,117.4,232200,19.471371,5914650,21900.0
2024-02-06 13:27:00 +0530,21910.55,21913.95,21909.25,21913.85,0.0,135.5,139.6,134.55,138.6,350400,18.924362,5844000,21900.0,117.8,118.5,115.35,116.2,273850,19.525898,5914650,21900.0
2024-02-06 13:28:00 +0530,21913.85,21917.5,21912.9,21915.75,0.0,138.5,140.65,137.0,139.25,524400,18.871378,5844000,21900.0,116.2,117.15,115.5,116.2,207450,19.662701,5914650,21900.0
2024-02-06 13:29:00 +0530,21916.2,21919.65,21914.5,21915.55,0.0,139.6,141.95,137.95,138.6,596650,18.792392,5813500,21900.0,116.05,117.25,115.6,117.25,294450,19.811244,6025800,21900.0
2024-02-06 13:30:00 +0530,21915.8,21928.05,21915.8,21926.6,0.0,112.75,123.0,112.35,120.6,768150,19.055665,2349400,21950.0,142.05,142.05,131.4,134.65,230800,19.53626,1366450,21950.0
2024-02-06 13:31:00 +0530,21926.45,21929.6,21923.2,21923.2,0.0,147.8,148.5,141.45,141.9,692300,18.668385,5813500,21900.0,111.3,112.45,108.95,112.45,558700,19.620067,6025800,21900.0
2024-02-06 13:32:00 +0530,21923.45,21927.35,21923.45,21923.85,0.0,142.85,146.25,141.55,141.55,443950,18.563978,5734700,21900.0,111.25,113.65,110.05,113.65,566100,19.850876,6208800,21900.0
2024-02-06 13:33:00 +0530,21924.1,21926.7,21922.65,21924.1,0.0,141.0,144.4,140.9,143.35,356200,18.821123,5734700,21900.0,113.5,113.6,111.05,111.95,273550,19.611919,6208800,21900.0
2024-02-06 13:34:00 +0530,21925.2,21925.35,21919.4,21920.5,0.0,143.0,143.0,137.85,138.9,418900,18.446578,5734700,21900.0,112.1,114.75,111.95,113.5,382250,19.601836,6208800,21900.0
2024-02-06 13:35:00 +0530,21920.85,21921.8,21912.55,21914.05,0.0,138.8,140.2,133.7,133.9,645700,18.220684,5723650,21900.0,113.65,116.5,112.7,115.55,541050,19.464817,6609200,21900.0
2024-02-06 13:36:00 +0530,21916.85,21916.85,21889.2,21889.2,0.0,134.75,134.75,119.45,119.45,919950,17.997486,5723650,21900.0,115.95,126.55,115.6,126.55,1005100,19.328452,6609200,21900.0
2024-02-06 13:37:00 +0530,21889.1,21890.55,21877.6,21889.4,0.0,118.3,120.6,114.7,120.15,1060950,18.091712,5723650,21900.0,126.65,134.2,126.5,127.95,1593150,19.558854,6609200,21900.0
2024-02-06 13:38:00 +0530,21890.05,21900.6,21890.05,21898.9,0.0,121.0,124.65,119.75,123.6,566900,17.880967,5599200,21900.0,126.95,127.3,122.15,123.45,572100,19.583744,6553200,21900.0
2024-02-06 13:39:00 +0530,21897.9,21899.6,21892.2,21895.65,0.0,123.65,124.5,119.2,121.3,452750,17.789598,5599200,21900.0,123.1,127.55,122.65,125.65,437600,19.681392,6553200,21900.0
2024-02-06 13:40:00 +0530,21895.8,21899.4,21895.8,21898.75,0.0,121.35,124.7,121.25,124.4,313700,18.020926,5599200,21900.0,125.35,125.35,122.2,122.2,302800,19.388795,6553200,21900.0
2024-02-06 13:41:00 +0530,21898.45,21906.0,21897.95,21904.45,0.0,123.5,129.5,122.25,129.05,535050,18.279293,5648850,21900.0,123.25,124.6,117.4,118.2,425200,19.199211,6505750,21900.0
2024-02-06 13:42:00 +0530,21904.95,21912.65,21904.95,21910.85,0.0,130.0,134.05,129.45,131.5,550250,18.139941,5648850,21900.0,117.25,117.95,113.45,116.5,424750,19.403022,6505750,21900.0
2024-02-06 13:43:00 +0530,21911.35,21914.15,21906.95,21912.9,0.0,131.1,133.45,128.85,133.45,360200,18.273302,5648850,21900.0,115.5,118.6,114.15,114.15,256150,19.1938,6505750,21900.0
2024-02-06 13:44:00 +0530,21913.85,21919.6,21913.85,21917.8,0.0,134.0,137.65,133.45,136.95,490250,18.407446,5645700,21900.0,113.75,114.35,110.7,111.85,573850,19.191334,6566900,21900.0
2024-02-06 13:45:00 +0530,21918.4,21918.4,21912.8,21913.15,0.0,135.35,136.85,132.7,133.75,342400,18.305385,5645700,21900.0,112.45,115.0,111.6,114.25,257650,19.232587,6566900,21900.0
2024-02-06 13:46:00 +0530,21913.75,21917.8,21905.35,21906.35,0.0,134.25,137.5,130.15,131.5,474350,18.516974,5645700,21900.0,113.75,117.2,111.4,116.0,357900,19.016194,6566900,21900.0
2024-02-06 13:47:00 +0530,21906.35,21908.8,21899.15,21905.8,0.0,130.75,134.0,128.75,133.9,378850,18.929858,5663050,21900.0,117.2,118.65,114.75,115.25,380150,18.865262,6858800,21900.0
2024-02-06 13:48:00 +0530,21907.1,21911.2,21902.3,21903.95,0.0,134.55,135.25,130.25,130.9,315000,18.62456,5663050,21900.0,114.9,118.2,113.75,117.4,281450,19.061601,6858800,21900.0
2024-02-06 13:49:00 +0530,21905.15,21908.9,21901.65,21908.85,0.0,130.4,133.75,128.85,133.65,221300,18.653403,5663050,21900.0,117.4,118.5,114.4,114.4,196450,18.960753,6858800,21900.0
2024-02-06 13:50:00 +0530,21908.6,21911.95,21908.6,21911.0,0.0,134.0,134.7,132.25,134.5,215250,18.61216,5739850,21900.0,114.25,115.6,113.5,114.3,159900,19.101998,6935850,21900.0
2024-02-06 13:51:00 +0530,21911.55,21922.35,21911.5,21921.2,0.0,134.7,141.2,134.7,139.95,675100,18.607091,5739850,21900.0,113.95,113.95,110.05,110.35,457350,19.220032,6935850,21900.0
2024-02-06 13:52:00 +0530,21921.3,21925.55,21921.3,21921.8,0.0,140.15,145.6,140.15,142.3,672450,18.919839,5739850,21900.0,110.25,110.7,106.75,109.7,415750,19.165272,6935850,21900.0
2024-02-06 13:53:00 +0530,21922.8,21927.8,21920.7,21925.8,0.0,115.5,119.1,115.05,117.9,299500,18.785244,2287350,21950.0,132.3,132.85,129.85,130.5,114000,18.911228,1476500,21950.0
2024-02-06 13:54:00 +0530,21927.3,21931.5,21918.55,21918.55,0.0,145.15,147.3,138.35,138.4,573950,18.601197,5728000,21900.0,108.2,111.8,107.05,111.8,353200,19.265524,7015200,21900.0
2024-02-06 13:55:00 +0530,21918.5,21922.15,21916.55,21916.95,0.0,138.95,140.7,134.95,134.95,451150,18.209903,5728000,21900.0,111.2,114.3,110.95,113.9,397900,19.477011,7015200,21900.0
2024-02-06 13:56:00 +0530,21917.55,21920.9,21915.5,21918.15,0.0,134.8,137.6,133.3,137.3,334150,18.473131,5765750,21900.0,114.35,114.8,112.1,113.15,271450,19.449714,7114500,21900.0
2024-02-06 13:57:00 +0530,21918.75,21921.9,21916.85,21919.7,0.0,137.6,138.25,133.45,135.05,337400,18.003278,5765750,21900.0,112.75,115.15,112.35,114.35,267000,19.74479,7114500,21900.0
2024-02-06 13:58:00 +0530,21919.85,21920.3,21916.4,21918.2,0.0,135.05,135.6,132.7,135.1,391300,18.139322,5765750,21900.0,114.7,115.55,113.45,113.5,295100,19.512686,7114500,21900.0
2024-02-06 13:59:00 +0530,21918.3,21923.55,21917.4,21917.4,0.0,135.5,140.1,135.5,137.45,307750,18.568623,5837750,21900.0,113.55,113.55,109.7,112.55,228700,19.314208,7115750,21900.0
2024-02-06 14:00:00 +0530,21918.75,21921.7,21917.6,21917.6,0.0,137.55,139.5,135.6,136.8,238250,18.456075,5837750,21900.0,112.55,114.55,111.0,113.65,162800,19.499435,7115750,21900.0
2024-02-06 14:01:00 +0530,21918.2,21923.0,21917.2,21921.7,0.0,137.2,141.0,136.65,140.7,264050,18.714876,5837750,21900.0,113.65,114.0,110.9,111.45,134800,19.452693,7115750,21900.0
2024-02-06 14:02:00 +0530,21922.45,21928.2,21922.45,21923.65,0.0,140.9,144.15,140.35,141.4,447700,18.661841,5846350,21900.0,111.7,112.0,109.5,110.85,234350,19.499259,7166650,21900.0
2024-02-06 14:03:00 +0530,21923.55,21927.6,21923.55,21925.3,0.0,115.75,117.85,114.45,116.15,247700,18.5906,2395800,21950.0,133.65,135.3,132.25,133.7,83400,19.387934,1589400,21950.0
2024-02-06 14:04:00 +0530,21926.15,21935.4,21925.85,21932.0,0.0,115.8,124.7,115.8,120.7,606150,18.785686,2395800,21950.0,133.65,133.75,126.7,129.55,198050,19.277603,1589400,21950.0
2024-02-06 14:05:00 +0530,21931.35,21935.25,21930.55,21931.25,0.0,121.7,124.95,120.8,121.0,478150,18.891331,2421450,21950.0,129.55,130.3,127.2,130.0,182500,19.291414,1674850,21950.0
2024-02-06 14:06:00 +0530,21931.15,21931.65,21924.75,21926.6,0.0,119.9,120.0,114.25,115.75,410500,18.44347,2421450,21950.0,130.3,133.4,130.2,132.95,195500,19.383837,1674850,21950.0
2024-02-06 14:07:00 +0530,21926.55,21931.45,21923.6,21930.0,0.0,115.9,118.0,112.8,116.75,218050,18.345219,2421450,21950.0,132.8,134.9,131.25,131.65,107950,19.452213,1674850,21950.0
2024-02-06 14:08:00 +0530,21929.55,21931.65,21926.25,21926.25,0.0,116.25,118.9,112.75,114.15,220850,18.232561,2404950,21950.0,132.1,135.45,130.7,134.1,123250,19.537669,1745200,21950.0
2024-02-06 14:09:00 +0530,21926.6,21927.0,21923.4,21923.4,0.0,140.95,141.75,138.3,139.65,234900,18.438759,5845050,21900.0,111.35,112.6,110.4,111.45,186950,19.594929,7379600,21900.0
2024-02-06 14:10:00 +0530,21923.95,21926.8,21922.0,21926.05,0.0,113.25,115.55,112.85,114.0,138250,18.23133,2404950,21950.0,134.25,134.45,132.35,133.0,70500,19.360382,1745200,21950.0
2024-02-06 14:11:00 +0530,21925.85,21926.2,21914.2,21914.2,0.0,140.9,141.05,132.9,133.2,510050,18.223858,5869750,21900.0,111.3,116.1,110.7,115.65,696300,19.598045,7359850,21900.0
2024-02-06 14:12:00 +0530,21913.85,21918.0,21909.0,21909.0,0.0,133.35,136.6,129.6,129.6,393250,18.101787,5869750,21900.0,115.8,118.75,113.55,118.75,604750,19.703387,7359850,21900.0
2024-02-06 14:13:00 +0530,21909.3,21909.3,21900.85,21904.45,0.0,130.4,131.35,125.25,130.65,571100,18.633094,5869750,21900.0,118.05,123.05,118.0,118.3,1107500,19.308289,7359850,21900.0
2024-02-06 14:14:00 +0530,21905.2,21915.85,21905.2,21914.9,0.0,131.25,138.8,130.8,138.4,560450,18.973139,5765400,21900.0,117.45,117.85,110.55,111.4,523900,19.005802,7052150,21900.0
2024-02-06 14:15:00 +0530,21915.8,21919.05,21912.2,21918.3,0.0,138.8,139.7,134.45,139.7,369150,18.894595,5765400,21900.0,111.05,114.75,110.5,110.65,373850,19.133701,7052150,21900.0
2024-02-06 14:16:00 +0530,21919.05,21920.0,21916.1,21917.5,0.0,139.15,140.55,136.8,137.75,342250,18.665506,5765400,21900.0,110.85,113.0,109.75,112.1,297450,19.3027,7052150,21900.0
2024-02-06 14:17:00 +0530,21917.95,21922.0,21917.7,21920.45,0.0,137.7,141.55,137.45,140.5,292850,18.845111,5792300,21900.0,111.8,111.8,108.15,109.75,304550,19.152261,7129750,21900.0
2024-02-06 14:18:00 +0530,21920.8,21925.45,21920.8,21923.85,0.0,141.2,143.65,140.55,142.75,341200,18.908572,5792300,21900.0,109.3,109.3,107.1,107.95,256050,19.11556,7129750,21900.0
2024-02-06 14:19:00 +0530,21924.5,21924.6,21917.8,21917.9,0.0,142.65,142.65,135.65,136.0,281500,18.374146,5792300,21900.0,108.0,112.9,107.8,112.3,230100,19.370499,7129750,21900.0
2024-02-06 14:20:00 +0530,21919.35,21919.95,21914.1,21914.7,0.0,137.0,137.0,132.35,133.5,287550,18.25943,5830500,21900.0,111.95,115.65,111.95,115.65,368450,19.660784,7120150,21900.0
2024-02-06 14:21:00 +0530,21915.95,21917.75,21912.4,21914.7,0.0,134.35,135.75,131.7,134.0,290850,18.339576,5830500,21900.0,115.35,117.4,113.7,115.35,391000,19.617816,7120150,21900.0
2024-02-06 14:22:00 +0530,21915.55,21917.9,21910.25,21910.25,0.0,133.95,135.65,129.8,129.8,280450,18.064531,5830500,21900.0,115.4,118.3,114.05,118.3,291650,19.754818,7120150,21900.0
2024-02-06 14:23:00 +0530,21910.6,21915.5,21910.3,21912.95,0.0,130.1,135.25,129.7,134.2,225150,18.521385,5765700,21900.0,118.0,118.15,114.55,115.25,275000,19.48383,7106300,21900.0
2024-02-06 14:24:00 +0530,21913.6,21918.8,21912.95,21918.3,0.0,134.25,136.55,133.25,136.15,147800,18.381135,5765700,21900.0,115.55,116.15,111.95,112.15,237000,19.390607,7106300,21900.0
2024-02-06 14:25:00 +0530,21918.6,21922.8,21918.6,21919.8,0.0,137.5,139.5,135.8,138.15,303100,18.566609,5765700,21900.0,111.35,112.75,110.5,111.3,289100,19.368529,7106300,21900.0
2024-02-06 14:26:00 +0530,21920.2,21921.75,21915.25,21915.8,0.0,138.4,139.9,133.95,135.0,281900,18.419347,5756150,21900.0,111.2,114.45,110.35,114.0,207950,19.503912,7062050,21900.0
2024-02-06 14:27:00 +0530,21916.3,21922.05,21915.05,21918.2,0.0,134.1,137.8,132.0,135.3,216550,18.26921,5756150,21900.0,114.25,115.8,111.7,113.95,217100,19.669093,7062050,21900.0
2024-02-06 14:28:00 +0530,21918.5,21919.8,21914.3,21914.65,0.0,135.35,136.45,131.8,132.55,176500,18.14518,5756150,21900.0,114.25,116.0,113.25,115.9,184250,19.719913,7062050,21900.0
2024-02-06 14:29:00 +0530,21915.45,21916.1,21908.6,21911.6,0.0,132.3,133.4,128.95,130.95,242700,18.154278,5767100,21900.0,116.0,118.9,115.15,117.85,345750,19.804195,7084550,21900.0
2024-02-06 14:30:00 +0530,21912.0,21919.35,21912.0,21917.5,0.0,132.6,134.2,130.0,133.7,277850,18.091928,5767100,21900.0,116.3,118.7,114.25,114.5,395650,19.713282,7084550,21900.0
2024-02-06 14:31:00 +0530,21918.05,21919.2,21917.1,21917.8,0.0,134.4,135.1,132.8,134.35,164250,18.170289,5767100,21900.0,114.1,115.0,112.5,112.9,233500,19.491607,7084550,21900.0
2024-02-06 14:32:00 +0530,21917.9,21926.7,21917.4,21926.55,0.0,107.75,111.0,107.4,110.8,169750,17.779406,2456200,21950.0,136.3,136.75,132.55,132.55,90500,19.395745,1764600,21950.0
2024-02-06 14:33:00 +0530,21927.2,21929.95,21922.0,21927.05,0.0,110.9,113.1,108.45,112.35,281700,17.982577,2456200,21950.0,132.4,136.0,130.3,131.1,93750,19.215967,1764600,21950.0
2024-02-06 14:34:00 +0530,21927.85,21929.3,21922.05,21922.05,0.0,139.5,141.35,136.35,136.8,292100,18.200753,5727300,21900.0,108.55,111.8,107.7,111.35,218400,19.561069,7081400,21900.0
2024-02-06 14:35:00 +0530,21923.75,21930.5,21923.65,21928.9,0.0,111.1,115.35,111.1,114.9,237600,18.240939,2458250,21950.0,133.85,133.85,130.0,130.5,109100,19.27427,1782600,21950.0
2024-02-06 14:36:00 +0530,21929.2,21929.6,21924.1,21926.5,0.0,115.2,115.2,110.0,111.2,159900,17.857719,2458250,21950.0,130.5,134.65,130.5,133.45,56950,19.541491,1782600,21950.0
2024-02-06 14:37:00 +0530,21927.75,21935.85,21927.55,21934.4,0.0,111.4,116.65,111.4,115.55,325150,17.931081,2458250,21950.0,133.5,133.5,129.6,130.0,132000,19.62846,1782600,21950.0
2024-02-06 14:38:00 +0530,21934.7,21944.45,21934.3,21943.55,0.0,115.5,125.3,115.5,124.25,679850,18.559507,2481200,21950.0,130.55,130.55,120.35,120.35,304850,18.848841,1818700,21950.0
2024-02-06 14:39:00 +0530,21943.4,21950.75,21943.4,21944.1,0.0,123.4,128.75,121.5,122.0,646500,18.175706,2481200,21950.0,122.75,122.75,117.6,122.0,337650,19.145413,1818700,21950.0
2024-02-06 14:40:00 +0530,21946.45,21946.45,21937.45,21938.65,0.0,122.2,122.2,115.1,116.9,436100,17.821959,2481200,21950.0,122.0,127.55,122.0,126.45,262150,19.418557,1818700,21950.0
2024-02-06 14:41:00 +0530,21939.45,21942.95,21937.1,21938.9,0.0,118.05,119.4,115.0,115.95,248850,17.660624,2475050,21950.0,125.95,127.8,125.0,127.3,147000,19.570628,1984950,21950.0
2024-02-06 14:42:00 +0530,21939.2,21945.3,21939.2,21944.05,0.0,116.3,120.85,116.3,120.45,259750,17.952588,2475050,21950.0,127.15,127.15,123.75,123.75,133200,19.41845,1984950,21950.0
2024-02-06 14:43:00 +0530,21944.3,21947.15,21937.1,21937.1,0.0,120.8,121.6,115.45,115.45,312350,17.72935,2475050,21950.0,123.9,127.35,122.25,127.25,143750,19.432087,1984950,21950.0
2024-02-06 14:44:00 +0530,21938.1,21941.5,21937.4,21937.4,0.0,115.95,117.5,112.55,112.55,301900,17.265519,2470200,21950.0,127.05,128.8,125.65,128.8,153050,19.69533,1996100,21950.0
2024-02-06 14:45:00 +0530,21938.55,21938.9,21922.2,21922.2,0.0,141.25,141.45,133.85,134.7,484400,17.901751,5798700,21900.0,105.0,111.2,105.0,110.8,573450,19.520221,7438700,21900.0
2024-02-06 14:46:00 +0530,21923.7,21928.7,21923.1,21926.25,0.0,109.5,112.55,109.5,110.4,221400,17.787304,2470200,21950.0,133.7,133.7,129.55,132.15,212000,19.352631,1996100,21950.0
2024-02-06 14:47:00 +0530,21927.0,21931.6,21927.0,21928.3,0.0,110.2,112.7,108.9,109.65,170400,17.522183,2419250,21950.0,132.2,133.3,129.5,133.0,111000,19.646353,1966300,21950.0
2024-02-06 14:48:00 +0530,21927.85,21930.25,21926.0,21926.2,0.0,109.9,110.85,107.65,108.0,151800,17.429551,2419250,21950.0,132.65,134.7,131.5,134.35,106700,19.692124,1966300,21950.0
2024-02-06 14:49:00 +0530,21926.95,21927.85,21911.35,21911.35,0.0,134.35,134.85,125.45,126.05,552800,17.488885,5774650,21900.0,110.3,117.75,110.3,117.65,602700,19.817003,7410900,21900.0
2024-02-06 14:50:00 +0530,21912.95,21923.6,21912.95,21917.85,0.0,128.15,134.1,127.25,129.15,480300,17.428992,5769250,21900.0,115.9,116.9,111.65,116.2,622200,20.061672,7299950,21900.0
2024-02-06 14:51:00 +0530,21918.55,21918.55,21911.7,21914.7,0.0,129.1,131.8,126.0,129.65,392500,17.772995,5769250,21900.0,116.45,118.55,114.8,116.8,607450,19.932792,7299950,21900.0
2024-02-06 14:52:00 +0530,21915.7,21919.1,21912.5,21912.5,0.0,129.6,131.45,127.05,127.2,272100,17.581133,5769250,21900.0,116.3,119.3,115.05,118.65,400100,20.063141,7299950,21900.0
2024-02-06 14:53:00 +0530,21914.05,21916.85,21910.6,21911.55,0.0,129.55,131.1,124.8,127.0,448250,17.632184,5868300,21900.0,116.35,120.2,115.25,118.75,626600,20.01325,7329800,21900.0
2024-02-06 14:54:00 +0530,21914.5,21914.5,21900.8,21904.85,0.0,126.0,126.0,118.25,121.25,787350,17.297802,5868300,21900.0,119.3,126.85,119.3,123.1,1212750,20.19896,7329800,21900.0
2024-02-06 14:55:00 +0530,21903.75,21906.6,21897.05,21903.45,0.0,121.8,122.7,116.15,122.65,682150,17.62993,5868300,21900.0,123.8,130.0,123.15,123.8,1488300,20.207011,7329800,21900.0
2024-02-06 14:56:00 +0530,21904.15,21908.5,21904.15,21906.95,0.0,123.0,126.65,122.4,125.4,540400,17.772989,5959550,21900.0,123.3,123.35,119.15,120.0,596650,19.881533,7079200,21900.0
2024-02-06 14:57:00 +0530,21908.1,21920.25,21907.0,21918.2,0.0,125.95,130.5,124.0,130.0,531650,17.554282,5959550,21900.0,119.8,121.95,113.3,114.0,590650,19.768859,7079200,21900.0
2024-02-06 14:58:00 +0530,21918.15,21921.25,21913.8,21915.8,0.0,130.25,130.25,124.7,125.65,390450,17.086908,5959550,21900.0,114.5,119.2,113.9,118.5,291850,20.295651,7079200,21900.0
2024-02-06 14:59:00 +0530,21915.85,21916.2,21909.75,21912.65,0.0,125.6,127.25,121.3,127.25,430150,17.599937,5993850,21900.0,118.2,122.6,116.65,116.75,386250,19.802855,7005950,21900.0
2024-02-06 15:00:00 +0530,21914.2,21929.5,21914.2,21926.05,0.0,102.45,108.05,99.75,105.3,724600,17.065273,2460850,21950.0,140.75,144.25,133.55,137.8,299200,20.247191,1724900,21950.0
2024-02-06 15:01:00 +0530,21925.6,21926.5,21918.05,21918.35,0.0,130.25,132.55,126.7,128.0,568400,17.245646,5993850,21900.0,113.2,117.65,112.6,115.95,421950,20.093196,7005950,21900.0
2024-02-06 15:02:00 +0530,21918.15,21921.9,21914.65,21921.45,0.0,127.55,131.95,124.5,129.6,433000,17.233704,5961350,21900.0,115.95,119.55,112.05,114.5,449200,20.091723,6929250,21900.0
2024-02-06 15:03:00 +0530,21922.05,21924.4,21921.25,21921.25,0.0,129.7,131.5,128.8,129.6,313500,17.254065,5961350,21900.0,114.55,115.75,112.35,113.05,234750,19.856467,6929250,21900.0
2024-02-06 15:04:00 +0530,21921.3,21927.6,21921.3,21924.35,0.0,129.85,133.3,129.45,130.35,419750,17.108228,5961350,21900.0,112.65,112.85,109.45,112.85,359750,20.046619,6929250,21900.0
2024-02-06 15:05:00 +0530,21925.45,21927.5,21924.25,21925.6,0.0,104.75,107.2,103.5,105.2,263350,17.099713,2478200,21950.0,136.65,138.95,133.35,135.6,161900,19.88907,1768050,21950.0
2024-02-06 15:06:00 +0530,21925.8,21934.45,21925.5,21934.45,0.0,104.75,111.5,104.5,111.15,379800,17.349257,2478200,21950.0,136.2,136.35,125.9,126.0,222100,19.105668,1768050,21950.0
2024-02-06 15:07:00 +0530,21935.1,21938.65,21923.5,21925.8,0.0,110.85,112.3,102.95,105.7,513100,17.16825,2478200,21950.0,126.55,134.9,125.2,133.25,262250,19.549351,1768050,21950.0
2024-02-06 15:08:00 +0530,21926.35,21932.25,21923.55,21923.55,0.0,132.0,134.35,126.25,126.25,493800,16.553503,5846350,21900.0,108.5,111.2,106.0,110.2,488450,19.592484,6754150,21900.0
2024-02-06 15:09:00 +0530,21923.7,21928.55,21923.0,21924.8,0.0,125.95,131.15,125.95,127.2,495400,16.596365,5846350,21900.0,110.45,111.5,106.6,110.4,387900,19.71415,6754150,21900.0
2024-02-06 15:10:00 +0530,21925.2,21933.75,21925.2,21931.95,0.0,102.65,106.85,102.65,106.3,279900,16.806948,2414850,21950.0,134.55,134.55,129.8,130.3,142800,19.585636,1787100,21950.0
2024-02-06 15:11:00 +0530,21933.3,21933.8,21927.2,21927.85,0.0,106.25,106.45,102.3,105.55,203750,17.004567,2330700,21950.0,130.35,135.45,130.35,130.4,120500,19.283971,1746600,21950.0
2024-02-06 15:12:00 +0530,21928.55,21928.9,21924.15,21925.25,0.0,104.7,105.35,102.2,102.9,368250,16.794254,2330700,21950.0,131.9,134.1,131.15,133.85,92800,19.613541,1746600,21950.0
2024-02-06 15:13:00 +0530,21927.45,21927.45,21921.1,21921.7,0.0,127.45,128.4,122.8,124.55,504100,16.464578,5735850,21900.0,109.75,113.55,109.75,112.6,426450,19.849771,6669900,21900.0
2024-02-06 15:14:00 +0530,21922.35,21922.45,21917.6,21919.45,0.0,125.1,125.2,119.7,123.0,476600,16.419585,5572950,21900.0,112.4,116.85,112.4,113.65,553500,19.856337,6690200,21900.0
2024-02-06 15:15:00 +0530,21919.95,21921.7,21914.35,21916.85,0.0,122.8,123.05,118.8,122.05,415050,16.496203,5572950,21900.0,114.05,118.9,114.05,117.0,551450,20.19303,6690200,21900.0
2024-02-06 15:16:00 +0530,21917.3,21923.9,21916.95,21922.9,0.0,122.2,128.05,121.35,125.9,448800,16.58084,5572950,21900.0,117.0,117.8,110.75,113.15,467250,20.029113,6690200,21900.0
2024-02-06 15:17:00 +0530,21923.6,21923.95,21918.9,21919.2,0.0,125.9,126.95,121.9,121.9,321050,16.279622,5509600,21900.0,113.75,116.8,112.8,116.8,379900,20.336108,6507500,21900.0
2024-02-06 15:18:00 +0530,21919.4,21920.8,21918.25,21919.55,0.0,122.05,125.0,121.9,122.75,290600,16.384967,5509600,21900.0,116.35,116.6,113.4,115.05,261000,20.092986,6507500,21900.0
2024-02-06 15:19:00 +0530,21919.05,21920.95,21918.25,21920.2,0.0,122.8,124.65,122.6,124.3,251900,16.573487,5509600,21900.0,115.3,115.35,113.2,114.5,325350,20.05705,6507500,21900.0
2024-02-06 15:20:00 +0530,21920.3,21930.2,21918.05,21926.3,0.0,98.9,104.0,98.9,103.2,316100,16.787708,2353000,21950.0,139.65,140.45,133.25,134.7,196300,19.85206,1662050,21950.0
2024-02-06 15:21:00 +0530,21925.7,21929.8,21925.3,21929.7,0.0,103.55,107.95,103.4,107.75,390100,17.236751,2353000,21950.0,134.45,134.75,127.85,129.1,183600,19.258678,1662050,21950.0
2024-02-06 15:22:00 +0530,21928.85,21935.9,21928.7,21935.9,0.0,106.75,110.1,106.65,108.75,397650,16.920876,2353000,21950.0,128.8,129.95,123.35,125.45,208050,19.180433,1662050,21950.0
2024-02-06 15:23:00 +0530,21935.5,21939.5,21934.7,21939.45,0.0,108.3,111.95,108.0,111.6,341800,17.088703,2317700,21950.0,125.65,125.9,121.55,121.95,129850,18.916125,1641650,21950.0
2024-02-06 15:24:00 +0530,21938.95,21944.7,21938.95,21944.7,0.0,111.5,115.2,110.8,115.2,422050,17.235511,2317700,21950.0,122.1,123.3,119.15,119.15,170200,18.885498,1641650,21950.0
2024-02-06 15:25:00 +0530,21944.1,21947.5,21943.9,21947.5,0.0,114.75,118.0,112.95,118.0,388250,17.44871,2317700,21950.0,119.8,121.8,119.3,119.65,268550,19.175783,1641650,21950.0
2024-02-06 15:26:00 +0530,21947.55,21947.55,21944.55,21945.3,0.0,117.65,118.3,113.35,115.85,321100,17.294974,2299300,21950.0,119.6,121.35,119.45,120.45,155050,19.137138,1748300,21950.0
2024-02-06 15:27:00 +0530,21945.35,21945.55,21942.0,21942.7,0.0,115.25,117.6,114.4,117.6,301250,17.773328,2299300,21950.0,120.4,120.75,115.65,115.8,236800,18.2264,1748300,21950.0
2024-02-06 15:28:00 +0530,21942.8,21943.75,21936.55,21936.55,0.0,117.35,118.4,115.7,117.1,426850,18.178757,2299300,21950.0,116.75,117.45,115.0,115.6,284000,17.728541,1748300,21950.0
2024-02-06 15:29:00 +0530,21933.95,21942.35,21933.95,21938.8,0.0,117.2,119.4,116.35,119.4,462850,18.362776,2235000,21950.0,115.2,116.05,112.65,113.4,248950,17.56462,1921200,21950.0
2024-02-06 15:30:00 +0530,21939.15,21939.15,21939.15,21939.15,0.0,119.25,119.25,119.25,119.25,1050,18.3159,2235000,21950.0,114.85,114.85,114.85,114.85,1600,17.81796,1921200,21950.0
2024-02-07 09:15:00 +0530,22045.05,22051.1,22034.5,22035.1,0.0,81.0,111.0,80.95,101.5,1391700,20.342833,1645000,22050.0,104.15,113.6,100.0,111.9,562300,20.945585,399200,22050.0
2024-02-07 09:16:00 +0530,22036.15,22049.7,22034.25,22047.6,0.0,101.15,109.55,101.15,108.0,957850,20.395278,1923350,22050.0,110.1,110.35,103.85,104.7,460750,20.764798,740450,22050.0
2024-02-07 09:17:00 +0530,22045.8,22048.2,22032.55,22032.55,0.0,107.9,109.25,100.65,100.7,790000,20.441664,1923350,22050.0,103.1,110.4,102.8,109.95,364350,20.326272,740450,22050.0
2024-02-07 09:18:00 +0530,22032.2,22036.8,22016.6,22018.3,0.0,128.15,130.8,122.25,122.65,1012250,21.189355,5050050,22000.0,87.55,93.6,85.4,93.2,1231750,20.494159,3476150,22000.0
2024-02-07 09:19:00 +0530,22018.6,22033.75,22018.6,22031.9,0.0,96.75,103.35,96.2,102.25,626000,20.815722,2309350,22050.0,116.25,116.8,109.25,110.0,447300,20.281673,1067700,22050.0
2024-02-07 09:20:00 +0530,22030.45,22030.45,22019.35,22019.35,0.0,129.25,129.8,123.75,124.1,1015950,21.373976,5500650,22000.0,87.6,94.25,86.7,93.5,1386700,20.657062,4422100,22000.0
2024-02-07 09:21:00 +0530,22019.2,22020.9,21999.6,22007.5,0.0,125.05,125.05,119.75,124.0,966050,22.588849,5500650,22000.0,93.45,102.15,91.6,96.35,2016950,20.142068,4422100,22000.0
2024-02-07 09:22:00 +0530,22008.95,22009.35,21998.5,21998.6,0.0,124.4,124.4,119.2,119.2,949000,22.557185,5869250,22000.0,96.1,102.6,95.85,102.6,1171600,20.529349,5169350,22000.0
2024-02-07 09:23:00 +0530,21999.45,22007.05,21993.1,22007.05,0.0,119.4,124.9,118.65,124.8,882000,22.80363,5869250,22000.0,102.35,104.85,95.65,96.3,1582600,20.101107,5169350,22000.0
2024-02-07 09:24:00 +0530,22006.55,22022.15,22006.55,22020.4,0.0,125.15,130.9,124.75,130.9,1439850,22.616052,5869250,22000.0,95.2,95.5,86.55,86.55,1317400,19.413685,5169350,22000.0
2024-02-07 09:25:00 +0530,22022.4,22024.0,22007.8,22009.75,0.0,130.65,131.8,123.15,123.4,1138250,22.268723,6210150,22000.0,86.7,97.7,85.6,96.85,1288400,20.467526,5609050,22000.0
2024-02-07 09:26:00 +0530,22009.45,22012.05,21996.2,21996.2,0.0,124.85,125.7,117.05,117.05,869950,22.403403,6210150,22000.0,95.4,105.5,94.95,105.5,1279000,20.885834,5609050,22000.0
2024-02-07 09:27:00 +0530,21993.1,21997.0,21985.55,21985.55,0.0,116.5,118.8,112.15,113.7,1210750,22.79544,6210150,22000.0,105.15,110.7,101.75,108.6,1661650,20.458215,5609050,22000.0
2024-02-07 09:28:00 +0530,21984.35,21992.6,21981.45,21989.15,0.0,113.6,116.0,111.25,114.9,848000,22.688349,6547550,22000.0,106.95,112.45,104.9,108.1,1616600,20.720315,5776350,22000.0
2024-02-07 09:29:00 +0530,21989.1,21991.1,21980.4,21989.95,0.0,114.75,116.15,111.1,115.4,832600,22.714728,6547550,22000.0,107.65,112.1,104.65,104.65,1168150,20.132019,5776350,22000.0
2024-02-07 09:30:00 +0530,21989.85,21989.85,21977.1,21988.85,0.0,114.15,116.35,110.15,115.45,988300,22.83799,6547550,22000.0,107.55,113.55,103.95,105.6,1461800,20.214611,5776350,22000.0
2024-02-07 09:31:00 +0530,21988.4,22003.3,21988.1,21997.8,0.0,116.55,123.15,115.5,117.8,1568850,22.424054,7093400,22000.0,104.95,105.95,96.2,102.4,1206200,20.461835,6006100,22000.0
2024-02-07 09:32:00 +0530,21997.5,22002.25,21987.85,21990.35,0.0,120.05,121.95,112.4,113.6,817700,22.345138,7093400,22000.0,101.2,107.55,98.35,106.95,806750,20.634892,6006100,22000.0
2024-02-07 09:33:00 +0530,21990.5,21993.45,21986.8,21992.25,0.0,113.7,114.7,111.45,111.6,553650,21.776352,7093400,22000.0,106.85,107.7,104.35,105.9,542450,20.620492,6006100,22000.0
2024-02-07 09:34:00 +0530,21993.5,21999.9,21987.35,21999.45,0.0,112.3,116.9,109.5,116.6,828100,22.045539,7444800,22000.0,105.5,107.85,99.9,100.3,628400,20.225293,6247400,22000.0
2024-02-07 09:35:00 +0530,22001.05,22008.85,21999.95,22000.15,0.0,116.95,121.0,116.95,119.05,1121600,22.459994,7444800,22000.0,98.8,99.8,95.65,97.75,849950,19.799473,6247400,22000.0
2024-02-07 09:36:00 +0530,22000.5,22003.4,21999.15,21999.4,0.0,118.3,121.7,118.0,118.95,691900,22.52218,7444800,22000.0,98.4,98.55,94.6,97.7,734650,19.723666,6247400,22000.0
2024-02-07 09:37:00 +0530,21999.5,22009.85,21999.4,22004.35,0.0,118.95,123.85,118.75,120.15,811300,22.26489,7351550,22000.0,97.6,97.6,90.9,94.7,890250,19.60974,6585200,22000.0
2024-02-07 09:38:00 +0530,22004.55,22012.45,22004.55,22011.0,0.0,120.3,125.45,120.3,124.5,1037600,22.441068,7351550,22000.0,94.8,94.8,88.55,89.15,831450,19.145269,6585200,22000.0
2024-02-07 09:39:00 +0530,22011.45,22016.7,22008.85,22012.65,0.0,124.55,127.7,123.6,126.5,966800,22.668171,7351550,22000.0,89.25,90.8,86.35,88.0,709100,19.075751,6585200,22000.0
2024-02-07 09:40:00 +0530,22012.55,22020.8,22012.1,22017.75,0.0,126.35,129.0,125.0,125.7,1061350,21.98481,7310900,22000.0,88.15,89.7,85.7,89.2,643350,19.777313,6862250,22000.0
2024-02-07 09:41:00 +0530,22017.45,22017.55,22005.85,22009.2,0.0,126.0,126.5,117.95,120.9,1070150,21.942453,7310900,22000.0,89.85,95.55,88.35,92.25,970700,19.601586,6862250,22000.0
2024-02-07 09:42:00 +0530,22009.25,22009.25,21982.65,21984.65,0.0,120.35,120.35,103.75,106.0,1601050,21.477954,7310900,22000.0,92.95,108.4,92.95,107.1,2025200,20.154692,6862250,22000.0
2024-02-07 09:43:00 +0530,21985.1,21986.35,21979.1,21983.5,0.0,104.7,108.4,103.25,106.4,1052200,21.672899,7372600,22000.0,108.8,110.3,104.4,107.3,1529000,20.084142,6832050,22000.0
2024-02-07 09:44:00 +0530,21984.45,21984.45,21965.35,21968.45,0.0,135.0,135.0,126.45,127.7,481750,22.382269,2100500,21950.0,85.25,94.85,85.25,92.45,1298100,20.544269,2852550,21950.0
2024-02-07 09:45:00 +0530,21967.75,21975.95,21964.25,21975.0,0.0,127.95,134.75,124.55,134.45,475900,23.018227,2100500,21950.0,91.55,96.0,86.25,87.0,1042000,20.060066,2852550,21950.0
2024-02-07 09:46:00 +0530,21975.65,21982.05,21969.3,21969.3,0.0,135.0,136.6,129.1,129.1,368950,22.581024,2310450,21950.0,84.3,92.3,83.3,92.3,598250,20.602115,2821200,21950.0
2024-02-07 09:47:00 +0530,21970.95,21972.2,21965.1,21967.5,0.0,129.55,130.55,126.1,127.95,209450,22.552155,2310450,21950.0,92.0,95.2,91.15,94.1,789000,20.79941,2821200,21950.0
2024-02-07 09:48:00 +0530,21966.8,21976.6,21966.8,21969.75,0.0,128.6,131.7,126.0,127.8,211500,22.290687,2310450,21950.0,93.2,93.85,89.2,92.05,449800,20.604159,2821200,21950.0
2024-02-07 09:49:00 +0530,21970.25,21985.85,21967.05,21983.45,0.0,101.6,106.45,97.6,105.6,879800,21.559795,8449700,22000.0,114.35,117.85,103.8,105.95,999800,19.845835,6783550,22000.0
2024-02-07 09:50:00 +0530,21983.05,21987.55,21974.55,21978.1,0.0,106.1,106.35,96.6,101.3,956650,21.232192,8449700,22000.0,104.95,117.1,104.45,110.05,958250,20.113626,6783550,22000.0
2024-02-07 09:51:00 +0530,21979.35,21991.75,21975.85,21990.7,0.0,101.35,105.15,97.0,105.0,1090800,20.752616,8449700,22000.0,109.85,114.9,104.85,105.15,830200,20.41858,6783550,22000.0
2024-02-07 09:52:00 +0530,21990.9,21993.8,21988.4,21990.45,0.0,103.65,105.4,101.6,105.0,828900,20.783327,8854000,22000.0,104.3,108.35,103.4,103.8,624450,20.1348,6822650,22000.0
2024-02-07 09:53:00 +0530,21990.75,21991.15,21985.05,21990.8,0.0,104.0,106.6,101.4,106.6,761100,21.068963,8854000,22000.0,104.55,107.95,100.0,100.0,683300,19.429469,6822650,22000.0
2024-02-07 09:54:00 +0530,21991.55,21991.75,21980.3,21986.4,0.0,105.45,106.3,99.95,104.9,849700,21.170416,8854000,22000.0,101.75,107.65,101.05,101.55,672350,19.303462,6822650,22000.0
2024-02-07 09:55:00 +0530,21987.0,21992.0,21984.85,21991.4,0.0,104.45,107.6,103.1,107.05,845000,21.111032,8857700,22000.0,101.75,104.15,96.9,97.6,853950,19.027703,6937450,22000.0
2024-02-07 09:56:00 +0530,21992.3,21998.35,21991.7,21997.85,0.0,106.25,111.45,106.25,109.95,1204300,21.046692,8857700,22000.0,98.5,98.5,92.25,94.0,885300,18.952027,6937450,22000.0
2024-02-07 09:57:00 +0530,21998.2,22002.8,21998.2,21998.7,0.0,109.7,111.95,107.0,107.15,884700,20.41826,8857700,22000.0,94.15,98.6,92.05,98.6,669200,19.941317,6937450,22000.0
2024-02-07 09:58:00 +0530,21998.6,22003.65,21996.45,22003.15,0.0,106.25,110.4,103.6,109.8,780050,20.494699,8784700,22000.0,99.25,101.1,94.0,94.2,882300,19.505884,7031800,22000.0
2024-02-07 09:59:00 +0530,22002.6,22009.25,22001.8,22008.85,0.0,110.1,111.3,105.9,110.2,744050,19.993508,8784700,22000.0,93.85,97.6,92.9,93.1,841750,19.828611,7031800,22000.0
2024-02-07 10:00:00 +0530,22009.5,22012.65,22003.9,22004.85,0.0,109.85,110.8,105.6,105.9,949200,19.566763,8784700,22000.0,92.9,98.75,92.2,97.8,882200,20.384037,7031800,22000.0
2024-02-07 10:01:00 +0530,22004.75,22005.4,21999.15,22005.2,0.0,104.95,108.0,103.05,107.95,626250,19.939923,9100600,22000.0,98.55,100.75,96.05,96.45,619550,20.156873,7078150,22000.0
2024-02-07 10:02:00 +0530,22005.45,22005.45,21994.85,21995.4,0.0,107.0,107.95,101.8,101.8,544800,19.72802,9100600,22000.0,96.9,102.0,96.1,102.0,652000,20.317394,7078150,22000.0
2024-02-07 10:03:00 +0530,21995.85,21997.3,21990.6,21991.7,0.0,101.75,101.75,97.4,97.9,1020350,19.333773,9100600,22000.0,102.05,105.0,100.75,104.6,976200,20.472936,7078150,22000.0
2024-02-07 10:04:00 +0530,21992.25,21992.25,21977.25,21977.25,0.0,97.8,97.8,89.2,89.2,1441000,19.017831,9290100,22000.0,105.15,112.75,104.25,112.2,1242850,20.523554,6919700,22000.0
2024-02-07 10:05:00 +0530,21974.75,21976.45,21966.9,21975.45,0.0,89.25,92.35,85.7,89.9,1447900,19.330489,9290100,22000.0,113.3,118.55,108.9,111.65,2157800,20.235043,6919700,22000.0
2024-02-07 10:06:00 +0530,21975.25,21987.4,21975.25,21982.2,0.0,90.65,94.4,89.6,93.55,1377050,19.417241,9290100,22000.0,110.2,112.4,105.35,108.4,970400,20.290216,6919700,22000.0
2024-02-07 10:07:00 +0530,21982.2,21992.75,21982.1,21992.75,0.0,94.3,96.45,92.85,96.45,869300,18.968324,9430100,22000.0,106.65,109.6,102.2,102.4,680200,20.164488,6667000,22000.0
2024-02-07 10:08:00 +0530,21994.3,21997.1,21986.35,21996.6,0.0,96.95,98.75,93.55,98.75,753200,19.043715,9430100,22000.0,101.95,106.55,100.45,100.45,683300,20.160697,6667000,22000.0
2024-02-07 10:09:00 +0530,21997.1,22003.0,21997.1,22002.55,0.0,98.75,101.05,98.45,100.25,975750,18.742946,9430100,22000.0,99.65,100.85,97.3,97.9,686050,20.234366,6667000,22000.0
2024-02-07 10:10:00 +0530,22002.05,22002.05,21996.8,21998.8,0.0,100.05,100.75,97.2,98.15,621750,18.715894,9355550,22000.0,98.1,103.4,97.8,102.2,621400,20.728343,6739050,22000.0
2024-02-07 10:11:00 +0530,21998.4,22003.25,21998.1,22002.75,0.0,98.75,101.95,98.75,101.25,529700,18.931139,9355550,22000.0,101.65,101.8,98.15,99.4,396050,20.559762,6739050,22000.0
2024-02-07 10:12:00 +0530,22001.85,22009.0,22001.0,22004.4,0.0,101.2,104.65,101.05,101.9,745800,18.895826,9355550,22000.0,99.25,99.5,95.85,99.25,552000,20.692138,6739050,22000.0
2024-02-07 10:13:00 +0530,22004.4,22014.55,22002.85,22014.55,0.0,102.0,108.0,100.65,107.5,927800,18.945115,9345200,22000.0,99.2,101.2,94.25,94.35,718500,20.676313,6885850,22000.0
2024-02-07 10:14:00 +0530,22014.75,22014.75,22005.85,22009.8,0.0,106.85,107.85,102.25,104.85,714900,18.928952,9345200,22000.0,94.75,98.9,94.6,96.4,527550,20.647603,6885850,22000.0
2024-02-07 10:15:00 +0530,22009.2,22013.7,22008.5,22008.5,0.0,104.9,108.9,104.9,105.4,855800,19.179472,9345200,22000.0,95.95,95.95,92.95,95.85,568650,20.423086,6885850,22000.0
2024-02-07 10:16:00 +0530,22008.6,22010.75,22004.4,22010.3,0.0,104.9,108.2,104.0,105.8,538750,19.075974,9259400,22000.0,96.6,97.75,94.3,96.55,743300,20.734807,7166450,22000.0
2024-02-07 10:17:00 +0530,22008.75,22011.65,22003.2,22011.45,0.0,104.8,109.2,102.45,109.2,671650,19.633468,9259400,22000.0,97.35,98.95,92.8,93.25,562150,20.194541,7166450,22000.0
2024-02-07 10:18:00 +0530,22012.45,22021.05,22010.7,22018.15,0.0,109.6,114.25,109.45,112.45,1495000,19.569718,9259400,22000.0,92.55,92.95,88.35,90.2,1109850,20.210666,7166450,22000.0
2024-02-07 10:19:00 +0530,22018.35,22019.1,22010.1,22010.1,0.0,111.7,113.6,106.2,106.2,824100,19.193795,9178900,22000.0,90.95,94.2,89.5,94.1,492750,20.248042,7184700,22000.0
2024-02-07 10:20:00 +0530,22010.7,22010.7,22000.1,22002.65,0.0,106.15,106.25,100.2,103.75,997500,19.487958,9178900,22000.0,94.25,98.95,94.25,96.1,972800,19.947222,7184700,22000.0
2024-02-07 10:21:00 +0530,22003.1,22009.45,22003.1,22007.15,0.0,104.35,108.45,103.6,106.25,684450,19.523886,9178900,22000.0,95.3,96.45,91.75,93.2,540900,19.804747,7184700,22000.0
2024-02-07 10:22:00 +0530,22008.15,22008.15,21999.3,22003.2,0.0,106.1,106.1,98.35,101.55,897650,19.008418,9207350,22000.0,93.45,99.75,93.1,96.7,886900,20.128863,7241100,22000.0
2024-02-07 10:23:00 +0530,22004.5,22004.5,21997.5,21999.6,0.0,101.3,101.3,98.5,100.45,445550,19.16452,9207350,22000.0,96.7,100.0,96.7,97.8,547700,20.007137,7241100,22000.0
2024-02-07 10:24:00 +0530,21999.75,22001.25,21992.65,21996.35,0.0,100.25,102.4,96.6,98.8,503400,19.172473,9207350,22000.0,98.1,101.05,96.2,98.55,510750,19.846237,7241100,22000.0
2024-02-07 10:25:00 +0530,21997.15,21997.8,21994.8,21995.75,0.0,98.35,99.95,96.3,97.5,448100,18.981485,9413350,22000.0,99.1,101.45,97.65,99.3,567100,19.941429,7120000,22000.0
2024-02-07 10:26:00 +0530,21996.45,21999.4,21990.9,21991.4,0.0,99.35,100.8,96.25,97.75,468750,19.470315,9413350,22000.0,98.7,101.6,96.2,100.2,502550,19.697602,7120000,22000.0
2024-02-07 10:27:00 +0530,21992.05,21999.55,21990.6,21998.05,0.0,98.4,100.9,96.6,99.6,486500,19.177096,9413350,22000.0,100.0,101.2,95.75,96.9,472650,19.700554,7120000,22000.0
2024-02-07 10:28:00 +0530,21996.3,22003.45,21996.3,22001.65,0.0,100.9,103.0,100.6,102.85,551400,19.460293,9593650,22000.0,95.55,96.1,93.05,94.25,476900,19.52769,7117450,22000.0
2024-02-07 10:29:00 +0530,22001.2,22002.35,21997.35,21997.35,0.0,103.1,103.25,100.45,101.55,493450,19.645906,9593650,22000.0,94.25,97.25,93.8,96.85,279250,19.633247,7117450,22000.0
2024-02-07 10:30:00 +0530,21997.75,21999.85,21995.1,21995.7,0.0,101.45,101.8,98.55,98.55,596500,19.223846,9593650,22000.0,97.0,98.45,95.0,97.65,442300,19.636259,7117450,22000.0
2024-02-07 10:31:00 +0530,21995.65,21996.95,21989.35,21994.4,0.0,98.05,98.9,94.45,97.1,844750,19.072822,9891700,22000.0,97.75,101.15,97.2,99.15,608550,19.811461,7165250,22000.0
2024-02-07 10:32:00 +0530,21994.4,22000.2,21990.35,21999.1,0.0,97.45,99.15,94.25,98.75,588600,18.931713,9891700,22000.0,98.45,101.8,96.4,96.5,516700,19.749188,7165250,22000.0
2024-02-07 10:33:00 +0530,22000.3,22005.55,21994.9,21994.9,0.0,99.0,102.55,96.85,97.25,805450,19.064272,9891700,22000.0,96.85,98.9,93.35,98.9,511750,19.821506,7165250,22000.0
2024-02-07 10:34:00 +0530,21995.3,21995.75,21990.3,21994.45,0.0,97.0,97.5,94.7,96.6,553400,18.986374,10232150,22000.0,98.5,101.65,98.45,99.5,490950,19.901648,7215400,22000.0
2024-02-07 10:35:00 +0530,21994.25,21996.8,21992.25,21992.55,0.0,97.8,98.2,93.65,94.45,498050,18.755502,10232150,22000.0,99.65,102.7,97.5,101.4,473250,20.096743,7215400,22000.0
2024-02-07 10:36:00 +0530,21992.75,21993.2,21981.15,21984.4,0.0,94.25,94.25,89.7,91.85,1101650,19.046099,10232150,22000.0,101.85,106.95,101.85,104.35,1140800,19.871589,7215400,22000.0
2024-02-07 10:37:00 +0530,21985.05,21985.05,21976.6,21979.6,0.0,91.8,91.8,88.3,89.25,877350,18.997299,10412250,22000.0,104.5,109.55,104.5,108.8,852350,20.270345,7224500,22000.0
2024-02-07 10:38:00 +0530,21979.0,21980.0,21973.2,21973.2,0.0,115.95,116.2,110.6,111.45,236600,18.984047,2130950,21950.0,84.95,89.2,84.45,88.55,592600,20.493152,3038850,21950.0
2024-02-07 10:39:00 +0530,21974.15,21977.6,21969.85,21974.7,0.0,111.2,114.85,108.65,113.55,310100,19.244644,2130950,21950.0,89.35,90.95,85.25,87.25,579150,20.373299,3038850,21950.0
2024-02-07 10:40:00 +0530,21974.75,21974.95,21964.35,21972.1,0.0,114.0,115.0,106.35,111.55,310050,19.137673,2233750,21950.0,86.7,97.15,85.6,90.3,841200,20.755193,2990050,21950.0
2024-02-07 10:41:00 +0530,21972.0,21972.85,21959.3,21959.3,0.0,111.85,113.15,105.0,105.45,311100,19.305836,2233750,21950.0,90.1,99.0,88.2,99.0,638950,21.314862,2990050,21950.0
2024-02-07 10:42:00 +0530,21958.55,21966.35,21953.45,21963.55,0.0,105.35,111.8,101.95,109.85,532800,19.73869,2233750,21950.0,98.65,103.5,88.4,90.6,1206150,20.041475,2990050,21950.0
2024-02-07 10:43:00 +0530,21963.85,21963.85,21943.45,21944.75,0.0,108.6,108.9,97.8,99.7,546900,19.672142,2392000,21950.0,92.25,105.75,91.85,102.8,1155650,20.680752,2852100,21950.0
2024-02-07 10:44:00 +0530,21944.7,21961.95,21944.7,21961.95,0.0,101.15,106.75,99.55,106.3,599600,19.21232,2392000,21950.0,101.35,101.7,92.7,92.7,931300,20.322888,2852100,21950.0
2024-02-07 10:45:00 +0530,21961.6,21970.7,21958.35,21970.4,0.0,104.7,111.35,102.35,110.8,619600,19.204495,2392000,21950.0,92.65,97.35,87.45,88.0,759700,20.167554,2852100,21950.0
2024-02-07 10:46:00 +0530,21971.0,21976.95,21966.7,21975.2,0.0,84.25,86.6,82.25,85.65,1186200,18.750355,11061850,22000.0,113.85,117.1,108.1,110.75,720050,20.250354,6590200,22000.0
2024-02-07 10:47:00 +0530,21975.15,21976.85,21970.3,21976.05,0.0,84.7,85.8,81.9,85.4,659150,18.625979,11061850,22000.0,111.35,114.9,109.65,110.5,556150,20.294873,6590200,22000.0
2024-02-07 10:48:00 +0530,21976.5,21976.5,21965.9,21967.85,0.0,110.15,110.15,105.05,106.95,198200,18.729417,2665450,21950.0,87.1,91.95,87.1,89.85,295350,20.321496,2922050,21950.0
2024-02-07 10:49:00 +0530,21967.55,21976.7,21966.55,21975.6,0.0,81.5,85.95,81.1,85.25,581100,18.650165,11127750,22000.0,115.2,116.1,108.75,109.7,440300,20.098895,6642000,22000.0
2024-02-07 10:50:00 +0530,21976.05,21976.6,21970.55,21974.1,0.0,111.75,112.5,109.1,111.6,246500,18.985628,2670050,21950.0,85.05,88.0,84.55,85.45,305400,20.018095,3069350,21950.0
2024-02-07 10:51:00 +0530,21975.05,21976.45,21972.1,21972.1,0.0,111.85,113.15,108.4,108.4,286950,18.570238,2670050,21950.0,85.25,87.9,82.55,87.9,313950,20.335097,3069350,21950.0
2024-02-07 10:52:00 +0530,21972.8,21977.8,21971.75,21976.85,0.0,82.65,86.2,82.65,85.05,450900,18.509214,11008000,22000.0,112.6,112.6,106.7,109.4,302300,20.186011,6727100,22000.0
2024-02-07 10:53:00 +0530,21975.3,21981.3,21975.1,21978.75,0.0,85.0,86.7,83.7,84.4,640950,18.204206,11008000,22000.0,109.6,111.15,106.3,110.25,432300,20.559136,6727100,22000.0
2024-02-07 10:54:00 +0530,21977.9,21981.3,21976.95,21981.3,0.0,85.0,86.4,84.05,85.5,521500,18.185248,11008000,22000.0,109.55,110.65,106.25,107.25,324850,20.229022,6727100,22000.0
2024-02-07 10:55:00 +0530,21981.65,21984.55,21976.6,21977.0,0.0,85.75,87.0,83.15,84.0,672150,18.302252,11207500,22000.0,107.25,110.6,105.3,109.7,530750,20.278012,6732750,22000.0
2024-02-07 10:56:00 +0530,21977.2,21979.4,21975.3,21979.4,0.0,83.55,86.3,82.8,85.6,505600,18.399158,11207500,22000.0,109.65,110.95,106.7,106.8,367100,19.953481,6732750,22000.0
2024-02-07 10:57:00 +0530,21978.25,21985.25,21978.25,21980.3,0.0,85.8,87.85,83.2,83.2,729250,17.838559,11207500,22000.0,107.1,108.35,102.35,108.3,610550,20.352078,6732750,22000.0
2024-02-07 10:58:00 +0530,21979.75,21979.75,21972.5,21974.85,0.0,108.8,109.85,105.4,107.8,255450,18.182366,2689550,21950.0,84.45,87.95,84.1,85.65,342550,20.169792,3091750,21950.0
2024-02-07 10:59:00 +0530,21974.1,21975.75,21969.9,21971.75,0.0,108.4,108.4,103.9,105.9,248850,18.152061,2689550,21950.0,84.95,89.25,84.95,86.95,362550,20.156305,3091750,21950.0
2024-02-07 11:00:00 +0530,21972.7,21974.15,21964.95,21973.65,0.0,105.85,107.75,102.95,107.75,323950,18.318782,2689550,21950.0,87.65,90.8,85.25,85.45,496300,20.032019,3091750,21950.0
2024-02-07 11:01:00 +0530,21972.6,21975.8,21971.85,21974.25,0.0,107.05,109.75,107.0,107.0,234200,18.105618,2715800,21950.0,85.95,86.5,83.3,86.5,223550,20.303612,3207100,21950.0
2024-02-07 11:02:00 +0530,21974.45,21974.45,21967.0,21967.0,0.0,107.1,108.75,103.75,103.8,125400,18.271117,2715800,21950.0,86.05,88.6,84.3,88.45,179600,20.038922,3207100,21950.0
2024-02-07 11:03:00 +0530,21967.25,21967.85,21956.25,21958.6,0.0,104.15,104.45,97.65,98.5,426950,18.118051,2715800,21950.0,88.55,94.2,87.85,93.95,596750,20.362638,3207100,21950.0
2024-02-07 11:04:00 +0530,21958.4,21960.2,21956.3,21957.85,0.0,97.85,100.75,96.5,97.65,266400,18.032758,2771950,21950.0,94.5,94.85,92.0,93.75,495750,20.256715,3157650,21950.0
2024-02-07 11:05:00 +0530,21957.15,21957.15,21947.15,21947.7,0.0,98.35,98.35,91.85,92.45,536850,18.053205,2771950,21950.0,94.35,100.4,93.75,99.85,987600,20.504252,3157650,21950.0
2024-02-07 11:06:00 +0530,21947.6,21948.8,21940.35,21948.3,0.0,91.65,94.1,89.4,94.0,779700,18.308417,2771950,21950.0,100.15,104.45,98.25,99.25,1088350,20.448419,3157650,21950.0
2024-02-07 11:07:00 +0530,21948.5,21951.9,21946.1,21946.1,0.0,94.45,95.95,93.0,93.45,558500,18.428835,2951350,21950.0,98.45,100.0,95.3,99.65,526450,20.317522,3099800,21950.0
2024-02-07 11:08:00 +0530,21946.7,21947.55,21941.5,21942.95,0.0,92.65,93.1,90.35,91.35,334700,18.332389,2951350,21950.0,100.7,102.8,98.8,100.35,553250,20.1505,3099800,21950.0
2024-02-07 11:09:00 +0530,21943.6,21943.65,21932.5,21942.1,0.0,91.45,91.75,85.65,90.65,686750,18.283216,2951350,21950.0,100.65,110.85,100.55,103.65,1351050,20.733624,3099800,21950.0
2024-02-07 11:10:00 +0530,21941.4,21949.8,21940.15,21947.2,0.0,90.35,94.55,88.45,93.2,648050,18.283753,3206800,21950.0,103.9,106.3,97.3,99.45,744450,20.402685,3053950,21950.0
2024-02-07 11:11:00 +0530,21947.25,21952.1,21947.25,21952.1,0.0,93.3,95.85,92.8,95.85,512100,18.316111,3206800,21950.0,99.1,99.8,94.95,94.95,525900,19.983504,3053950,21950.0
2024-02-07 11:12:00 +0530,21952.3,21955.85,21949.75,21953.4,0.0,95.2,97.4,95.1,96.55,479850,18.326961,3206800,21950.0,95.35,95.35,90.8,92.2,583500,19.561924,3053950,21950.0
2024-02-07 11:13:00 +0530,21954.3,21960.5,21953.0,21960.5,0.0,96.65,99.5,96.55,99.5,450850,18.173866,3211450,21950.0,92.25,92.55,88.95,89.35,401600,19.672348,3127350,21950.0
2024-02-07 11:14:00 +0530,21960.75,21964.35,21959.8,21963.25,0.0,99.5,100.25,97.55,100.15,446050,18.013711,3211450,21950.0,88.95,90.5,86.5,87.55,453550,19.573713,3127350,21950.0
2024-02-07 11:15:00 +0530,21963.1,21965.5,21958.5,21959.6,0.0,100.0,101.1,95.6,98.2,411100,18.019923,3211450,21950.0,87.5,92.95,86.4,91.0,541850,19.930457,3127350,21950.0
2024-02-07 11:16:00 +0530,21959.8,21959.8,21953.3,21955.3,0.0,97.2,97.2,93.7,96.1,315450,18.059853,3209050,21950.0,92.0,95.45,92.0,92.95,510750,19.917795,3284100,21950.0
2024-02-07 11:17:00 +0530,21956.2,21965.6,21955.85,21963.65,0.0,96.5,102.0,96.5,101.3,388950,18.219842,3209050,21950.0,92.15,92.15,87.1,88.15,371400,19.748502,3284100,21950.0
2024-02-07 11:18:00 +0530,21965.0,21965.0,21954.95,21957.95,0.0,101.4,101.4,94.95,95.4,268150,17.64884,3209050,21950.0,87.65,94.6,87.65,94.0,375650,20.39467,3284100,21950.0
2024-02-07 11:19:00 +0530,21957.55,21960.35,21951.25,21955.3,0.0,94.5,98.6,94.0,95.4,224300,17.936025,3211350,21950.0,95.0,95.75,90.95,94.25,350650,20.196303,3311600,21950.0
2024-02-07 11:20:00 +0530,21955.05,21957.6,21952.25,21957.45,0.0,95.95,97.45,94.0,97.45,195200,18.127252,3211350,21950.0,93.35,95.65,91.8,91.8,354200,19.914261,3311600,21950.0
2024-02-07 11:21:00 +0530,21957.45,21960.55,21952.4,21952.95,0.0,97.6,98.05,93.55,94.1,207350,17.932728,3211350,21950.0,91.6,95.3,90.4,95.05,246600,20.141314,3311600,21950.0
2024-02-07 11:22:00 +0530,21952.65,21953.65,21945.3,21947.95,0.0,93.9,94.3,90.7,94.3,308650,18.498358,3237350,21950.0,95.5,98.8,94.7,94.7,650500,19.586646,3384700,21950.0
2024-02-07 11:23:00 +0530,21948.75,21948.75,21944.6,21947.95,0.0,94.05,94.05,90.9,93.15,201100,18.272355,3237350,21950.0,95.0,99.45,95.0,96.35,355450,19.924768,3384700,21950.0
2024-02-07 11:24:00 +0530,21948.15,21949.5,21940.9,21942.45,0.0,93.35,93.35,88.0,90.5,441450,18.305024,3237350,21950.0,96.55,101.8,96.45,98.6,485600,19.835909,3384700,21950.0
2024-02-07 11:25:00 +0530,21942.7,21942.7,21937.35,21939.8,0.0,89.4,89.4,86.6,88.3,320100,18.133687,3389650,21950.0,99.9,104.7,99.9,102.5,757250,20.360581,3270400,21950.0
2024-02-07 11:26:00 +0530,21939.7,21940.5,21928.95,21929.15,0.0,89.0,89.0,82.75,83.7,513650,18.258139,3389650,21950.0,102.2,109.15,102.1,109.15,687450,20.610193,3270400,21950.0
2024-02-07 11:27:00 +0530,21929.65,21934.3,21926.25,21934.3,0.0,83.2,87.85,82.0,87.6,540150,18.550138,3389650,21950.0,109.65,110.05,101.65,101.65,978150,19.63665,3270400,21950.0
2024-02-07 11:28:00 +0530,21934.95,21934.95,21930.4,21931.35,0.0,88.2,88.8,85.3,86.7,388050,18.66311,3563250,21950.0,100.6,106.1,100.6,104.35,401450,19.88118,3177500,21950.0
2024-02-07 11:29:00 +0530,21931.45,21932.4,21927.85,21932.4,0.0,86.75,86.75,83.85,86.2,325100,18.465363,3563250,21950.0,104.5,108.25,103.85,104.55,425100,20.036606,3177500,21950.0
2024-02-07 11:30:00 +0530,21932.25,21932.75,21926.35,21926.75,0.0,86.35,86.6,83.3,83.95,286100,18.563438,3563250,21950.0,104.3,109.6,104.3,108.5,618850,20.247972,3177500,21950.0
2024-02-07 11:31:00 +0530,21926.35,21930.85,21911.9,21911.9,0.0,109.65,111.75,100.0,100.35,828250,18.343321,5873650,21900.0,84.0,95.0,81.3,95.0,1614800,21.094276,9496450,21900.0
2024-02-07 11:32:00 +0530,21910.85,21910.85,21900.85,21901.9,0.0,99.25,100.0,95.15,95.8,1199350,18.494106,5873650,21900.0,94.5,99.5,91.95,96.55,2436300,20.448594,9496450,21900.0
2024-02-07 11:33:00 +0530,21901.45,21901.5,21887.0,21892.2,0.0,95.45,95.45,90.05,92.45,1342000,18.822042,5873650,21900.0,96.8,104.0,96.5,99.75,2412050,20.13686,9496450,21900.0
2024-02-07 11:34:00 +0530,21891.55,21892.9,21885.25,21887.95,0.0,93.25,93.25,86.7,88.45,1056850,18.445246,6307300,21900.0,97.85,106.0,97.65,102.25,2025050,20.216392,8813200,21900.0
2024-02-07 11:35:00 +0530,21887.75,21902.45,21882.6,21902.45,0.0,88.9,93.9,83.7,92.95,1397600,17.875717,6307300,21900.0,102.15,110.0,94.15,95.2,2142950,20.245654,8813200,21900.0
2024-02-07 11:36:00 +0530,21903.3,21904.05,21894.95,21899.45,0.0,93.7,93.7,88.6,90.25,969550,17.647898,6307300,21900.0,93.85,100.55,93.85,99.4,1012350,20.808237,8813200,21900.0
2024-02-07 11:37:00 +0530,21899.5,21900.8,21891.25,21892.1,0.0,90.0,91.5,86.45,86.55,784350,17.658981,6773550,21900.0,100.25,106.75,97.95,105.4,1304000,21.295737,8387500,21900.0
2024-02-07 11:38:00 +0530,21891.85,21891.85,21872.8,21875.95,0.0,86.4,86.4,80.4,82.0,1178950,18.335001,6773550,21900.0,105.9,120.5,105.7,117.1,2510200,22.002323,8387500,21900.0
2024-02-07 11:39:00 +0530,21874.9,21883.75,21867.75,21882.15,0.0,81.55,83.25,77.0,83.25,1315000,17.993152,6773550,21900.0,118.25,124.2,113.85,115.05,2243850,22.244667,8387500,21900.0
2024-02-07 11:40:00 +0530,21881.6,21883.4,21874.4,21877.85,0.0,83.4,83.4,79.7,80.45,802400,17.847815,7171150,21900.0,114.95,121.5,114.95,118.85,1072650,22.572272,7584550,21900.0
2024-02-07 11:41:00 +0530,21876.95,21878.9,21870.35,21877.65,0.0,81.15,81.15,77.6,80.55,733700,17.893264,7171150,21900.0,119.3,123.45,117.5,118.1,1317600,22.404765,7584550,21900.0
2024-02-07 11:42:00 +0530,21877.25,21892.15,21875.75,21890.7,0.0,80.35,85.5,79.3,83.65,1068050,17.240048,7171150,21900.0,118.25,121.1,108.7,112.3,1270250,22.585707,7584550,21900.0
2024-02-07 11:43:00 +0530,21888.5,21888.5,21881.3,21885.6,0.0,83.3,84.05,80.75,83.0,601400,17.624674,7667600,21900.0,112.75,117.15,112.2,113.3,659850,22.272102,7518300,21900.0
2024-02-07 11:44:00 +0530,21886.9,21898.35,21886.9,21895.95,0.0,83.2,85.9,83.2,85.5,738950,17.091016,7667600,21900.0,112.45,112.6,105.85,107.7,663750,22.19364,7518300,21900.0
2024-02-07 11:45:00 +0530,21895.65,21897.65,21885.15,21894.7,0.0,86.25,86.25,81.45,85.0,807400,17.123579,7667600,21900.0,106.6,115.9,106.0,110.65,976400,22.674317,7518300,21900.0
2024-02-07 11:46:00 +0530,21894.65,21897.2,21890.9,21894.1,0.0,84.65,87.3,83.45,85.55,667350,17.302654,7827500,21900.0,110.25,110.25,104.9,107.5,570500,21.97922,7636100,21900.0
2024-02-07 11:47:00 +0530,21893.85,21906.05,21893.85,21899.05,0.0,86.0,88.45,85.25,85.85,672250,16.856877,7827500,21900.0,106.65,108.05,102.6,106.65,627100,22.308521,7636100,21900.0
2024-02-07 11:48:00 +0530,21899.05,21902.0,21894.25,21901.85,0.0,85.25,87.8,84.25,87.75,544550,16.955096,7827500,21900.0,107.25,109.45,103.55,103.55,453750,21.96103,7636100,21900.0
2024-02-07 11:49:00 +0530,21902.5,21906.85,21901.85,21904.55,0.0,87.8,89.2,86.8,88.5,694200,16.826591,7890900,21900.0,103.4,104.0,100.8,101.85,530550,21.886325,7605550,21900.0
2024-02-07 11:50:00 +0530,21904.35,21906.15,21898.2,21905.8,0.0,88.6,89.8,85.2,89.0,703950,16.800177,7890900,21900.0,101.6,106.75,99.8,101.6,626650,21.963781,7605550,21900.0
2024-02-07 11:51:00 +0530,21905.95,21910.55,21901.3,21906.85,0.0,89.15,90.55,86.0,87.9,693800,16.467998,7890900,21900.0,101.2,105.25,98.4,102.4,590700,22.23557,7605550,21900.0
2024-02-07 11:52:00 +0530,21905.8,21907.7,21899.6,21902.0,0.0,87.8,89.2,84.55,85.85,483500,16.573803,8047700,21900.0,103.0,106.9,100.25,104.85,438950,22.265765,7599650,21900.0
2024-02-07 11:53:00 +0530,21901.15,21901.5,21894.35,21896.75,0.0,85.4,85.45,82.3,83.85,539000,16.721839,8047700,21900.0,105.5,111.7,105.5,110.25,843700,22.850405,7599650,21900.0
2024-02-07 11:54:00 +0530,21896.85,21899.65,21888.5,21890.4,0.0,83.6,84.35,80.65,82.0,558150,17.001246,8047700,21900.0,109.35,117.0,109.35,114.4,1025300,23.05997,7599650,21900.0
2024-02-07 11:55:00 +0530,21889.9,21894.4,21880.35,21884.9,0.0,82.6,83.55,77.45,79.7,921000,17.089143,8222950,21900.0,113.55,121.6,111.25,117.75,1643550,23.183279,7455500,21900.0
2024-02-07 11:56:00 +0530,21884.4,21886.4,21866.35,21869.6,0.0,104.5,104.65,93.05,93.05,509400,16.173236,1844400,21850.0,92.55,104.8,91.85,102.8,1252400,23.624586,3094050,21850.0
2024-02-07 11:57:00 +0530,21866.25,21870.3,21860.85,21864.4,0.0,92.9,95.0,89.75,92.05,539850,16.560857,1844400,21850.0,103.55,106.9,100.65,103.5,1166050,23.279489,3094050,21850.0
2024-02-07 11:58:00 +0530,21864.35,21872.1,21862.7,21866.05,0.0,93.0,93.4,89.6,90.1,341850,15.979491,2028550,21850.0,102.65,105.6,98.05,103.8,737100,23.505699,3137450,21850.0
2024-02-07 11:59:00 +0530,21866.3,21876.75,21864.3,21875.0,0.0,90.55,95.35,89.1,95.35,476400,16.038999,2028550,21850.0,103.45,103.7,95.45,95.65,582950,22.681077,3137450,21850.0
2024-02-07 12:00:00 +0530,21875.1,21884.7,21869.0,21884.7,0.0,70.3,73.75,68.25,73.75,797300,15.919795,8729750,21900.0,124.45,128.2,117.35,117.35,870050,23.113578,7112700,21900.0
2024-02-07 12:01:00 +0530,21885.15,21887.0,21877.4,21878.2,0.0,74.05,74.95,71.55,71.85,706050,16.172449,8798700,21900.0,116.85,122.45,115.05,122.05,805300,23.398615,6891650,21900.0
2024-02-07 12:02:00 +0530,21877.6,21885.65,21877.5,21885.0,0.0,72.45,75.7,72.45,75.7,592050,16.299634,8798700,21900.0,120.85,120.85,113.25,113.3,448350,22.329339,6891650,21900.0
2024-02-07 12:03:00 +0530,21884.75,21892.1,21884.65,21891.75,0.0,75.55,77.05,74.4,76.35,586250,15.758221,8798700,21900.0,113.4,114.7,110.15,111.6,663850,22.684435,6891650,21900.0
2024-02-07 12:04:00 +0530,21890.5,21900.15,21889.6,21899.9,0.0,76.55,78.7,75.85,78.4,688850,15.336748,8697100,21900.0,111.45,112.15,107.55,108.25,567800,22.828608,6894050,21900.0
2024-02-07 12:05:00 +0530,21900.2,21901.85,21891.3,21892.0,0.0,78.85,79.5,75.45,77.85,689650,16.050105,8697100,21900.0,107.25,114.3,105.55,111.1,824700,22.620574,6894050,21900.0
2024-02-07 12:06:00 +0530,21890.8,21897.75,21890.8,21897.3,0.0,77.65,79.15,76.8,78.95,487900,15.732804,8697100,21900.0,111.55,112.25,108.35,109.15,393450,22.765251,6894050,21900.0
2024-02-07 12:07:00 +0530,21897.8,21901.8,21897.8,21898.75,0.0,78.95,80.7,78.95,80.05,703150,15.811324,8713250,21900.0,108.7,108.75,106.0,107.55,462050,22.58973,7048500,21900.0
2024-02-07 12:08:00 +0530,21898.5,21904.6,21897.85,21901.35,0.0,79.7,83.25,79.55,81.65,760150,15.869564,8713250,21900.0,108.4,108.8,102.85,105.4,557300,22.415384,7048500,21900.0
2024-02-07 12:09:00 +0530,21901.8,21903.3,21893.65,21895.9,0.0,82.05,82.8,77.5,80.0,640750,16.109624,8713250,21900.0,105.2,111.65,103.9,108.75,645600,22.56152,7048500,21900.0
2024-02-07 12:10:00 +0530,21896.55,21899.4,21893.2,21895.45,0.0,80.4,81.5,77.15,78.55,469050,15.864505,8734000,21900.0,107.95,113.25,106.85,111.1,604050,23.004097,7206450,21900.0
2024-02-07 12:11:00 +0530,21895.35,21907.3,21895.35,21906.9,0.0,78.65,83.65,78.55,83.0,595300,15.564922,8734000,21900.0,111.2,111.25,103.75,104.25,514650,22.747141,7206450,21900.0
2024-02-07 12:12:00 +0530,21906.15,21908.65,21891.1,21891.1,0.0,83.05,84.15,77.2,77.2,720850,16.046027,8734000,21900.0,103.65,114.35,103.45,114.35,578950,23.240192,7206450,21900.0
2024-02-07 12:13:00 +0530,21890.55,21892.05,21884.9,21889.75,0.0,76.65,78.4,75.15,76.5,639250,16.045162,8793100,21900.0,113.65,118.0,112.85,115.6,890900,23.364487,7193000,21900.0
2024-02-07 12:14:00 +0530,21889.4,21890.45,21883.4,21887.7,0.0,76.15,76.45,73.9,75.95,488750,16.144947,8793100,21900.0,116.6,119.35,115.6,116.15,636150,23.272153,7193000,21900.0
2024-02-07 12:15:00 +0530,21886.9,21894.5,21885.0,21889.8,0.0,75.7,78.0,74.1,76.7,380950,16.091798,8793100,21900.0,116.1,119.1,111.35,114.55,460350,23.167478,7193000,21900.0
2024-02-07 12:16:00 +0530,21889.45,21897.65,21889.45,21896.1,0.0,77.8,78.6,76.7,77.85,325350,15.684752,8851550,21900.0,112.95,113.3,110.0,110.85,335950,23.058301,7089150,21900.0
2024-02-07 12:17:00 +0530,21896.5,21897.45,21890.0,21890.55,0.0,78.45,78.55,75.65,76.15,251450,15.913127,8851550,21900.0,110.8,114.6,109.8,113.8,335450,23.104015,7089150,21900.0
2024-02-07 12:18:00 +0530,21890.5,21901.05,21890.35,21901.0,0.0,75.75,79.45,75.55,79.2,358200,15.456072,8851550,21900.0,114.7,114.75,108.05,108.4,346700,23.061357,7089150,21900.0
2024-02-07 12:19:00 +0530,21900.0,21905.0,21898.95,21905.0,0.0,79.95,81.7,79.15,81.05,508400,15.411902,8860850,21900.0,107.45,109.4,105.65,106.4,399250,23.054477,7139350,21900.0
2024-02-07 12:20:00 +0530,21904.4,21905.65,21900.2,21902.2,0.0,81.4,82.3,79.4,81.3,442350,15.770306,8860850,21900.0,106.75,109.3,105.0,106.55,397650,22.814011,7139350,21900.0
2024-02-07 12:21:00 +0530,21902.35,21903.6,21895.6,21898.25,0.0,81.4,82.0,77.5,78.45,392700,15.608832,8860850,21900.0,107.05,111.9,106.05,110.35,394300,23.206171,7139350,21900.0
2024-02-07 12:22:00 +0530,21897.9,21901.05,21893.15,21894.7,0.0,78.65,79.4,75.8,76.7,376800,15.625458,8937700,21900.0,110.75,114.0,108.9,113.05,326750,23.408402,7143150,21900.0
2024-02-07 12:23:00 +0530,21893.95,21897.6,21891.55,21897.3,0.0,76.95,78.6,74.55,78.0,417000,15.626646,8937700,21900.0,112.6,115.55,109.65,111.05,413700,23.267643,7143150,21900.0
2024-02-07 12:24:00 +0530,21897.3,21897.3,21889.15,21889.45,0.0,77.75,77.75,75.0,76.2,331200,16.072746,8937700,21900.0,112.35,115.8,112.2,114.15,373600,23.109024,7143150,21900.0
2024-02-07 12:25:00 +0530,21889.7,21891.4,21887.45,21889.6,0.0,76.2,77.4,75.5,76.5,194550,16.124632,8990200,21900.0,114.35,115.4,112.6,114.1,314050,23.120929,7114300,21900.0
2024-02-07 12:26:00 +0530,21890.8,21899.85,21890.8,21898.8,0.0,76.75,80.55,76.75,80.55,405350,16.00959,8990200,21900.0,113.6,113.6,107.4,107.4,391850,22.687571,7114300,21900.0
2024-02-07 12:27:00 +0530,21898.85,21902.15,21897.8,21900.2,0.0,80.55,82.25,79.05,79.9,444750,15.732456,8990200,21900.0,107.8,109.8,106.0,109.2,337450,23.205984,7114300,21900.0
2024-02-07 12:28:00 +0530,21899.9,21904.1,21899.9,21902.9,0.0,79.75,82.75,79.75,82.65,388450,16.015978,8948650,21900.0,108.9,108.9,105.45,106.2,343650,22.864548,7262150,21900.0
2024-02-07 12:29:00 +0530,21902.7,21907.7,21902.7,21905.0,0.0,82.25,84.2,81.05,82.6,566950,15.783953,8948650,21900.0,106.3,108.0,104.0,106.0,427500,23.038786,7262150,21900.0
2024-02-07 12:30:00 +0530,21904.9,21906.65,21899.25,21903.35,0.0,83.15,83.5,79.3,80.85,415950,15.606612,8948650,21900.0,105.95,109.6,104.3,108.35,381450,23.366275,7262150,21900.0
2024-02-07 12:31:00 +0530,21902.6,21907.1,21900.9,21907.1,0.0,80.45,85.7,80.45,84.95,584500,16.051091,8966950,21900.0,108.8,108.8,102.0,102.0,424400,22.434027,7412000,21900.0
2024-02-07 12:32:00 +0530,21906.85,21912.7,21906.8,21912.5,0.0,84.6,88.0,84.4,87.55,937150,15.995987,8966950,21900.0,102.55,103.35,98.85,99.3,708550,22.410772,7412000,21900.0
2024-02-07 12:33:00 +0530,21912.0,21921.85,21912.0,21917.25,0.0,87.85,93.75,87.85,90.8,1724550,16.137849,8966950,21900.0,99.0,99.0,92.2,94.9,1214650,21.964311,7412000,21900.0
2024-02-07 12:34:00 +0530,21917.75,21925.6,21914.75,21924.4,0.0,90.45,93.65,87.65,91.4,954650,15.435142,8919250,21900.0,94.7,99.5,93.35,95.25,549900,22.721285,7348500,21900.0
2024-02-07 12:35:00 +0530,21925.95,21927.2,21923.65,21926.2,0.0,68.15,70.75,67.5,68.15,621800,15.745396,4636550,21950.0,124.0,125.2,120.9,123.7,163050,23.702188,1728550,21950.0
2024-02-07 12:36:00 +0530,21924.05,21925.1,21917.0,21918.25,0.0,89.95,90.0,87.1,87.5,664800,15.352141,8919250,21900.0,97.0,99.7,96.4,99.6,518850,23.053711,7348500,21900.0
2024-02-07 12:37:00 +0530,21918.05,21918.2,21906.0,21909.45,0.0,87.05,87.45,82.95,84.45,835200,15.720582,8898800,21900.0,100.2,104.0,99.3,102.5,695150,22.80801,7407250,21900.0
2024-02-07 12:38:00 +0530,21908.9,21912.1,21906.5,21907.5,0.0,83.85,86.0,81.45,83.3,508500,15.703175,8898800,21900.0,103.1,105.4,100.95,103.7,504900,22.871082,7407250,21900.0
2024-02-07 12:39:00 +0530,21907.6,21910.55,21906.55,21907.8,0.0,83.4,85.6,82.05,82.2,403100,15.447341,8898800,21900.0,103.7,105.75,101.45,105.55,361100,23.290361,7407250,21900.0
2024-02-07 12:40:00 +0530,21907.5,21908.5,21895.9,21900.65,0.0,82.35,82.5,76.5,80.15,1063250,15.80522,8905000,21900.0,105.8,112.95,105.35,108.4,1086350,23.173814,7376750,21900.0
2024-02-07 12:41:00 +0530,21900.85,21912.9,21900.85,21910.7,0.0,80.4,85.0,80.4,83.25,885100,15.353283,8905000,21900.0,108.45,108.45,101.35,103.8,653600,23.226743,7376750,21900.0
2024-02-07 12:42:00 +0530,21911.35,21911.9,21903.55,21904.5,0.0,83.75,83.75,78.6,80.15,466900,15.400062,8905000,21900.0,103.1,109.0,102.95,106.9,419400,23.262854,7376750,21900.0
2024-02-07 12:43:00 +0530,21904.3,21909.95,21904.3,21908.6,0.0,81.15,83.0,80.8,81.5,339350,15.234376,9010150,21900.0,106.25,106.25,102.65,104.45,315000,23.168641,7376750,21900.0
2024-02-07 12:44:00 +0530,21908.2,21909.6,21901.75,21904.3,0.0,81.45,81.45,78.25,80.45,349650,15.494578,9010150,21900.0,104.7,108.65,104.7,105.4,303050,22.945671,7415000,21900.0
2024-02-07 12:45:00 +0530,21904.9,21906.2,21898.75,21900.4,0.0,80.35,80.55,76.3,77.95,454950,15.402749,9010150,21900.0,106.0,111.45,105.55,109.6,471550,23.431189,7415000,21900.0
2024-02-07 12:46:00 +0530,21900.25,21908.05,21900.25,21907.85,0.0,78.25,82.15,78.25,81.3,412800,15.291646,9044650,21900.0,109.4,109.4,103.05,104.6,422850,23.146064,7468650,21900.0
2024-02-07 12:47:00 +0530,21907.85,21908.8,21898.4,21898.6,0.0,81.35,81.35,76.7,76.85,350000,15.377335,9044650,21900.0,104.2,111.0,104.2,110.45,356900,23.438792,7468650,21900.0
2024-02-07 12:48:00 +0530,21899.0,21900.95,21895.95,21897.5,0.0,77.1,79.35,76.1,76.85,475450,15.499352,9044650,21900.0,109.35,112.0,107.35,111.55,570150,23.561849,7468650,21900.0
2024-02-07 12:49:00 +0530,21896.95,21901.85,21896.25,21899.1,0.0,76.9,79.0,76.85,78.1,289550,15.593935,9071900,21900.0,111.15,112.0,107.7,110.15,496600,23.441125,7468650,21900.0
2024-02-07 12:50:00 +0530,21898.85,21900.95,21893.25,21894.55,0.0,77.9,79.05,74.25,74.25,574450,15.281012,9071900,21900.0,109.7,114.2,109.0,113.5,750200,23.678176,7525100,21900.0
2024-02-07 12:51:00 +0530,21893.65,21904.55,21891.4,21904.55,0.0,74.95,78.0,72.55,78.0,725100,14.994934,9071900,21900.0,112.9,115.5,106.5,106.5,924550,23.246364,7525100,21900.0
2024-02-07 12:52:00 +0530,21904.0,21910.5,21902.2,21905.9,0.0,78.15,79.8,78.0,78.6,619700,14.976663,9162800,21900.0,106.25,108.05,104.8,106.65,508200,23.419194,7525100,21900.0
2024-02-07 12:53:00 +0530,21906.4,21907.1,21889.95,21891.65,0.0,79.0,79.0,72.65,73.35,514800,15.4116,9162800,21900.0,106.45,115.0,106.0,115.0,712550,23.710854,7584900,21900.0
2024-02-07 12:54:00 +0530,21890.8,21891.9,21881.1,21884.85,0.0,73.0,74.4,70.1,71.9,943350,15.809428,9162800,21900.0,113.3,120.0,112.85,116.5,1248900,23.316443,7584900,21900.0
2024-02-07 12:55:00 +0530,21884.75,21887.2,21883.8,21887.2,0.0,71.6,72.7,69.9,72.4,540150,15.681058,9279850,21900.0,118.15,119.6,115.7,116.3,576500,23.529856,7584900,21900.0
2024-02-07 12:56:00 +0530,21886.8,21893.0,21886.8,21893.0,0.0,72.85,75.0,71.6,74.7,492800,15.567865,9279850,21900.0,115.0,116.1,110.75,111.4,586900,23.123383,7573700,21900.0
2024-02-07 12:57:00 +0530,21893.0,21898.05,21893.0,21897.8,0.0,74.45,76.7,74.1,76.4,422400,15.421548,9279850,21900.0,111.6,112.35,108.35,108.35,485750,22.989573,7573700,21900.0
2024-02-07 12:58:00 +0530,21898.25,21903.1,21895.7,21902.6,0.0,76.6,78.25,75.0,78.15,445600,15.275125,9248950,21900.0,108.3,111.4,105.3,105.45,471550,22.879963,7573700,21900.0
2024-02-07 12:59:00 +0530,21902.95,21904.5,21900.7,21901.35,0.0,76.8,78.4,76.1,76.25,296200,15.020128,9248950,21900.0,106.6,109.1,105.8,109.1,290950,23.520273,7669300,21900.0
2024-02-07 13:00:00 +0530,21901.15,21902.4,21894.95,21897.55,0.0,75.2,76.65,74.0,76.25,441050,15.432774,9248950,21900.0,110.35,112.35,108.5,109.3,513400,23.182156,7669300,21900.0
2024-02-07 13:01:00 +0530,21899.1,21902.55,21897.05,21897.05,0.0,76.75,77.85,74.3,74.3,341950,15.085087,9330000,21900.0,108.6,112.05,107.15,112.0,290450,23.700041,7669300,21900.0
2024-02-07 13:02:00 +0530,21896.15,21896.9,21891.15,21895.5,0.0,74.6,77.0,73.95,76.8,329600,15.775045,9330000,21900.0,112.3,112.75,108.55,108.95,399950,22.912484,7714850,21900.0
2024-02-07 13:03:00 +0530,21894.95,21896.9,21892.45,21892.45,0.0,75.95,77.1,74.85,75.1,267500,15.745868,9330000,21900.0,109.95,111.45,108.15,111.15,303000,23.062054,7714850,21900.0
2024-02-07 13:04:00 +0530,21892.0,21897.65,21892.0,21897.65,0.0,75.15,78.15,75.15,77.9,270000,15.7873,9330000,21900.0,111.5,111.5,106.65,106.65,274550,22.667537,7714850,21900.0
2024-02-07 13:05:00 +0530,21897.4,21899.05,21894.55,21898.05,0.0,77.75,78.4,75.3,78.4,301750,15.854356,9258850,21900.0,106.85,110.6,105.7,105.95,347650,22.569252,7900450,21900.0
2024-02-07 13:06:00 +0530,21897.7,21909.1,21897.7,21907.95,0.0,79.0,82.4,78.85,81.8,734650,15.490528,9258850,21900.0,104.7,105.2,99.5,100.9,864850,22.520801,7900450,21900.0
2024-02-07 13:07:00 +0530,21908.8,21909.65,21905.2,21906.05,0.0,81.65,82.2,79.85,81.55,548100,15.654439,9258850,21900.0,100.8,104.0,100.25,101.85,521400,22.536415,7900450,21900.0
2024-02-07 13:08:00 +0530,21907.25,21910.95,21906.4,21908.95,0.0,81.55,83.4,80.8,82.0,499150,15.431344,9238700,21900.0,101.35,102.25,98.1,100.05,459500,22.455915,7950750,21900.0
2024-02-07 13:09:00 +0530,21908.95,21910.35,21905.25,21910.2,0.0,81.5,82.8,80.3,82.3,362650,15.359051,9238700,21900.0,100.55,102.55,99.2,99.9,342500,22.555029,7950750,21900.0
2024-02-07 13:10:00 +0530,21910.15,21915.2,21909.2,21913.55,0.0,82.2,84.75,81.35,84.75,490800,15.497899,9238700,21900.0,100.0,100.8,96.65,96.75,409600,22.232242,7950750,21900.0
2024-02-07 13:11:00 +0530,21913.5,21914.05,21910.3,21910.3,0.0,83.55,83.8,80.85,81.9,439250,15.274551,9200450,21900.0,98.5,101.55,98.15,99.95,352500,22.588829,8026400,21900.0
2024-02-07 13:12:00 +0530,21910.8,21917.45,21910.7,21916.6,0.0,82.0,86.85,82.0,86.65,590150,15.556791,9200450,21900.0,99.95,100.1,94.0,94.1,496550,21.987441,8026400,21900.0
2024-02-07 13:13:00 +0530,21916.75,21917.6,21912.2,21912.5,0.0,86.45,86.95,83.35,83.6,556200,15.392398,9200450,21900.0,95.45,98.75,94.2,98.3,330700,22.473807,8026400,21900.0
2024-02-07 13:14:00 +0530,21911.95,21913.4,21905.5,21906.7,0.0,83.6,84.0,79.85,80.0,539250,15.295484,9160050,21900.0,98.55,102.45,97.85,102.15,553300,22.711327,8086900,21900.0
2024-02-07 13:15:00 +0530,21906.6,21907.65,21903.65,21904.65,0.0,79.55,80.7,78.4,80.2,576550,15.569555,9160050,21900.0,102.65,104.4,101.35,102.5,566200,22.5856,8086900,21900.0
2024-02-07 13:16:00 +0530,21904.9,21909.7,21903.6,21905.4,0.0,80.25,81.9,78.0,79.5,447850,15.34548,9160050,21900.0,101.75,104.7,99.55,102.65,452500,22.699203,8086900,21900.0
2024-02-07 13:17:00 +0530,21906.25,21911.95,21906.25,21910.4,0.0,79.5,83.9,79.5,83.75,497700,15.683803,9174800,21900.0,102.0,102.0,96.6,96.6,364350,21.937012,8163650,21900.0
2024-02-07 13:18:00 +0530,21910.85,21912.95,21910.55,21910.9,0.0,84.25,85.45,82.15,84.4,518450,15.769315,9174800,21900.0,96.35,98.85,95.05,96.75,366650,22.024479,8163650,21900.0
2024-02-07 13:19:00 +0530,21911.0,21912.65,21907.35,21908.85,0.0,84.4,85.55,82.65,85.35,332600,16.205252,9174800,21900.0,96.1,98.4,94.4,94.7,385600,21.397894,8163650,21900.0
2024-02-07 13:20:00 +0530,21908.6,21913.75,21907.45,21911.95,0.0,84.95,86.75,83.5,86.75,491100,16.155492,9165800,21900.0,95.2,97.05,92.75,92.85,419000,21.322635,8288150,21900.0
2024-02-07 13:21:00 +0530,21911.8,21917.8,21911.8,21917.8,0.0,87.3,89.9,85.1,89.0,1088350,15.962007,9165800,21900.0,92.45,94.4,88.2,90.0,982650,21.300806,8288150,21900.0
2024-02-07 13:22:00 +0530,21917.65,21918.5,21913.15,21913.2,0.0,89.1,89.1,85.05,86.35,585700,15.94001,9165800,21900.0,89.4,94.3,89.4,92.7,500200,21.426776,8288150,21900.0
2024-02-07 13:23:00 +0530,21913.6,21914.7,21910.4,21913.55,0.0,85.05,86.45,83.55,84.75,399550,15.568232,9018500,21900.0,94.0,95.75,92.65,94.6,363350,21.866967,8204150,21900.0
2024-02-07 13:24:00 +0530,21913.05,21918.8,21913.05,21916.75,0.0,84.8,87.15,84.15,85.35,331000,15.329897,9018500,21900.0,94.45,95.35,91.65,93.9,234650,22.039117,8204150,21900.0
2024-02-07 13:25:00 +0530,21915.8,21917.65,21909.95,21909.95,0.0,85.75,85.75,81.8,81.8,426150,15.367871,9018500,21900.0,94.15,97.6,93.9,97.6,409700,22.155161,8204150,21900.0
2024-02-07 13:26:00 +0530,21909.4,21910.0,21903.45,21903.9,0.0,81.35,81.9,78.85,80.55,513100,15.785509,9040000,21900.0,98.0,100.7,97.25,98.6,559850,21.765343,8217550,21900.0
2024-02-07 13:27:00 +0530,21903.15,21910.15,21903.15,21906.45,0.0,80.7,82.3,79.75,79.95,293800,15.382332,9040000,21900.0,98.9,99.8,96.8,99.8,367750,22.281127,8217550,21900.0
2024-02-07 13:28:00 +0530,21906.3,21907.25,21897.05,21899.8,0.0,79.65,80.05,75.45,76.75,539650,15.44553,9040000,21900.0,100.0,104.75,99.35,103.4,640200,22.369152,8217550,21900.0
2024-02-07 13:29:00 +0530,21899.2,21900.5,21891.6,21894.0,0.0,76.9,76.9,73.6,74.15,738950,15.52497,9036100,21900.0,103.85,108.3,103.85,107.15,992100,22.56362,8194750,21900.0
2024-02-07 13:30:00 +0530,21893.55,21895.0,21889.9,21890.0,0.0,74.2,75.8,72.7,73.6,678950,15.833889,9036100,21900.0,106.95,110.0,105.1,108.2,884200,22.370919,8194750,21900.0
2024-02-07 13:31:00 +0530,21889.6,21896.1,21889.3,21896.1,0.0,73.15,77.4,73.0,76.9,507000,15.89098,9036100,21900.0,108.0,109.7,102.3,102.3,674250,21.776265,8194750,21900.0
2024-02-07 13:32:00 +0530,21895.7,21909.8,21895.7,21909.8,0.0,77.15,83.75,76.5,83.6,874150,15.802483,9242000,21900.0,103.2,103.35,92.6,93.35,907800,21.291819,8131000,21900.0
2024-02-07 13:33:00 +0530,21909.6,21915.95,21909.6,21915.05,0.0,83.35,88.6,83.05,88.6,1148500,16.264269,9242000,21900.0,94.05,94.05,86.45,86.45,1088550,20.360551,8131000,21900.0
2024-02-07 13:34:00 +0530,21913.9,21918.5,21910.6,21916.95,0.0,88.75,90.0,84.35,90.0,872000,16.346022,9242000,21900.0,86.65,90.9,85.05,85.55,797300,20.36155,8131000,21900.0
2024-02-07 13:35:00 +0530,21916.2,21916.4,21908.75,21910.5,0.0,88.95,88.95,84.1,87.0,809400,16.457943,9189450,21900.0,88.15,91.7,86.15,88.6,696800,20.378906,8133200,21900.0
2024-02-07 13:36:00 +0530,21911.65,21916.55,21910.9,21912.85,0.0,87.2,90.6,85.85,87.7,794600,16.344032,9189450,21900.0,87.85,89.5,84.9,86.9,613200,20.258317,8133200,21900.0
2024-02-07 13:37:00 +0530,21913.7,21928.8,21913.65,21926.95,0.0,66.15,73.7,66.0,73.2,949800,17.073471,4316150,21950.0,115.0,115.0,102.9,102.9,315200,19.842648,1684050,21950.0
2024-02-07 13:38:00 +0530,21927.35,21927.35,21919.75,21919.95,0.0,94.7,95.7,89.55,90.55,1100000,16.133527,9222300,21900.0,80.35,84.85,79.4,83.9,921300,20.326983,8416950,21900.0
2024-02-07 13:39:00 +0530,21919.25,21928.15,21919.25,21928.15,0.0,67.3,73.45,67.3,73.45,410200,17.018908,4261800,21950.0,112.0,112.0,103.8,104.1,202450,20.240203,1737950,21950.0
2024-02-07 13:40:00 +0530,21927.05,21939.0,21927.05,21937.55,0.0,73.1,79.95,73.1,79.95,1119450,17.441544,4261800,21950.0,104.35,104.35,97.7,97.7,399850,19.919093,1737950,21950.0
2024-02-07 13:41:00 +0530,21940.4,21948.0,21935.6,21945.65,0.0,80.2,84.95,77.45,83.65,1388500,17.377054,4191500,21950.0,96.5,100.15,91.55,93.35,433100,19.863803,1816100,21950.0
2024-02-07 13:42:00 +0530,21945.35,21948.6,21940.4,21942.55,0.0,81.8,86.45,81.15,81.15,958900,17.185072,4191500,21950.0,95.2,95.55,89.3,93.85,449450,19.650782,1816100,21950.0
2024-02-07 13:43:00 +0530,21942.5,21942.5,21937.0,21937.0,0.0,80.9,82.5,76.95,77.65,736400,17.031898,4191500,21950.0,94.7,98.15,93.0,97.05,448250,19.741206,1816100,21950.0
2024-02-07 13:44:00 +0530,21936.45,21939.1,21930.1,21933.95,0.0,77.4,79.65,74.25,76.3,537850,17.065714,4051250,21950.0,97.8,100.55,95.25,98.1,444950,19.639549,1987800,21950.0
2024-02-07 13:45:00 +0530,21933.05,21935.15,21924.75,21925.85,0.0,77.1,78.4,71.75,71.75,737000,16.923097,4051250,21950.0,99.4,105.25,97.1,105.25,498950,20.264441,1987800,21950.0
2024-02-07 13:46:00 +0530,21925.8,21925.9,21920.25,21920.4,0.0,95.0,96.85,91.1,92.25,754150,16.488134,8780300,21900.0,79.45,82.45,77.95,81.5,1121000,19.909861,8895350,21900.0
2024-02-07 13:47:00 +0530,21921.3,21922.95,21916.9,21917.6,0.0,92.25,93.9,87.95,88.9,786150,16.110794,8530750,21900.0,81.4,84.7,80.05,83.75,944750,20.123074,8999750,21900.0
2024-02-07 13:48:00 +0530,21917.1,21918.2,21909.55,21911.05,0.0,87.35,89.45,83.2,84.45,923400,15.929632,8530750,21900.0,84.95,89.5,83.2,87.7,1105700,20.323234,8999750,21900.0
2024-02-07 13:49:00 +0530,21910.85,21912.0,21905.4,21909.15,0.0,85.45,85.7,81.8,84.7,734350,16.204494,8530750,21900.0,88.4,90.85,85.5,87.0,1156950,19.991777,8999750,21900.0
2024-02-07 13:50:00 +0530,21910.45,21914.5,21907.3,21913.3,0.0,85.45,86.75,82.05,84.85,615900,15.767234,8577450,21900.0,86.75,90.0,84.2,87.2,712850,20.452458,8971950,21900.0
2024-02-07 13:51:00 +0530,21912.55,21918.45,21911.25,21913.15,0.0,84.8,88.8,83.4,85.45,744150,15.917755,8577450,21900.0,86.95,89.4,82.85,87.15,710800,20.433261,8971950,21900.0
2024-02-07 13:52:00 +0530,21912.85,21917.3,21912.55,21916.7,0.0,86.0,88.95,86.0,88.65,529550,16.191744,8577450,21900.0,86.65,87.0,82.85,82.9,427300,19.885326,8971950,21900.0
2024-02-07 13:53:00 +0530,21916.25,21920.75,21914.4,21919.95,0.0,87.55,90.8,86.55,90.65,523050,16.240799,8577800,21900.0,84.05,84.95,80.25,80.25,467700,19.642722,8958050,21900.0
2024-02-07 13:54:00 +0530,21920.25,21921.9,21914.2,21915.7,0.0,90.45,91.8,86.05,86.95,492600,15.957875,8577800,21900.0,80.65,85.55,79.5,84.45,570750,20.129263,8958050,21900.0
2024-02-07 13:55:00 +0530,21916.75,21919.0,21915.4,21918.85,0.0,87.05,89.6,85.6,89.05,367900,16.041024,8577800,21900.0,84.5,85.95,81.65,82.5,345650,20.027578,8958050,21900.0
2024-02-07 13:56:00 +0530,21918.2,21925.15,21917.3,21925.15,0.0,66.1,70.0,65.85,69.9,329550,16.664462,4236000,21950.0,109.5,109.55,103.15,103.15,258600,19.807842,1924650,21950.0
2024-02-07 13:57:00 +0530,21924.15,21932.3,21924.15,21929.85,0.0,69.7,74.05,69.6,73.6,601200,16.987218,4236000,21950.0,103.4,103.7,98.0,98.35,301900,19.319651,1924650,21950.0
2024-02-07 13:58:00 +0530,21929.95,21934.5,21926.75,21934.0,0.0,73.8,76.5,71.4,75.65,671500,17.006617,4236000,21950.0,98.15,101.5,95.65,96.55,274050,19.399797,1924650,21950.0
2024-02-07 13:59:00 +0530,21934.6,21938.55,21932.55,21937.45,0.0,75.2,77.85,73.2,77.55,488100,17.059721,4165750,21950.0,98.0,98.7,93.25,94.15,299700,19.271204,1937500,21950.0
2024-02-07 14:00:00 +0530,21937.35,21944.1,21937.35,21941.1,0.0,78.7,81.9,76.15,77.85,939350,16.748002,4165750,21950.0,93.9,95.25,90.5,94.25,455400,19.688919,1937500,21950.0
2024-02-07 14:01:00 +0530,21940.95,21946.5,21939.0,21945.55,0.0,78.6,84.3,77.85,81.85,682900,17.128698,4165750,21950.0,94.1,94.25,87.8,89.5,424200,19.158608,1937500,21950.0
2024-02-07 14:02:00 +0530,21945.2,21945.9,21940.5,21944.0,0.0,81.2,82.9,78.3,82.15,591200,17.363848,4076350,21950.0,89.95,93.5,88.35,89.15,411000,18.927436,2112050,21950.0
2024-02-07 14:03:00 +0530,21943.8,21945.65,21937.3,21938.0,0.0,83.0,83.5,74.55,75.7,624250,16.634325,4076350,21950.0,89.15,95.6,87.6,94.35,460550,19.396284,2112050,21950.0
2024-02-07 14:04:00 +0530,21937.95,21940.1,21937.4,21939.65,0.0,76.3,79.15,75.0,78.75,341500,17.114825,4076350,21950.0,93.0,95.35,91.35,91.35,262100,18.943163,2112050,21950.0
2024-02-07 14:05:00 +0530,21940.1,21940.7,21933.75,21938.8,0.0,77.25,78.9,74.4,78.9,634750,17.241623,4074850,21950.0,92.4,96.0,91.45,91.45,393500,18.878927,2254500,21950.0
2024-02-07 14:06:00 +0530,21938.75,21942.25,21938.75,21941.4,0.0,78.05,80.9,78.0,79.7,461900,17.144427,4074850,21950.0,92.0,92.15,88.7,90.45,292050,18.950685,2254500,21950.0
2024-02-07 14:07:00 +0530,21941.05,21949.5,21941.05,21949.5,0.0,80.5,86.8,79.45,86.2,736350,17.661255,4074850,21950.0,89.3,90.05,82.8,83.1,450650,18.24697,2254500,21950.0
2024-02-07 14:08:00 +0530,21949.35,21956.6,21949.35,21956.2,0.0,86.3,90.25,86.0,88.65,1398150,17.448403,4101050,21950.0,83.3,83.3,79.65,80.8,774300,18.44869,2314850,21950.0
2024-02-07 14:09:00 +0530,21956.55,21957.65,21950.65,21951.0,0.0,87.8,90.75,84.15,84.15,979200,17.074283,4101050,21950.0,80.1,83.25,78.2,83.05,776700,18.40228,2314850,21950.0
2024-02-07 14:10:00 +0530,21951.05,21964.7,21949.3,21961.55,0.0,84.15,95.0,83.2,94.4,1196350,18.080419,4101050,21950.0,82.75,82.8,73.6,74.5,813450,17.653558,2314850,21950.0
2024-02-07 14:11:00 +0530,21962.8,21973.0,21958.4,21973.0,0.0,93.6,99.3,90.65,99.3,1392000,17.797127,3917050,21950.0,75.6,77.4,69.15,69.25,967050,17.64545,2696350,21950.0
2024-02-07 14:12:00 +0530,21973.6,21973.6,21964.2,21970.65,0.0,97.85,99.0,92.75,98.0,933200,17.8045,3917050,21950.0,69.1,74.05,69.1,70.5,649500,17.694943,2696350,21950.0
2024-02-07 14:13:00 +0530,21969.75,21970.75,21962.15,21967.45,0.0,96.9,96.9,92.25,94.7,566750,17.481431,3917050,21950.0,70.6,73.95,70.6,72.05,474000,17.724082,2696350,21950.0
2024-02-07 14:14:00 +0530,21968.05,21968.05,21960.25,21962.2,0.0,94.85,95.2,90.15,93.25,524050,17.786365,3783450,21950.0,72.25,74.9,71.6,72.65,540450,17.344538,3035500,21950.0
2024-02-07 14:15:00 +0530,21964.6,21970.4,21964.0,21964.0,0.0,93.55,97.0,91.3,92.05,694200,17.32902,3783450,21950.0,72.15,74.9,70.6,74.3,497950,17.879493,3035500,21950.0
2024-02-07 14:16:00 +0530,21963.9,21964.75,21952.35,21954.25,0.0,90.85,91.35,85.35,86.3,717900,17.215243,3783450,21950.0,75.15,79.65,74.7,79.55,722000,18.029535,3035500,21950.0
2024-02-07 14:17:00 +0530,21954.0,21954.9,21948.55,21949.85,0.0,86.7,86.7,82.2,83.6,592900,17.132051,3769400,21950.0,79.9,83.65,79.2,83.0,616800,18.317804,3214950,21950.0
2024-02-07 14:18:00 +0530,21949.7,21966.9,21949.7,21964.3,0.0,83.6,92.75,83.3,90.25,771300,16.927678,3769400,21950.0,81.55,82.2,72.75,75.45,670800,18.171426,3214950,21950.0
2024-02-07 14:19:00 +0530,21962.85,21969.4,21962.85,21967.5,0.0,90.65,94.65,89.7,94.4,710550,17.448846,3769400,21950.0,76.7,76.7,71.05,71.05,429000,17.547302,3214950,21950.0
2024-02-07 14:20:00 +0530,21967.85,21983.1,21967.85,21980.95,0.0,68.95,77.25,68.85,76.25,2187600,17.538647,11161150,22000.0,97.4,97.5,88.05,89.1,889850,17.56411,4212650,22000.0
2024-02-07 14:21:00 +0530,21980.7,21983.55,21970.8,21970.8,0.0,102.7,104.4,96.7,98.3,1412150,17.908577,3774900,21950.0,63.5,68.6,63.5,67.6,629150,17.135109,3289200,21950.0
2024-02-07 14:22:00 +0530,21971.45,21971.5,21965.5,21969.45,0.0,96.95,97.1,92.6,95.95,660350,17.570293,3774900,21950.0,67.3,71.7,67.3,68.45,573250,17.193641,3289200,21950.0
2024-02-07 14:23:00 +0530,21969.85,21977.8,21969.85,21974.65,0.0,97.35,100.0,95.0,98.75,587900,17.556502,3509350,21950.0,67.8,69.65,66.35,66.6,308350,17.296155,3382850,21950.0
2024-02-07 14:24:00 +0530,21975.3,21977.85,21973.85,21976.45,0.0,73.55,73.7,70.0,71.8,866950,17.067312,10889400,22000.0,91.2,94.45,90.45,93.05,359850,17.922901,4550200,22000.0
2024-02-07 14:25:00 +0530,21976.15,21977.95,21973.35,21977.15,0.0,71.65,73.65,70.45,73.4,1001800,17.345369,10889400,22000.0,92.9,93.85,89.55,89.7,556300,17.291619,4550200,22000.0
2024-02-07 14:26:00 +0530,21976.2,21976.6,21972.0,21972.35,0.0,98.2,99.8,95.7,95.95,438850,17.24927,3868300,21950.0,66.15,68.05,64.7,68.0,278650,17.395846,3490900,21950.0
2024-02-07 14:27:00 +0530,21972.95,21972.95,21963.85,21965.6,0.0,95.55,97.1,90.9,94.2,574000,17.678963,3868300,21950.0,68.55,71.2,66.7,69.1,499750,16.986598,3490900,21950.0
2024-02-07 14:28:00 +0530,21965.9,21965.9,21960.1,21964.6,0.0,93.8,94.55,89.5,94.5,477500,17.866261,3868300,21950.0,69.35,72.45,68.15,68.65,445250,16.797359,3490900,21950.0
2024-02-07 14:29:00 +0530,21964.95,21965.95,21949.35,21949.75,0.0,94.35,94.35,85.75,85.9,605300,17.708638,4032400,21950.0,68.9,76.05,68.8,75.55,614250,16.782261,3488950,21950.0
2024-02-07 14:30:00 +0530,21951.0,21960.45,21950.05,21958.45,0.0,86.5,92.95,86.5,92.35,738000,18.124386,4032400,21950.0,76.8,76.8,70.2,71.4,618250,16.78781,3488950,21950.0
2024-02-07 14:31:00 +0530,21958.8,21960.05,21951.2,21953.0,0.0,91.9,92.05,85.25,85.95,576000,17.372684,4032400,21950.0,72.5,77.95,71.3,77.3,573450,17.503098,3488950,21950.0
2024-02-07 14:32:00 +0530,21953.6,21955.8,21950.45,21953.5,0.0,85.75,89.5,85.1,87.9,347650,17.740832,4149150,21950.0,77.15,78.1,73.55,75.3,451600,17.131529,3495200,21950.0
2024-02-07 14:33:00 +0530,21953.25,21954.2,21946.5,21947.1,0.0,88.0,88.0,79.8,80.3,569500,16.82518,4149150,21950.0,75.8,82.8,75.35,81.85,728900,17.874234,3495200,21950.0
2024-02-07 14:34:00 +0530,21946.45,21948.5,21936.25,21941.0,0.0,80.25,82.05,74.6,77.75,994650,16.941452,4149150,21950.0,82.45,89.05,80.2,83.9,1261200,17.668841,3495200,21950.0
2024-02-07 14:35:00 +0530,21941.05,21943.55,21935.55,21939.15,0.0,79.2,79.55,75.3,78.65,789750,17.336369,4086450,21950.0,82.95,89.95,82.95,85.1,766800,17.731148,3467400,21950.0
2024-02-07 14:36:00 +0530,21939.05,21947.85,21939.05,21946.95,0.0,77.7,83.15,77.1,82.3,754600,17.288297,4086450,21950.0,86.35,86.85,78.15,80.15,603950,17.510778,3467400,21950.0
2024-02-07 14:37:00 +0530,21946.5,21948.8,21942.3,21942.3,0.0,82.05,85.15,80.7,80.7,666550,17.453457,4086450,21950.0,79.2,80.2,75.35,79.65,477400,16.914205,3467400,21950.0
2024-02-07 14:38:00 +0530,21942.8,21942.95,21920.15,21920.15,0.0,107.65,108.45,91.6,91.6,875600,16.688168,7867450,21900.0,57.85,70.3,57.55,70.25,1843400,17.774668,9103950,21900.0
2024-02-07 14:39:00 +0530,21919.85,21925.05,21912.15,21925.05,0.0,66.3,69.15,63.8,69.15,1081950,16.769234,4269650,21950.0,97.95,102.0,91.2,91.2,1404300,17.485965,3353550,21950.0
2024-02-07 14:40:00 +0530,21925.7,21927.05,21915.6,21920.6,0.0,93.0,94.85,86.95,88.95,1422900,16.070934,7867450,21900.0,67.25,74.25,66.05,71.35,1663850,18.067722,9103950,21900.0
2024-02-07 14:41:00 +0530,21920.75,21929.25,21918.9,21929.15,0.0,65.4,70.0,65.4,70.0,625800,16.551347,4207000,21950.0,99.35,99.45,90.85,90.9,507450,17.900466,3034900,21950.0
2024-02-07 14:42:00 +0530,21929.35,21937.55,21929.35,21937.55,0.0,70.35,74.6,70.35,74.55,811150,16.668206,4207000,21950.0,90.2,90.2,84.45,84.6,628050,17.487391,3034900,21950.0
2024-02-07 14:43:00 +0530,21937.45,21939.6,21932.3,21932.65,0.0,75.0,77.25,71.7,71.7,578100,16.571261,4207000,21950.0,83.55,87.85,81.65,87.25,457600,17.519891,3034900,21950.0
2024-02-07 14:44:00 +0530,21932.1,21937.2,21932.0,21935.2,0.0,72.3,75.95,71.95,74.85,364300,16.990742,4305750,21950.0,86.75,87.25,82.35,83.15,306700,16.927278,3012250,21950.0
2024-02-07 14:45:00 +0530,21935.35,21937.35,21934.35,21935.2,0.0,74.15,76.15,72.45,74.7,337350,16.964621,4305750,21950.0,83.25,85.8,81.3,83.15,283600,16.93251,3012250,21950.0
2024-02-07 14:46:00 +0530,21935.35,21939.7,21935.0,21937.7,0.0,74.5,76.85,72.7,75.25,395700,16.827196,4305750,21950.0,82.95,85.4,79.55,81.6,381500,16.880237,3012250,21950.0
2024-02-07 14:47:00 +0530,21937.7,21938.1,21934.25,21935.85,0.0,75.05,75.05,71.9,71.95,352150,16.317051,4428200,21950.0,81.75,86.25,81.75,86.25,263350,17.682334,3071000,21950.0
2024-02-07 14:48:00 +0530,21934.85,21936.3,21929.1,21930.4,0.0,71.65,72.55,67.55,67.55,414450,15.937311,4428200,21950.0,86.4,91.15,85.1,91.15,417800,18.134731,3071000,21950.0
2024-02-07 14:49:00 +0530,21929.4,21933.8,21925.65,21925.65,0.0,67.85,71.45,66.45,67.65,392050,16.445329,4428200,21950.0,90.9,92.6,86.0,90.9,446250,17.544472,3071000,21950.0
2024-02-07 14:50:00 +0530,21926.65,21933.9,21926.65,21933.9,0.0,67.3,73.3,67.1,73.25,436200,16.818212,4486850,21950.0,90.65,91.2,82.2,82.2,407400,16.609056,3061600,21950.0
2024-02-07 14:51:00 +0530,21933.4,21938.45,21931.65,21936.2,0.0,73.55,75.9,71.65,73.8,407200,16.702979,4486850,21950.0,81.8,84.4,79.4,82.6,407600,16.956391,3061600,21950.0
2024-02-07 14:52:00 +0530,21936.45,21941.15,21934.45,21939.8,0.0,73.65,76.9,72.6,76.35,384050,16.878578,4486850,21950.0,82.5,83.55,77.7,77.7,288950,16.301421,3061600,21950.0
2024-02-07 14:53:00 +0530,21939.5,21947.9,21938.4,21947.9,0.0,75.75,81.2,75.2,81.2,661950,17.053964,4472450,21950.0,78.25,80.15,73.7,73.85,437400,16.34651,3092650,21950.0
2024-02-07 14:54:00 +0530,21950.15,21950.15,21945.15,21949.15,0.0,81.0,83.1,78.85,82.25,776000,17.148804,4472450,21950.0,74.4,76.0,71.3,72.05,483350,16.095135,3092650,21950.0
2024-02-07 14:55:00 +0530,21949.35,21952.6,21946.85,21948.0,0.0,80.8,83.6,78.75,80.1,636300,16.818208,4472450,21950.0,73.0,75.2,70.9,74.15,369150,16.431959,3092650,21950.0
2024-02-07 14:56:00 +0530,21948.1,21948.65,21943.4,21943.6,0.0,80.7,80.7,75.65,76.35,417500,16.495496,4348300,21950.0,73.45,77.9,73.45,77.4,425650,16.669102,3123600,21950.0
2024-02-07 14:57:00 +0530,21943.1,21944.05,21934.95,21935.2,0.0,76.7,78.4,71.4,71.85,542800,16.423088,4348300,21950.0,76.9,82.4,75.45,82.4,475900,16.8337,3123600,21950.0
2024-02-07 14:58:00 +0530,21934.05,21937.9,21931.0,21934.5,0.0,71.5,74.5,69.25,70.55,551700,16.22116,4348300,21950.0,82.85,84.7,78.9,83.4,582050,16.976931,3123600,21950.0
2024-02-07 14:59:00 +0530,21934.4,21935.05,21915.75,21915.95,0.0,96.75,97.05,85.3,86.7,862950,16.254462,8455250,21900.0,58.35,70.05,58.2,69.2,1578650,17.251221,9168250,21900.0
2024-02-07 15:00:00 +0530,21915.85,21932.0,21915.85,21932.0,0.0,63.35,71.85,63.35,71.75,983700,16.75218,4358400,21950.0,97.4,97.4,82.85,82.85,896150,16.587262,3039450,21950.0
2024-02-07 15:01:00 +0530,21932.6,21936.3,21925.85,21925.85,0.0,71.7,74.75,66.9,68.15,719750,16.605777,4358400,21950.0,83.45,89.65,80.2,88.7,558750,17.155842,3039450,21950.0
2024-02-07 15:02:00 +0530,21925.7,21930.0,21919.65,21930.0,0.0,68.4,71.75,65.55,70.05,517650,16.602025,4430200,21950.0,88.35,93.0,84.0,86.4,542300,17.139537,2913000,21950.0
2024-02-07 15:03:00 +0530,21929.2,21930.7,21921.85,21924.2,0.0,95.6,96.5,89.0,92.65,603050,16.575789,8448250,21900.0,60.3,66.1,59.9,62.55,852400,16.622198,8993400,21900.0
2024-02-07 15:04:00 +0530,21924.75,21933.4,21924.35,21932.7,0.0,69.25,70.7,67.3,69.75,375850,16.270769,4430200,21950.0,87.7,89.25,83.6,84.7,403100,17.088075,2913000,21950.0
2024-02-07 15:05:00 +0530,21932.1,21932.1,21926.5,21930.1,0.0,69.45,69.95,65.95,69.95,445150,16.588327,4438900,21950.0,84.6,90.65,84.15,84.15,427350,16.678865,2961850,21950.0
2024-02-07 15:06:00 +0530,21929.35,21932.4,21925.8,21926.9,0.0,70.35,71.45,66.55,66.55,401300,16.182116,4438900,21950.0,83.7,88.9,82.45,88.9,345700,17.347812,2961850,21950.0
2024-02-07 15:07:00 +0530,21925.5,21929.95,21923.1,21929.95,0.0,66.65,69.35,66.0,68.9,331500,16.3879,4438900,21950.0,88.7,89.6,84.6,85.45,343050,16.954421,2961850,21950.0
2024-02-07 15:08:00 +0530,21929.8,21930.75,21926.15,21927.3,0.0,69.25,70.05,67.55,69.0,298100,16.686347,4427650,21950.0,84.9,88.05,83.5,85.6,311100,16.687375,2941050,21950.0
2024-02-07 15:09:00 +0530,21927.25,21931.05,21926.7,21931.05,0.0,69.35,71.0,68.55,70.8,382700,16.699521,4427650,21950.0,85.9,87.0,83.7,84.35,254550,16.851681,2941050,21950.0
2024-02-07 15:10:00 +0530,21930.3,21931.3,21928.1,21929.0,0.0,71.0,73.25,69.25,69.25,488250,16.579513,4427650,21950.0,83.6,85.55,81.3,85.55,332450,16.883161,2941050,21950.0
2024-02-07 15:11:00 +0530,21928.3,21930.1,21927.15,21928.9,0.0,69.3,72.05,69.0,70.95,296000,16.965666,4281800,21950.0,85.25,86.05,81.9,83.4,257200,16.409236,2928750,21950.0
2024-02-07 15:12:00 +0530,21928.25,21932.0,21928.1,21929.5,0.0,71.0,72.55,69.95,72.05,444800,17.149609,4281800,21950.0,83.85,83.85,79.9,81.1,448100,15.98299,2928750,21950.0
2024-02-07 15:13:00 +0530,21928.35,21932.55,21928.35,21932.55,0.0,71.4,72.25,70.25,71.9,352700,16.807811,4281800,21950.0,80.7,83.5,80.25,81.1,331100,16.336893,2928750,21950.0
2024-02-07 15:14:00 +0530,21931.75,21933.55,21930.35,21933.55,0.0,72.0,73.5,70.55,73.4,405950,17.035873,4248850,21950.0,81.15,82.25,78.5,79.0,305450,15.998775,2912100,21950.0
2024-02-07 15:15:00 +0530,21932.4,21934.85,21930.85,21934.75,0.0,73.25,76.7,73.05,76.7,705200,17.633794,4248850,21950.0,79.15,79.65,75.5,75.5,490450,15.37831,2912100,21950.0
2024-02-07 15:16:00 +0530,21935.55,21937.85,21932.0,21937.85,0.0,76.5,80.8,75.1,80.0,783500,18.029405,4248850,21950.0,76.05,78.05,72.05,72.7,469950,15.121907,2912100,21950.0
2024-02-07 15:17:00 +0530,21936.5,21937.8,21933.85,21934.1,0.0,79.05,79.65,76.75,78.1,472050,18.019708,3996700,21950.0,73.15,75.2,72.6,73.85,342550,14.955291,2881550,21950.0
2024-02-07 15:18:00 +0530,21934.3,21935.65,21927.8,21932.95,0.0,78.7,78.8,72.95,76.2,532150,17.733372,3996700,21950.0,73.85,78.7,73.65,75.1,383700,15.101358,2881550,21950.0
2024-02-07 15:19:00 +0530,21932.75,21935.6,21931.4,21935.6,0.0,76.5,77.85,74.75,77.7,386800,17.787801,3996700,21950.0,75.0,76.95,74.0,74.55,293350,15.286652,2881550,21950.0
2024-02-07 15:20:00 +0530,21935.85,21936.1,21924.45,21924.45,0.0,104.0,105.65,101.25,102.15,525650,18.743064,8243800,21900.0,51.8,54.45,51.6,54.2,562650,14.891864,8636950,21900.0
2024-02-07 15:21:00 +0530,21922.85,21931.95,21920.5,21931.15,0.0,75.9,79.05,74.6,78.05,547300,18.344237,3875300,21950.0,77.8,78.8,74.1,76.65,492500,15.247297,2892250,21950.0
2024-02-07 15:22:00 +0530,21930.6,21933.35,21930.05,21933.35,0.0,78.0,78.0,75.35,77.4,342000,17.979233,3875300,21950.0,75.5,77.05,74.1,74.55,270950,15.045972,2892250,21950.0
2024-02-07 15:23:00 +0530,21933.1,21936.1,21932.7,21936.1,0.0,76.8,78.95,76.8,78.95,566700,18.033543,3700300,21950.0,74.9,74.9,72.3,72.45,311400,14.904456,2892250,21950.0
2024-02-07 15:24:00 +0530,21934.8,21936.25,21932.15,21935.6,0.0,78.05,79.95,77.75,79.75,499400,18.267622,3700300,21950.0,73.35,74.25,69.75,69.75,320850,14.263872,2892250,21950.0
2024-02-07 15:25:00 +0530,21935.9,21943.2,21935.9,21940.6,0.0,79.9,81.4,79.6,80.4,815900,17.881305,3700300,21950.0,70.0,70.9,67.55,68.9,421850,14.641803,2892250,21950.0
2024-02-07 15:26:00 +0530,21940.35,21943.55,21939.35,21940.35,0.0,80.3,80.95,77.8,80.95,612300,18.034815,3536000,21950.0,69.0,70.3,67.9,68.45,353850,14.52069,2828650,21950.0
2024-02-07 15:27:00 +0530,21939.5,21944.85,21939.5,21943.9,0.0,80.5,83.55,80.5,83.55,651100,18.222662,3536000,21950.0,68.5,68.85,63.9,63.9,379900,13.922528,2828650,21950.0
2024-02-07 15:28:00 +0530,21944.2,21953.3,21942.15,21951.2,0.0,83.8,90.3,83.8,88.4,1395150,18.477384,3536000,21950.0,64.0,64.0,56.75,59.95,803350,13.844921,2828650,21950.0
2024-02-07 15:29:00 +0530,21949.8,21954.6,21946.3,21949.8,0.0,87.9,88.5,84.25,86.1,1014050,18.139445,3542000,21950.0,59.8,62.5,59.75,62.5,518850,14.258518,2889000,21950.0
2024-02-07 15:30:00 +0530,21948.75,21948.75,21948.75,21948.75,0.0,86.0,86.0,86.0,86.0,2450,18.241724,3542000,21950.0,62.55,62.55,62.55,62.55,50,14.162622,2889000,21950.0
2024-02-08 09:15:00 +0530,22009.65,22009.95,21962.55,21980.05,0.0,63.5,69.45,55.0,55.65,6188500,27.493882,8796550,22000.0,69.9,75.0,60.5,63.0,4434050,22.74943,3596650,22000.0
2024-02-08 09:16:00 +0530,21979.8,21992.3,21978.85,21990.45,0.0,54.9,61.3,53.05,60.65,5068300,27.584081,10180200,22000.0,62.25,62.25,55.25,55.65,3757700,22.028085,6064000,22000.0
2024-02-08 09:17:00 +0530,21990.4,21994.45,21986.9,21989.9,0.0,59.7,60.75,56.9,58.65,2846400,26.878397,10180200,22000.0,55.8,59.25,55.0,56.75,2304950,22.404623,6064000,22000.0
2024-02-08 09:18:00 +0530,21989.55,21998.3,21988.15,21991.9,0.0,59.0,61.75,57.55,58.35,3176050,26.373135,10180200,22000.0,56.0,58.35,54.6,58.05,2004950,23.438829,6064000,22000.0
2024-02-08 09:19:00 +0530,21993.5,21996.0,21992.05,21993.0,0.0,59.05,61.6,58.2,59.1,2296800,26.502018,11507250,22000.0,56.9,58.1,56.1,57.2,1837800,23.348326,7740850,22000.0
2024-02-08 09:20:00 +0530,21992.0,22007.45,21988.65,22006.3,0.0,57.75,69.95,57.75,68.5,5454100,27.69528,11507250,22000.0,57.1,57.1,50.0,51.15,3335350,23.609874,7740850,22000.0
2024-02-08 09:21:00 +0530,22006.5,22008.05,22001.75,22006.95,0.0,68.25,71.85,64.1,69.85,4671450,28.168979,11507250,22000.0,51.3,52.65,49.35,51.75,3171350,24.032474,7740850,22000.0
2024-02-08 09:22:00 +0530,22005.8,22007.1,21998.45,21998.45,0.0,68.75,68.9,63.95,64.85,2782700,27.928334,11906750,22000.0,51.3,53.7,50.8,53.5,2150650,23.036502,9674650,22000.0
2024-02-08 09:23:00 +0530,21999.1,22003.3,21994.95,22002.5,0.0,64.7,66.55,61.85,64.45,2512050,26.910125,11906750,22000.0,53.85,56.1,52.35,53.95,2350800,24.122008,9674650,22000.0
2024-02-08 09:24:00 +0530,22001.3,22001.35,21989.1,21991.6,0.0,64.5,64.5,58.55,60.2,2637550,27.456162,11906750,22000.0,54.0,58.5,53.85,57.7,2463400,23.405937,9674650,22000.0
2024-02-08 09:25:00 +0530,21991.75,22001.8,21991.35,22001.8,0.0,60.05,66.25,59.5,65.3,2573200,27.507812,12791700,22000.0,57.0,59.0,53.05,53.4,2607150,23.800546,10405250,22000.0
2024-02-08 09:26:00 +0530,22001.2,22002.8,21997.8,21999.75,0.0,65.65,66.3,62.95,65.0,2155800,27.866795,12791700,22000.0,54.5,55.9,52.75,53.8,1622600,23.568713,10405250,22000.0
2024-02-08 09:27:00 +0530,21999.8,22005.6,21998.7,22004.75,0.0,64.4,67.55,64.1,65.6,1888750,27.058339,12791700,22000.0,54.6,54.6,51.6,52.9,1558400,24.268009,10405250,22000.0
2024-02-08 09:28:00 +0530,22002.95,22003.85,21999.75,22000.85,0.0,64.75,66.2,63.85,64.45,1391000,27.465021,12994850,22000.0,53.7,54.85,52.85,54.7,1081750,24.25842,11385200,22000.0
2024-02-08 09:29:00 +0530,22000.45,22004.85,21995.6,21998.5,0.0,64.45,65.5,60.2,60.9,1939200,26.475858,12994850,22000.0,54.9,58.0,53.65,56.75,1594100,24.67628,11385200,22000.0
2024-02-08 09:30:00 +0530,21997.2,22002.85,21996.9,21999.5,0.0,60.55,65.2,58.4,61.05,3389750,26.359949,12994850,22000.0,57.1,58.85,52.95,56.85,2352200,24.969668,11385200,22000.0
2024-02-08 09:31:00 +0530,21999.05,22000.15,21991.2,21995.05,0.0,60.45,63.1,58.8,63.1,2243050,28.258454,13828000,22000.0,56.8,57.7,54.3,54.3,2086050,22.916773,12163400,22000.0
2024-02-08 09:32:00 +0530,21996.55,21997.65,21988.0,21988.25,0.0,63.6,63.6,59.0,59.2,1677900,28.034327,13828000,22000.0,53.55,58.5,53.25,58.5,1915650,23.240015,12163400,22000.0
2024-02-08 09:33:00 +0530,21987.4,21990.8,21985.5,21989.3,0.0,59.45,60.5,57.9,58.8,2008550,27.679671,13828000,22000.0,58.35,58.9,56.65,57.2,2195600,22.944663,12163400,22000.0
2024-02-08 09:34:00 +0530,21987.9,21990.2,21980.1,21987.95,0.0,58.4,58.4,53.8,57.35,3058200,27.365366,14592500,22000.0,57.75,64.1,57.75,58.55,3709850,23.255378,12279450,22000.0
2024-02-08 09:35:00 +0530,21988.55,21990.65,21984.05,21986.5,0.0,56.75,57.55,54.9,56.1,2057950,27.156401,14592500,22000.0,59.2,61.0,57.8,60.15,2082000,23.651602,12279450,22000.0
2024-02-08 09:36:00 +0530,21985.8,21989.75,21982.25,21988.2,0.0,54.85,58.8,54.5,57.45,2135050,27.436064,14592500,22000.0,60.65,60.65,56.4,57.8,1662150,23.047011,12279450,22000.0
2024-02-08 09:37:00 +0530,21988.55,21991.35,21982.05,21983.3,0.0,58.0,59.1,52.0,52.7,2390450,26.391832,15384700,22000.0,57.7,62.95,55.2,62.3,2138150,23.90484,12739800,22000.0
2024-02-08 09:38:00 +0530,21983.3,21983.7,21979.5,21980.8,0.0,52.45,54.35,50.55,52.85,2429850,27.004175,15384700,22000.0,61.45,64.85,61.05,62.2,3081700,23.285801,12739800,22000.0
2024-02-08 09:39:00 +0530,21981.5,21981.6,21969.1,21973.95,0.0,80.8,80.9,72.4,75.2,1868300,27.23415,4136100,21950.0,40.4,52.15,40.4,45.6,5093950,25.35903,6772700,21950.0
2024-02-08 09:40:00 +0530,21972.6,21977.95,21970.25,21977.15,0.0,46.8,49.8,45.6,49.25,3204500,26.210639,16194350,22000.0,71.6,73.1,67.35,68.0,2630950,25.033862,11410650,22000.0
2024-02-08 09:41:00 +0530,21978.35,21979.15,21971.0,21972.25,0.0,76.0,76.3,71.85,72.7,669150,26.623588,4809950,21950.0,43.5,47.7,43.5,46.6,1786550,25.550011,6559200,21950.0
2024-02-08 09:42:00 +0530,21972.45,21972.5,21962.1,21963.8,0.0,71.4,71.4,66.95,69.75,1561100,27.430285,4809950,21950.0,46.2,54.9,46.2,49.8,4238550,25.33546,6559200,21950.0
2024-02-08 09:43:00 +0530,21964.15,21970.3,21961.7,21969.55,0.0,69.15,71.7,65.55,71.7,1311700,26.932355,5404550,21950.0,49.5,52.9,47.35,47.45,2227350,25.473435,6840600,21950.0
2024-02-08 09:44:00 +0530,21971.65,21976.3,21971.65,21974.55,0.0,72.35,73.75,71.15,72.7,1142200,26.153069,5404550,21950.0,46.55,47.55,44.05,44.5,1976700,25.156128,6840600,21950.0
2024-02-08 09:45:00 +0530,21976.05,21978.7,21965.05,21966.65,0.0,72.6,73.75,67.35,69.35,1311800,26.676839,5404550,21950.0,43.75,51.35,43.1,49.4,2691050,25.84215,6840600,21950.0
2024-02-08 09:46:00 +0530,21968.05,21969.2,21953.6,21960.15,0.0,67.7,69.05,60.8,64.3,2221500,26.02934,6041950,21950.0,50.85,59.9,49.55,55.55,4830650,27.299073,6709500,21950.0
2024-02-08 09:47:00 +0530,21961.3,21967.95,21956.9,21967.05,0.0,62.65,66.6,61.4,65.4,1716450,24.877868,6041950,21950.0,56.05,57.8,51.4,52.2,2605850,27.257394,6709500,21950.0
2024-02-08 09:48:00 +0530,21965.35,21970.9,21964.3,21967.9,0.0,65.2,67.75,64.75,65.8,970100,24.882783,6041950,21950.0,52.5,53.25,50.35,52.5,1471900,27.603994,6709500,21950.0
2024-02-08 09:49:00 +0530,21968.1,21974.6,21962.25,21962.55,0.0,65.45,68.8,63.05,63.2,896250,25.071677,6644100,21950.0,52.55,55.0,49.15,54.4,1633900,27.401382,7321150,21950.0
2024-02-08 09:50:00 +0530,21962.55,21962.55,21956.75,21957.55,0.0,61.6,63.45,59.55,60.25,1575200,24.983275,6644100,21950.0,55.8,57.45,53.85,56.9,2668750,27.510977,7321150,21950.0
2024-02-08 09:51:00 +0530,21958.25,21958.85,21950.7,21951.7,0.0,61.25,61.25,57.0,58.65,1950650,25.665795,6644100,21950.0,55.35,61.75,55.35,58.75,3038850,27.112077,7321150,21950.0
2024-02-08 09:52:00 +0530,21951.75,21959.2,21951.75,21959.2,0.0,59.3,61.35,58.95,61.35,982000,25.161456,7467650,21950.0,58.15,58.6,56.3,56.3,1412050,27.672043,7742000,21950.0
2024-02-08 09:53:00 +0530,21956.95,21968.7,21956.95,21966.4,0.0,61.55,65.0,60.95,64.75,1262450,24.972552,7467650,21950.0,55.5,55.9,51.3,51.55,1835000,27.065541,7742000,21950.0
2024-02-08 09:54:00 +0530,21966.0,21968.5,21959.6,21960.55,0.0,64.6,65.85,60.95,61.1,1203500,24.798572,7467650,21950.0,51.0,55.35,50.65,55.35,1452150,27.609232,7742000,21950.0
2024-02-08 09:55:00 +0530,21960.1,21960.2,21955.2,21956.1,0.0,60.75,62.3,59.55,61.0,1020050,25.85832,7758700,21950.0,55.1,56.85,53.6,56.3,1358350,27.12592,7965250,21950.0
2024-02-08 09:56:00 +0530,21957.0,21966.75,21957.0,21964.75,0.0,60.65,64.75,60.4,64.4,976550,25.341685,7758700,21950.0,55.9,55.9,51.75,52.35,1263050,27.207603,7965250,21950.0
2024-02-08 09:57:00 +0530,21965.8,21967.65,21963.25,21967.65,0.0,64.5,65.1,61.9,65.1,782400,24.969481,7758700,21950.0,52.0,54.15,51.2,51.2,800100,27.321257,7965250,21950.0
2024-02-08 09:58:00 +0530,21967.5,21977.1,21967.5,21976.3,0.0,43.1,45.75,42.95,45.45,3427550,25.355447,20090650,22000.0,77.35,78.0,72.95,73.95,1734700,28.195261,9965000,22000.0
2024-02-08 09:59:00 +0530,21976.6,21978.25,21965.35,21965.35,0.0,68.4,70.6,62.4,62.85,1710350,24.598406,7670450,21950.0,47.6,51.75,45.45,50.5,1685950,26.606075,8235500,21950.0
2024-02-08 10:00:00 +0530,21964.75,21975.7,21952.2,21975.7,0.0,37.95,43.35,32.1,42.25,7459750,24.078219,20090650,22000.0,81.4,87.9,70.9,72.85,3993750,27.618807,9965000,22000.0
2024-02-08 10:01:00 +0530,21975.65,21975.65,21967.6,21968.55,0.0,63.6,65.75,57.1,58.1,1633250,21.660745,8003950,21950.0,46.5,49.75,45.25,48.65,1749150,26.4947,8492850,21950.0
2024-02-08 10:02:00 +0530,21969.5,21970.85,21963.95,21967.6,0.0,56.6,59.3,55.6,57.05,1445500,21.457685,8003950,21950.0,49.95,50.6,47.15,49.3,1414750,26.638684,8492850,21950.0
2024-02-08 10:03:00 +0530,21968.05,21975.05,21967.15,21972.5,0.0,55.5,61.95,55.5,59.45,1224550,21.300563,8003950,21950.0,48.7,49.35,45.5,47.75,1239100,26.960498,8492850,21950.0
2024-02-08 10:04:00 +0530,21971.35,21989.35,21967.55,21989.35,0.0,38.0,49.3,37.05,49.3,4313900,24.626985,21764650,22000.0,76.85,77.55,60.7,60.7,2179450,25.596832,10378050,22000.0
2024-02-08 10:05:00 +0530,21994.65,21998.35,21967.25,21970.6,0.0,78.55,79.25,54.8,57.05,5581050,20.760463,8536150,21950.0,33.25,46.8,29.85,44.95,8174000,25.355368,9096450,21950.0
2024-02-08 10:06:00 +0530,21970.65,21972.55,21959.95,21972.55,0.0,56.1,58.4,50.9,58.4,3003750,20.895489,8536150,21950.0,45.0,50.8,40.2,40.2,3857100,23.569004,9096450,21950.0
2024-02-08 10:07:00 +0530,21973.05,21974.45,21968.7,21969.75,0.0,57.6,59.4,53.25,53.3,1854650,19.297375,8314050,21950.0,41.45,44.85,38.55,41.5,2624400,23.650269,9673400,21950.0
2024-02-08 10:08:00 +0530,21969.25,21969.25,21955.0,21955.0,0.0,50.6,53.35,45.0,46.85,3034900,20.116289,8314050,21950.0,43.95,49.1,41.85,48.4,2754800,23.763619,9673400,21950.0
2024-02-08 10:09:00 +0530,21954.25,21955.4,21927.7,21932.4,0.0,46.35,46.35,37.75,38.3,6615000,21.253001,8314050,21950.0,49.75,75.0,48.6,64.75,9815800,26.002514,9673400,21950.0
2024-02-08 10:10:00 +0530,21931.0,21931.0,21911.45,21927.4,0.0,38.45,38.45,33.0,36.1,5757100,21.278488,10157100,21950.0,66.0,85.25,66.0,69.2,6750150,26.834099,7170650,21950.0
2024-02-08 10:11:00 +0530,21925.75,21927.9,21921.15,21923.05,0.0,59.5,59.5,56.4,56.9,2164550,20.260841,8360200,21900.0,43.6,46.8,42.65,45.1,4766350,26.21544,13070100,21900.0
2024-02-08 10:12:00 +0530,21923.15,21924.4,21918.9,21923.15,0.0,57.4,57.75,53.9,56.8,2129000,20.218038,8360200,21900.0,44.65,46.85,43.05,44.25,3806700,25.87471,13070100,21900.0
2024-02-08 10:13:00 +0530,21924.05,21931.4,21922.85,21925.75,0.0,34.05,36.9,33.25,35.1,2555450,21.239626,11691450,21950.0,71.0,71.55,62.45,66.6,2112350,25.296583,7065650,21950.0
2024-02-08 10:14:00 +0530,21925.25,21943.8,21925.25,21939.65,0.0,35.1,39.05,34.7,37.1,3676250,19.313976,11691450,21950.0,66.8,66.8,57.8,61.2,2562450,26.353787,7065650,21950.0
2024-02-08 10:15:00 +0530,21937.85,21939.25,21891.6,21896.35,0.0,62.45,62.45,42.45,43.7,6078400,20.975786,9881150,21900.0,35.75,66.95,35.75,59.6,11770150,27.318569,13883000,21900.0
2024-02-08 10:16:00 +0530,21896.25,21896.25,21883.95,21887.95,0.0,42.6,42.7,39.35,41.1,4672450,21.675305,11545050,21900.0,61.9,71.9,61.75,65.2,8682550,27.953549,12268100,21900.0
2024-02-08 10:17:00 +0530,21887.6,21901.55,21885.5,21901.25,0.0,41.0,42.45,38.35,42.1,5223600,19.141288,11545050,21900.0,62.3,66.4,54.6,57.9,5088400,27.751836,12268100,21900.0
2024-02-08 10:18:00 +0530,21898.55,21904.5,21891.15,21892.25,0.0,42.5,42.75,39.65,40.45,4641000,20.486322,11545050,21900.0,56.1,62.5,53.95,61.8,3848050,27.49662,12268100,21900.0
2024-02-08 10:19:00 +0530,21893.4,21909.85,21893.4,21908.95,0.0,39.75,43.95,39.75,43.3,3714950,17.857156,14107900,21900.0,60.8,60.8,48.15,49.45,4421950,25.601911,12849250,21900.0
2024-02-08 10:20:00 +0530,21907.95,21915.65,21905.95,21910.55,0.0,42.65,45.7,41.35,43.2,4676900,17.423789,14107900,21900.0,50.35,51.4,44.0,46.65,5620750,24.670798,12849250,21900.0
2024-02-08 10:21:00 +0530,21912.7,21915.7,21899.5,21899.95,0.0,43.9,45.65,40.05,40.95,3425450,19.037822,14107900,21900.0,44.9,55.85,43.5,53.1,4789800,25.358036,12849250,21900.0
2024-02-08 10:22:00 +0530,21900.7,21914.8,21900.2,21914.8,0.0,40.0,45.65,40.0,44.85,2571600,17.130691,15547300,21900.0,55.05,55.05,44.8,45.65,2948950,25.19652,13674600,21900.0
2024-02-08 10:23:00 +0530,21914.05,21922.85,21912.55,21915.15,0.0,46.6,48.95,43.75,45.45,2720150,17.35211,15547300,21900.0,43.0,46.25,40.3,43.5,3484000,24.285909,13674600,21900.0
2024-02-08 10:24:00 +0530,21915.75,21922.6,21913.15,21919.55,0.0,45.6,48.6,44.7,47.55,1996750,17.159192,15547300,21900.0,43.1,44.75,40.7,40.75,2144050,23.936175,13674600,21900.0
2024-02-08 10:25:00 +0530,21920.05,21926.65,21917.8,21923.6,0.0,47.9,50.4,46.2,49.3,2686500,16.852541,15803400,21900.0,39.4,42.6,38.15,38.8,3635100,23.868124,14523650,21900.0
2024-02-08 10:26:00 +0530,21923.75,21947.15,21923.35,21945.8,0.0,28.95,38.4,28.1,36.55,4908350,18.044838,12902550,21950.0,67.5,68.55,53.15,54.7,3647450,25.275027,5835800,21950.0
2024-02-08 10:27:00 +0530,21946.15,21960.95,21946.15,21957.35,0.0,36.2,48.15,35.85,46.6,8021950,20.045785,12902550,21950.0,50.7,50.7,45.65,48.4,4544150,25.012096,5835800,21950.0
2024-02-08 10:28:00 +0530,21958.1,21961.65,21955.95,21959.1,0.0,46.0,47.6,41.55,42.4,5776800,17.6186,11469750,21950.0,48.5,48.5,44.4,45.3,2508150,23.96429,7414400,21950.0
2024-02-08 10:29:00 +0530,21958.85,21964.95,21957.75,21957.85,0.0,43.6,45.8,40.5,40.55,3892600,17.087085,11469750,21950.0,45.85,47.0,41.8,45.2,2979650,23.67537,7414400,21950.0
2024-02-08 10:30:00 +0530,21958.8,21958.8,21948.25,21955.75,0.0,39.35,40.25,34.3,36.6,4605650,15.762798,11469750,21950.0,44.85,49.8,42.4,44.9,3766750,23.094655,7414400,21950.0
2024-02-08 10:31:00 +0530,21956.0,21967.55,21954.15,21966.1,0.0,36.55,46.1,36.55,45.7,4526000,17.407388,12367400,21950.0,45.25,45.25,37.15,38.65,3532450,22.40647,9105350,21950.0
2024-02-08 10:32:00 +0530,21966.4,21967.2,21960.7,21961.0,0.0,45.3,46.65,39.9,39.9,3200050,16.025206,12367400,21950.0,39.45,42.35,38.1,42.35,2013600,23.123399,9105350,21950.0
2024-02-08 10:33:00 +0530,21960.8,21961.0,21955.65,21958.8,0.0,39.35,41.15,36.75,38.95,2817600,16.182948,12367400,21950.0,42.55,45.0,40.5,42.2,2358650,22.598932,9105350,21950.0
2024-02-08 10:34:00 +0530,21958.35,21963.4,21955.45,21963.4,0.0,38.35,40.85,36.7,40.05,2242000,15.492721,12915500,21950.0,42.1,43.95,39.65,39.85,1605500,22.516628,10098950,21950.0
2024-02-08 10:35:00 +0530,21963.85,21966.95,21959.75,21960.5,0.0,39.5,41.95,37.85,38.25,2385100,15.442277,12915500,21950.0,40.9,42.0,37.4,41.65,2125150,22.78767,10098950,21950.0
2024-02-08 10:36:00 +0530,21960.75,21963.2,21951.5,21952.0,0.0,39.1,39.1,33.7,34.25,3148900,15.745706,12915500,21950.0,40.65,46.1,40.3,45.55,2619500,22.764069,10098950,21950.0
2024-02-08 10:37:00 +0530,21952.95,21954.05,21946.4,21950.4,0.0,33.8,34.15,31.1,32.3,2669250,15.226977,13895500,21950.0,44.9,48.4,44.25,46.7,2274100,22.978359,10449600,21950.0
2024-02-08 10:38:00 +0530,21950.3,21958.95,21947.0,21957.2,0.0,31.2,36.2,30.8,34.55,2633450,14.607274,13895500,21950.0,47.7,48.15,41.5,43.65,2113700,23.127569,10449600,21950.0
2024-02-08 10:39:00 +0530,21956.3,21961.15,21950.65,21956.65,0.0,34.15,37.25,32.15,35.5,2135300,15.242701,13895500,21950.0,43.7,45.9,40.9,42.5,1528250,22.480804,10449600,21950.0
2024-02-08 10:40:00 +0530,21956.35,21957.85,21946.9,21950.25,0.0,34.85,35.3,31.1,31.5,2152400,14.956704,14490200,21950.0,42.7,47.75,41.75,46.35,1896700,22.887701,11082200,21950.0
2024-02-08 10:41:00 +0530,21950.4,21950.4,21897.6,21907.15,0.0,56.75,56.75,33.0,36.75,8414350,15.813696,11682000,21900.0,24.85,53.8,24.85,45.75,16795400,24.31262,19106800,21900.0
2024-02-08 10:42:00 +0530,21906.1,21906.1,21888.4,21892.0,0.0,37.15,37.15,29.45,31.35,8356250,16.943183,11682000,21900.0,46.65,62.7,46.65,55.75,10957200,25.56828,19106800,21900.0
2024-02-08 10:43:00 +0530,21892.4,21893.55,21868.7,21881.45,0.0,31.95,31.95,25.6,28.2,8006900,17.747847,14176050,21900.0,55.7,79.0,55.25,66.9,9064000,28.328481,13576750,21900.0
2024-02-08 10:44:00 +0530,21878.1,21886.25,21874.9,21877.5,0.0,27.8,29.8,27.2,27.5,5530300,18.256358,14176050,21900.0,67.65,69.5,61.05,69.05,5976200,28.362209,13576750,21900.0
2024-02-08 10:45:00 +0530,21877.4,21887.45,21868.75,21883.8,0.0,27.1,30.8,25.25,29.55,6036700,17.980919,14176050,21900.0,67.85,74.75,59.85,62.0,5966700,26.633391,13576750,21900.0
2024-02-08 10:46:00 +0530,21884.1,21892.7,21882.0,21887.7,0.0,28.8,31.15,28.25,29.9,3975900,17.327422,16741950,21900.0,62.7,63.95,56.15,58.25,3746100,25.860975,13496500,21900.0
2024-02-08 10:47:00 +0530,21889.5,21891.15,21872.45,21875.65,0.0,30.15,30.35,25.5,26.45,3958100,18.203761,16741950,21900.0,58.95,71.55,58.0,69.4,3694450,28.165887,13496500,21900.0
2024-02-08 10:48:00 +0530,21875.7,21887.35,21875.7,21884.1,0.0,26.15,29.25,26.15,28.05,2470400,17.261849,16741950,21900.0,68.2,68.2,60.25,62.6,2217700,27.150525,13496500,21900.0
2024-02-08 10:49:00 +0530,21883.85,21890.85,21878.35,21887.4,0.0,28.5,29.85,26.65,28.6,2574900,16.840549,18017950,21900.0,62.15,65.05,56.8,60.7,2690000,27.133446,13794400,21900.0
2024-02-08 10:50:00 +0530,21885.05,21904.3,21885.05,21896.75,0.0,28.1,33.95,27.9,31.25,6450850,16.009777,18017950,21900.0,61.05,61.05,47.5,50.9,5209500,24.723852,13794400,21900.0
2024-02-08 10:51:00 +0530,21895.0,21903.1,21885.2,21887.5,0.0,31.7,34.85,27.5,28.45,5127950,16.805013,18017950,21900.0,50.4,58.7,45.7,58.5,4710900,26.15766,13794400,21900.0
2024-02-08 10:52:00 +0530,21887.9,21893.35,21879.3,21879.85,0.0,28.85,29.9,26.65,27.65,3153350,18.104148,18534950,21900.0,57.6,64.55,53.85,61.9,3584600,25.818151,14003700,21900.0
2024-02-08 10:53:00 +0530,21882.05,21887.3,21877.4,21887.3,0.0,26.6,28.3,26.05,27.45,2565850,16.408948,18534950,21900.0,64.65,65.9,58.5,59.5,2639050,26.696906,14003700,21900.0
2024-02-08 10:54:00 +0530,21885.7,21891.15,21884.05,21885.5,0.0,27.35,29.1,27.05,27.7,1951500,16.96756,18534950,21900.0,60.0,60.65,55.3,58.8,1525350,25.908236,14003700,21900.0
2024-02-08 10:55:00 +0530,21885.6,21893.8,21885.6,21890.0,0.0,28.4,30.0,27.65,28.75,2081700,16.511102,19284250,21900.0,57.6,57.65,52.85,55.95,1876300,25.727333,14180550,21900.0
2024-02-08 10:56:00 +0530,21889.25,21892.8,21880.5,21881.1,0.0,29.2,29.65,26.0,26.95,2465850,17.612229,19284250,21900.0,54.35,63.0,52.8,62.0,2204300,26.403013,14180550,21900.0
2024-02-08 10:57:00 +0530,21881.45,21884.65,21851.65,21851.65,0.0,52.3,53.15,38.1,38.1,3642600,18.46871,5684200,21850.0,36.5,58.15,34.3,58.15,8525300,29.966192,10591050,21850.0
2024-02-08 10:58:00 +0530,21851.65,21851.9,21840.45,21840.9,0.0,38.6,40.05,35.1,36.0,5433700,20.104733,6543900,21850.0,56.45,67.5,52.4,61.6,8057550,29.017495,8584750,21850.0
2024-02-08 10:59:00 +0530,21840.55,21840.6,21830.05,21830.05,0.0,34.95,36.7,32.2,32.5,4207700,20.840203,6543900,21850.0,64.9,75.0,61.95,69.75,5514850,30.261199,8584750,21850.0
2024-02-08 11:00:00 +0530,21830.65,21834.85,21818.85,21828.85,0.0,32.6,34.2,29.55,32.5,5084800,21.14363,6543900,21850.0,68.4,80.6,66.25,69.45,5872650,29.825345,8584750,21850.0
2024-02-08 11:01:00 +0530,21829.85,21829.85,21818.35,21825.25,0.0,32.5,32.5,28.7,31.55,3016800,21.473073,8613800,21850.0,71.75,78.1,68.55,73.5,2897600,30.929169,7420500,21850.0
2024-02-08 11:02:00 +0530,21826.8,21826.8,21790.9,21791.8,0.0,53.0,54.05,42.85,45.05,4784850,24.707836,6421750,21800.0,45.55,71.4,45.55,67.25,10554150,32.414385,11962850,21800.0
2024-02-08 11:03:00 +0530,21791.2,21795.65,21773.05,21773.05,0.0,68.9,70.0,56.7,56.7,2171250,22.262934,1404450,21750.0,43.5,57.0,42.3,55.5,7091550,34.182979,7217200,21750.0
2024-02-08 11:04:00 +0530,21772.05,21772.1,21733.0,21753.45,0.0,56.4,56.4,42.15,50.6,4092200,24.737541,3208950,21750.0,56.75,91.0,55.2,67.95,8270200,35.962016,5661150,21750.0
2024-02-08 11:05:00 +0530,21752.8,21753.8,21718.15,21741.3,0.0,50.35,50.35,39.2,46.15,4366900,25.596554,3208950,21750.0,66.8,97.8,66.8,77.85,5511950,37.982608,5661150,21750.0
2024-02-08 11:06:00 +0530,21736.65,21758.4,21736.35,21743.8,0.0,46.45,51.0,44.95,46.75,3606700,25.336038,3208950,21750.0,79.75,81.8,66.25,77.55,3297300,38.55756,5661150,21750.0
2024-02-08 11:07:00 +0530,21741.6,21752.45,21730.75,21752.2,0.0,47.35,49.85,43.75,49.25,2335050,24.516884,5050450,21750.0,75.8,84.8,69.3,70.3,2951650,37.059017,5878850,21750.0
2024-02-08 11:08:00 +0530,21751.7,21754.7,21729.3,21733.9,0.0,49.6,49.6,41.45,43.0,2425550,25.897376,5050450,21750.0,69.9,86.2,68.65,82.6,2753800,38.653336,5878850,21750.0
2024-02-08 11:09:00 +0530,21734.5,21742.25,21715.05,21716.45,0.0,65.65,68.8,52.75,54.2,2883800,23.262725,4061500,21700.0,55.2,69.9,49.8,66.1,6585350,38.623477,9583850,21700.0
2024-02-08 11:10:00 +0530,21720.95,21730.35,21710.15,21723.1,0.0,55.35,59.75,50.15,56.55,3225300,22.526945,5874700,21700.0,64.3,74.25,56.2,63.5,7117000,38.91562,9271550,21700.0
2024-02-08 11:11:00 +0530,21723.45,21749.8,21722.95,21746.75,0.0,36.65,44.15,36.25,42.0,4318650,22.368219,6671450,21750.0,93.2,93.2,75.3,79.95,2300750,40.943817,5627650,21750.0
2024-02-08 11:12:00 +0530,21745.4,21751.95,21741.85,21742.45,0.0,41.75,44.45,41.3,42.45,3544100,23.733973,6671450,21750.0,79.2,83.6,73.65,81.65,1599850,40.77223,5627650,21750.0
2024-02-08 11:13:00 +0530,21742.8,21755.7,21742.8,21748.05,0.0,42.5,45.2,41.9,42.55,2187300,22.408255,7909700,21750.0,80.1,80.55,74.2,79.0,1492400,40.945143,5952400,21750.0
2024-02-08 11:14:00 +0530,21747.85,21748.15,21736.0,21737.0,0.0,42.5,43.7,38.35,39.25,2321100,23.490123,7909700,21750.0,79.5,85.45,74.35,82.45,1679550,39.87324,5952400,21750.0
2024-02-08 11:15:00 +0530,21734.75,21743.9,21725.95,21742.85,0.0,39.1,43.7,37.15,42.7,3042950,23.90686,7909700,21750.0,81.95,87.0,72.2,73.55,2366000,36.873811,5952400,21750.0
2024-02-08 11:16:00 +0530,21743.5,21748.05,21733.35,21742.1,0.0,41.85,44.2,38.3,42.55,2858350,24.064637,8669650,21750.0,75.0,78.4,67.15,72.95,1900350,36.428443,5952400,21750.0
2024-02-08 11:17:00 +0530,21742.45,21754.2,21737.7,21742.85,0.0,43.05,46.3,40.8,42.4,2932250,23.845405,8669650,21750.0,69.05,74.75,63.7,70.8,1840950,35.571302,5980700,21750.0
2024-02-08 11:18:00 +0530,21745.2,21760.1,21745.2,21758.45,0.0,41.9,46.9,41.85,46.85,2194750,22.066707,8669650,21750.0,70.95,70.95,59.95,59.95,1557200,33.987518,5980700,21750.0
2024-02-08 11:19:00 +0530,21760.1,21760.1,21746.25,21748.35,0.0,45.5,45.5,40.95,41.35,2111350,21.969264,9310400,21750.0,62.5,70.6,62.5,69.25,1646950,36.361791,5980700,21750.0
2024-02-08 11:20:00 +0530,21748.6,21757.35,21740.15,21741.8,0.0,41.05,44.65,38.7,39.05,2244650,22.482524,9310400,21750.0,69.4,74.8,63.75,74.65,1631500,37.531816,6155350,21750.0
2024-02-08 11:21:00 +0530,21740.5,21755.5,21740.5,21749.6,0.0,39.15,42.65,38.4,40.65,1504950,21.357233,9310400,21750.0,72.7,75.3,63.9,67.65,1523700,35.987991,6155350,21750.0
2024-02-08 11:22:00 +0530,21749.2,21749.75,21735.85,21742.0,0.0,40.85,40.85,36.3,37.65,2257500,21.780015,10164900,21750.0,66.9,73.95,66.75,69.05,1290300,34.760961,6155350,21750.0
2024-02-08 11:23:00 +0530,21742.95,21743.2,21724.6,21734.9,0.0,38.2,38.2,32.0,34.85,3499700,22.075967,10164900,21750.0,68.1,80.75,68.1,76.05,2119650,36.580199,6386200,21750.0
2024-02-08 11:24:00 +0530,21731.6,21745.65,21725.9,21741.95,0.0,33.25,38.85,31.7,38.0,3063200,22.07003,10164900,21750.0,78.35,78.65,66.75,67.85,1504600,34.245957,6386200,21750.0
2024-02-08 11:25:00 +0530,21742.45,21749.2,21741.65,21743.8,0.0,38.3,39.55,36.55,38.0,1760150,21.643862,11071950,21750.0,68.35,69.75,65.0,66.0,1108600,33.834013,6386200,21750.0
2024-02-08 11:26:00 +0530,21746.35,21752.45,21741.65,21749.85,0.0,38.1,39.95,36.5,38.45,2233750,20.336286,11071950,21750.0,66.15,67.85,61.4,64.05,1368500,34.49005,6425950,21750.0
2024-02-08 11:27:00 +0530,21746.1,21763.0,21746.1,21753.7,0.0,38.55,42.95,38.55,39.0,2814400,19.615483,11071950,21750.0,63.6,63.6,55.85,61.1,2159050,33.993016,6425950,21750.0
2024-02-08 11:28:00 +0530,21751.4,21768.2,21749.5,21767.7,0.0,38.65,47.35,38.15,46.4,3737350,19.480988,11130100,21750.0,61.75,62.2,50.6,51.6,2110500,32.477084,6425950,21750.0
2024-02-08 11:29:00 +0530,21766.9,21774.05,21757.05,21764.4,0.0,46.0,48.7,39.95,42.7,3634700,18.538387,11130100,21750.0,51.7,57.6,47.75,52.65,2743750,32.301222,6807450,21750.0
2024-02-08 11:30:00 +0530,21763.2,21763.7,21754.7,21762.45,0.0,42.0,44.1,38.75,41.1,2395800,18.308489,11130100,21750.0,53.9,57.25,50.3,52.8,1664200,31.962522,6807450,21750.0
2024-02-08 11:31:00 +0530,21761.25,21767.65,21747.75,21749.75,0.0,40.95,42.85,36.0,36.4,2392500,19.472777,12012900,21750.0,52.1,60.35,48.85,59.5,2158800,32.357351,6807450,21750.0
2024-02-08 11:32:00 +0530,21749.3,21752.9,21741.85,21749.4,0.0,37.0,37.55,33.15,35.45,3027150,19.095644,12012900,21750.0,59.15,64.4,57.4,57.45,2494950,31.219591,7359250,21750.0
2024-02-08 11:33:00 +0530,21750.45,21750.45,21740.0,21746.0,0.0,34.3,34.9,32.55,34.2,2204900,19.371911,12012900,21750.0,60.0,63.95,58.35,59.6,1311600,31.524294,7359250,21750.0
2024-02-08 11:34:00 +0530,21745.0,21747.25,21735.15,21738.1,0.0,34.65,34.65,30.4,32.6,2187850,20.570644,13066200,21750.0,59.4,65.65,58.7,62.75,1451450,31.076793,7359250,21750.0
2024-02-08 11:35:00 +0530,21739.5,21749.55,21736.5,21747.5,0.0,32.55,35.1,30.0,34.05,2436650,18.97335,13066200,21750.0,62.35,65.9,56.4,57.9,1611650,31.142012,7203600,21750.0
2024-02-08 11:36:00 +0530,21748.3,21760.0,21748.3,21759.0,0.0,33.7,37.75,33.7,37.0,2213650,17.348033,13066200,21750.0,57.75,57.75,50.4,51.9,1710850,30.988285,7203600,21750.0
2024-02-08 11:37:00 +0530,21760.55,21771.95,21757.35,21770.1,0.0,36.2,41.2,36.1,41.05,2698450,16.042873,12925150,21750.0,51.6,53.1,44.2,44.35,2455500,29.672103,7203600,21750.0
2024-02-08 11:38:00 +0530,21771.85,21775.8,21764.0,21767.8,0.0,40.6,43.0,38.55,38.6,2965250,15.481605,12925150,21750.0,44.7,46.8,42.0,45.2,2409000,29.644598,7616600,21750.0
2024-02-08 11:39:00 +0530,21767.3,21774.7,21763.8,21768.85,0.0,38.7,42.35,38.2,39.65,1811950,15.75159,12925150,21750.0,45.2,45.5,40.9,43.6,1768700,29.076749,7616600,21750.0
2024-02-08 11:40:00 +0530,21768.9,21771.15,21761.7,21761.7,0.0,39.45,41.2,37.3,37.6,1594050,16.998707,12942750,21750.0,43.6,46.85,42.4,46.7,1729750,29.073428,7616600,21750.0
2024-02-08 11:41:00 +0530,21763.25,21763.95,21754.3,21756.55,0.0,38.5,39.15,34.7,36.1,2003850,17.783135,12942750,21750.0,45.6,49.85,45.35,46.6,1700900,27.746377,7921050,21750.0
2024-02-08 11:42:00 +0530,21757.2,21770.9,21757.2,21769.45,0.0,36.8,39.9,35.7,39.35,1706550,15.475081,12942750,21750.0,46.35,47.5,41.9,42.35,1546700,28.711901,7921050,21750.0
2024-02-08 11:43:00 +0530,21770.4,21777.1,21768.2,21770.15,0.0,39.75,41.8,37.65,38.0,2271300,14.473897,13232750,21750.0,42.65,43.75,39.65,43.4,2203500,29.53474,7921050,21750.0
2024-02-08 11:44:00 +0530,21770.8,21774.0,21764.5,21768.45,0.0,38.25,38.7,35.6,36.65,1522750,14.337426,13232750,21750.0,43.0,45.55,42.8,44.8,1489900,29.966365,8116650,21750.0
2024-02-08 11:45:00 +0530,21767.35,21771.8,21758.8,21761.15,0.0,36.2,38.3,34.55,35.5,1741200,16.183471,13232750,21750.0,45.15,49.1,42.65,48.05,1578350,30.002249,8116650,21750.0
2024-02-08 11:46:00 +0530,21761.2,21767.65,21754.4,21763.2,0.0,35.25,37.35,33.35,36.25,2261750,15.980462,13232750,21750.0,47.75,52.75,44.6,45.75,2310500,29.306598,8116650,21750.0
2024-02-08 11:47:00 +0530,21763.6,21773.4,21763.25,21769.55,0.0,36.45,40.05,35.95,37.55,1932650,14.565192,13686300,21750.0,45.95,46.1,40.5,42.7,1705450,29.249734,8221150,21750.0
2024-02-08 11:48:00 +0530,21770.8,21774.25,21765.05,21774.25,0.0,38.3,39.9,35.85,39.65,1322000,14.057798,13686300,21750.0,42.2,44.8,39.65,39.75,1455050,28.783246,8221150,21750.0
2024-02-08 11:49:00 +0530,21773.05,21777.4,21771.2,21775.55,0.0,22.55,23.8,21.85,22.6,2243800,18.538795,20181550,21800.0,72.95,75.15,70.5,72.5,1105850,33.664478,7180550,21800.0
2024-02-08 11:50:00 +0530,21775.75,21780.7,21772.7,21773.45,0.0,39.8,41.9,38.6,39.65,1733550,14.441687,13679200,21750.0,38.7,40.5,36.75,38.7,2140650,28.115741,8902250,21750.0
2024-02-08 11:51:00 +0530,21774.7,21777.6,21773.0,21775.25,0.0,22.55,23.0,21.75,21.9,1512850,18.282054,20181550,21800.0,71.3,73.2,69.95,72.35,674050,33.633455,7422000,21800.0
2024-02-08 11:52:00 +0530,21774.5,21777.35,21768.25,21776.15,0.0,21.8,22.75,20.6,22.35,1731350,18.384395,20181550,21800.0,72.35,75.75,69.2,70.85,1003850,33.140148,7422000,21800.0
2024-02-08 11:53:00 +0530,21775.2,21792.05,21774.9,21792.05,0.0,22.45,29.2,22.1,29.2,6122000,18.453863,20585750,21800.0,70.95,70.95,55.85,55.85,2889750,29.573369,7467600,21800.0
2024-02-08 11:54:00 +0530,21792.5,21801.65,21792.5,21794.5,0.0,30.0,36.35,27.65,27.65,10903450,16.959235,20585750,21800.0,54.95,56.6,50.55,56.6,4243400,30.784585,7467600,21800.0
2024-02-08 11:55:00 +0530,21793.95,21798.55,21791.65,21797.75,0.0,27.4,31.2,27.4,30.4,5110850,17.667551,20585750,21800.0,55.45,56.4,51.3,52.2,2452250,29.290914,7467600,21800.0
2024-02-08 11:56:00 +0530,21797.35,21800.0,21792.55,21792.55,0.0,29.9,32.25,26.15,26.15,5039700,16.707761,18067950,21800.0,53.15,56.05,49.1,56.05,2496350,30.038601,8522250,21800.0
2024-02-08 11:57:00 +0530,21791.95,21797.05,21787.4,21787.4,0.0,26.35,28.9,24.4,24.4,4272200,17.079846,18067950,21800.0,56.2,59.15,51.95,59.15,2084050,30.331009,8522250,21800.0
2024-02-08 11:58:00 +0530,21786.7,21797.2,21783.95,21797.2,0.0,24.3,29.95,23.4,29.35,4593000,17.349314,18067950,21800.0,59.0,61.05,49.45,49.6,2694800,27.846259,8522250,21800.0
2024-02-08 11:59:00 +0530,21796.5,21796.9,21789.25,21790.5,0.0,29.1,29.1,24.85,25.4,2893950,16.940383,18767500,21800.0,50.8,56.05,50.8,55.45,1555950,29.2872,8838550,21800.0
2024-02-08 12:00:00 +0530,21790.85,21796.9,21788.4,21791.3,0.0,25.4,27.8,24.6,26.5,2765050,17.406907,18767500,21800.0,54.3,55.65,50.0,52.85,1590000,28.09858,8838550,21800.0
2024-02-08 12:01:00 +0530,21791.75,21801.15,21791.75,21798.65,0.0,26.75,29.9,26.75,28.55,3520400,16.602215,18767500,21800.0,51.75,51.9,47.7,49.2,2455700,28.231546,8838550,21800.0
2024-02-08 12:02:00 +0530,21799.1,21805.95,21798.45,21801.6,0.0,28.3,32.3,28.0,29.2,4640050,16.155697,19242350,21800.0,49.15,49.35,45.5,48.25,2564250,28.594241,9600750,21800.0
2024-02-08 12:03:00 +0530,21801.85,21806.6,21797.3,21797.3,0.0,29.2,30.4,27.5,28.5,3149650,17.042353,19242350,21800.0,47.85,50.55,45.5,49.45,2105350,28.116805,9600750,21800.0
2024-02-08 12:04:00 +0530,21797.3,21804.95,21797.3,21797.75,0.0,28.3,30.25,26.85,26.9,2360300,16.026722,19242350,21800.0,48.8,51.4,46.9,50.95,1488550,29.186865,9600750,21800.0
2024-02-08 12:05:00 +0530,21798.4,21801.95,21792.2,21793.15,0.0,26.8,28.45,25.25,25.95,2875400,16.800283,19516500,21800.0,50.55,54.25,48.6,52.6,2332100,28.849467,10238300,21800.0
2024-02-08 12:06:00 +0530,21792.5,21799.5,21791.3,21796.95,0.0,25.7,26.9,24.0,26.9,3310900,16.336502,19516500,21800.0,52.85,54.7,49.0,49.25,2302550,28.099053,10238300,21800.0
2024-02-08 12:07:00 +0530,21797.4,21799.25,21793.7,21795.2,0.0,26.8,27.6,24.4,25.3,2076950,15.935624,19516500,21800.0,49.3,52.35,48.15,51.15,1159700,28.757732,10238300,21800.0
2024-02-08 12:08:00 +0530,21795.1,21797.2,21784.5,21785.15,0.0,24.9,25.5,21.65,21.85,3565100,16.60806,20196750,21800.0,52.15,56.95,51.05,56.6,2254150,28.912663,10218350,21800.0
2024-02-08 12:09:00 +0530,21784.7,21792.5,21782.2,21792.4,0.0,22.2,24.75,20.35,24.65,4548050,16.409431,20196750,21800.0,55.85,59.7,49.75,49.75,3013850,27.221834,10218350,21800.0
2024-02-08 12:10:00 +0530,21792.35,21795.45,21788.35,21790.45,0.0,24.8,25.55,22.9,24.05,2656500,16.623999,20196750,21800.0,49.8,53.0,48.55,50.65,1584150,27.214712,10218350,21800.0
2024-02-08 12:11:00 +0530,21790.7,21800.15,21790.7,21796.15,0.0,23.75,26.65,23.75,25.25,2511850,15.800215,20240300,21800.0,50.8,50.8,45.3,47.25,2191950,27.021198,10088250,21800.0
2024-02-08 12:12:00 +0530,21796.25,21807.45,21796.25,21806.85,0.0,25.85,30.45,25.85,29.3,5904650,14.973898,20240300,21800.0,46.95,46.95,38.3,40.0,3872000,25.902049,10088250,21800.0
2024-02-08 12:13:00 +0530,21806.95,21811.3,21806.0,21806.55,0.0,29.15,32.1,27.85,27.85,5621450,14.244274,20240300,21800.0,39.6,41.9,36.8,41.9,3667300,27.013085,10088250,21800.0
2024-02-08 12:14:00 +0530,21806.6,21807.2,21802.9,21804.05,0.0,27.45,28.65,25.05,25.5,3194750,13.686046,19792000,21800.0,41.1,43.75,40.4,43.55,2215650,27.352505,10655900,21800.0
2024-02-08 12:15:00 +0530,21804.1,21808.35,21801.3,21801.55,0.0,25.1,27.7,24.6,25.1,2792750,14.268308,19792000,21800.0,42.8,44.2,40.4,44.2,1709200,27.083336,10655900,21800.0
2024-02-08 12:16:00 +0530,21801.0,21803.05,21796.35,21800.7,0.0,25.2,25.5,22.5,24.25,3421350,14.058687,19792000,21800.0,44.0,47.8,43.4,45.0,2560350,27.380254,10655900,21800.0
2024-02-08 12:17:00 +0530,21801.6,21804.0,21795.6,21800.15,0.0,24.35,24.6,22.2,23.5,2506300,13.814185,20559000,21800.0,44.4,49.45,43.9,46.8,2135350,28.366728,10857850,21800.0
2024-02-08 12:18:00 +0530,21799.05,21803.35,21794.2,21802.85,0.0,23.75,25.05,22.2,24.05,2682150,13.342432,20559000,21800.0,46.35,49.3,44.5,44.6,1921800,27.91335,10857850,21800.0
2024-02-08 12:19:00 +0530,21799.1,21800.15,21794.3,21797.9,0.0,23.7,23.7,22.25,22.85,1903600,14.174456,20559000,21800.0,47.05,49.45,47.05,48.0,1446600,28.558247,10857850,21800.0
2024-02-08 12:20:00 +0530,21798.55,21798.55,21784.9,21784.9,0.0,22.95,22.95,18.85,18.85,4893750,15.346039,21603500,21800.0,47.25,56.45,47.2,56.45,2842750,29.620865,11002300,21800.0
2024-02-08 12:21:00 +0530,21785.0,21790.2,21781.05,21790.2,0.0,19.15,21.25,18.65,21.05,5257700,15.346341,21603500,21800.0,55.7,59.3,51.45,52.1,3971050,28.782237,11002300,21800.0
2024-02-08 12:22:00 +0530,21790.2,21790.4,21778.15,21778.15,0.0,21.25,21.25,19.05,19.85,2918050,17.751507,21603500,21800.0,51.15,57.6,51.15,55.8,1914500,27.052225,11002300,21800.0
2024-02-08 12:23:00 +0530,21778.1,21778.35,21765.1,21774.45,0.0,39.5,40.05,35.4,40.05,3000300,15.557347,9877600,21750.0,26.55,31.45,25.95,25.95,7174050,22.722437,12470250,21750.0
2024-02-08 12:24:00 +0530,21774.4,21785.2,21774.4,21783.35,0.0,19.25,21.05,18.7,20.5,3616600,16.949203,22257000,21800.0,55.65,56.9,50.6,51.4,2610300,26.290312,10991400,21800.0
2024-02-08 12:25:00 +0530,21784.5,21796.8,21783.2,21796.8,0.0,20.3,21.85,20.05,21.35,3443650,13.81892,22257000,21800.0,50.55,52.25,47.2,47.2,2370550,28.178766,10991400,21800.0
2024-02-08 12:26:00 +0530,21796.55,21798.0,21790.4,21790.4,0.0,21.85,22.1,20.3,20.4,3321000,15.100392,22082050,21800.0,47.9,50.45,46.3,50.45,2069050,28.211951,10882550,21800.0
2024-02-08 12:27:00 +0530,21790.6,21792.9,21787.6,21789.7,0.0,20.0,21.1,19.35,20.1,2273750,15.148267,22082050,21800.0,50.85,52.1,48.5,51.7,1419800,28.830851,10882550,21800.0
2024-02-08 12:28:00 +0530,21789.7,21793.15,21786.3,21790.25,0.0,20.5,20.55,18.6,19.6,2310550,14.727032,22082050,21800.0,50.35,53.95,49.95,51.0,1607300,28.655497,10882550,21800.0
2024-02-08 12:29:00 +0530,21789.95,21789.95,21783.5,21786.35,0.0,19.5,19.6,18.05,18.8,2255800,15.319368,22921350,21800.0,51.65,55.15,51.45,52.7,1768900,28.488537,10981650,21800.0
2024-02-08 12:30:00 +0530,21786.5,21786.5,21779.05,21781.45,0.0,18.4,18.8,16.4,16.85,4472950,15.378048,22921350,21800.0,54.0,58.5,53.9,56.9,2351950,29.5065,10981650,21800.0
2024-02-08 12:31:00 +0530,21781.85,21783.2,21774.85,21776.1,0.0,16.7,17.0,15.4,15.65,4004600,15.945994,22921350,21800.0,56.75,59.45,55.45,59.05,1834050,29.02493,10981650,21800.0
2024-02-08 12:32:00 +0530,21774.95,21777.4,21769.5,21776.75,0.0,15.9,16.8,14.65,16.75,4437600,16.565682,23774750,21800.0,59.05,61.0,53.6,54.2,2668250,26.248742,10903350,21800.0
2024-02-08 12:33:00 +0530,21777.1,21795.8,21776.75,21795.8,0.0,16.9,19.3,16.6,19.0,5130300,12.963312,23774750,21800.0,53.8,54.7,47.85,48.45,2727600,29.262359,10903350,21800.0
2024-02-08 12:34:00 +0530,21795.05,21800.75,21792.55,21793.35,0.0,19.15,20.8,18.8,19.35,5410150,13.942044,23774750,21800.0,48.15,49.15,43.9,46.55,2983400,27.354374,10903350,21800.0
2024-02-08 12:35:00 +0530,21798.45,21802.1,21792.6,21793.45,0.0,19.5,20.8,18.85,19.8,4172100,14.239118,23913000,21800.0,46.0,48.0,44.4,46.4,2061100,27.369227,11216550,21800.0
2024-02-08 12:36:00 +0530,21793.6,21800.45,21793.6,21796.95,0.0,19.85,20.7,19.15,19.85,2520100,13.268182,23913000,21800.0,45.6,46.5,43.5,45.25,1373450,27.856543,11216550,21800.0
2024-02-08 12:37:00 +0530,21796.8,21802.4,21795.5,21799.85,0.0,19.9,22.85,19.3,21.85,3291900,13.667756,23913000,21800.0,45.1,46.0,40.2,40.95,2225100,26.133258,11216550,21800.0
2024-02-08 12:38:00 +0530,21800.4,21803.3,21799.0,21801.5,0.0,22.4,22.7,20.8,22.0,3596850,13.26808,24471600,21800.0,41.35,43.4,40.9,42.4,1541450,27.647515,11601500,21800.0
2024-02-08 12:39:00 +0530,21801.75,21802.45,21793.05,21794.1,0.0,21.9,22.45,18.85,18.85,3916450,13.608974,24471600,21800.0,41.85,46.7,41.85,46.7,1683850,28.088854,11601500,21800.0
2024-02-08 12:40:00 +0530,21793.95,21798.7,21793.3,21793.8,0.0,19.1,20.8,18.8,19.3,2333100,14.028235,24471600,21800.0,46.7,47.2,43.5,47.1,1564900,28.326513,11601500,21800.0
2024-02-08 12:41:00 +0530,21794.4,21801.05,21793.85,21799.8,0.0,19.25,21.55,19.25,21.3,2409500,13.497386,25313300,21800.0,46.5,46.5,42.45,42.45,1194800,27.381364,11705150,21800.0
2024-02-08 12:42:00 +0530,21800.55,21805.8,21799.0,21800.15,0.0,21.75,22.35,20.85,21.1,3181750,13.296375,25313300,21800.0,42.25,43.85,41.15,43.65,1471550,28.34498,11705150,21800.0
2024-02-08 12:43:00 +0530,21801.35,21806.1,21796.0,21796.0,0.0,21.35,22.05,19.05,19.05,3072250,13.32947,25313300,21800.0,43.15,46.85,41.85,46.85,1319750,29.145267,11705150,21800.0
2024-02-08 12:44:00 +0530,21795.25,21803.7,21795.25,21801.1,0.0,18.85,21.65,18.85,21.15,2878400,13.0973,25462150,21800.0,46.85,46.85,42.2,42.8,1283400,28.266354,11792650,21800.0
2024-02-08 12:45:00 +0530,21801.0,21804.6,21799.6,21802.05,0.0,21.25,22.0,20.05,21.15,2763750,12.818357,25462150,21800.0,42.25,44.6,41.15,42.9,1223450,28.718113,11792650,21800.0
2024-02-08 12:46:00 +0530,21803.1,21807.65,21799.9,21800.2,0.0,21.1,22.75,20.25,20.25,3360600,12.893122,25462150,21800.0,42.8,45.2,41.0,45.2,1555500,29.708329,11792650,21800.0
2024-02-08 12:47:00 +0530,21798.95,21801.7,21796.1,21800.6,0.0,20.15,20.6,19.15,20.2,2691350,12.768318,25976700,21800.0,45.1,46.8,44.2,44.65,1518900,29.568176,12029550,21800.0
2024-02-08 12:48:00 +0530,21800.7,21801.5,21797.4,21801.5,0.0,20.4,21.0,19.55,21.0,1634200,13.029968,25976700,21800.0,44.35,46.15,42.9,43.0,1087450,28.867699,12029550,21800.0
2024-02-08 12:49:00 +0530,21801.55,21805.05,21799.35,21800.7,0.0,21.1,21.6,19.8,20.05,1933150,12.717979,25976700,21800.0,43.0,45.3,42.2,45.05,1013550,30.043844,12029550,21800.0
2024-02-08 12:50:00 +0530,21801.15,21804.65,21798.55,21800.6,0.0,19.95,22.05,19.6,19.7,2766900,12.562022,26345100,21800.0,44.85,45.7,42.0,45.7,1450150,30.532038,12163400,21800.0
2024-02-08 12:51:00 +0530,21799.6,21802.15,21797.35,21801.65,0.0,19.65,20.75,19.0,20.75,2579400,12.93967,26345100,21800.0,45.8,47.15,43.3,43.3,1576050,29.381764,12163400,21800.0
2024-02-08 12:52:00 +0530,21801.2,21801.2,21783.95,21789.8,0.0,20.6,20.9,16.65,18.8,4961800,15.430368,26345100,21800.0,43.25,51.65,42.6,47.4,3218000,28.163763,12163400,21800.0
2024-02-08 12:53:00 +0530,21790.55,21795.95,21789.9,21795.15,0.0,18.95,20.3,18.85,19.25,3111650,14.161521,26074650,21800.0,48.15,48.15,43.75,45.3,1926750,28.722971,12154050,21800.0
2024-02-08 12:54:00 +0530,21794.75,21797.85,21794.1,21796.8,0.0,19.65,20.0,19.1,19.9,1912300,14.118486,26074650,21800.0,44.45,45.75,43.75,44.25,889250,28.675857,12154050,21800.0
2024-02-08 12:55:00 +0530,21797.5,21797.5,21791.25,21791.65,0.0,19.55,20.0,18.7,18.9,1943500,15.098024,26074650,21800.0,44.2,46.5,43.55,46.2,1109050,28.284814,12154050,21800.0
2024-02-08 12:56:00 +0530,21792.0,21797.1,21791.95,21796.55,0.0,19.35,19.8,19.0,19.55,1333300,14.057862,26672250,21800.0,45.85,45.85,43.8,44.7,964800,29.075521,12228700,21800.0
2024-02-08 12:57:00 +0530,21796.3,21796.3,21787.5,21788.4,0.0,19.6,19.6,17.15,17.85,2790200,15.448436,26672250,21800.0,44.9,50.0,44.6,48.55,1347400,28.882135,12228700,21800.0
2024-02-08 12:58:00 +0530,21789.55,21800.55,21789.55,21800.15,0.0,18.4,20.85,18.3,20.85,3541650,13.832318,26672250,21800.0,47.35,47.65,42.0,42.0,1917850,28.66147,12228700,21800.0
2024-02-08 12:59:00 +0530,21801.3,21809.15,21799.3,21806.1,0.0,20.7,24.75,20.05,23.4,8389600,13.468084,26487650,21800.0,42.15,43.25,36.55,38.45,4723550,28.303136,12290650,21800.0
2024-02-08 13:00:00 +0530,21806.05,21815.8,21803.6,21803.9,0.0,23.0,29.2,20.65,21.1,12329950,12.762494,26487650,21800.0,37.05,38.95,31.0,38.7,7056300,27.850484,12290650,21800.0
2024-02-08 13:01:00 +0530,21805.0,21807.55,21789.15,21790.15,0.0,21.9,22.05,16.95,17.4,8155400,14.825775,26487650,21800.0,37.55,46.0,37.55,45.0,4949400,27.470446,12290650,21800.0
2024-02-08 13:02:00 +0530,21789.75,21791.45,21784.65,21786.1,0.0,17.6,18.5,16.1,16.1,4974700,15.155817,25712750,21800.0,44.2,46.55,42.55,46.55,2690950,27.111089,12164500,21800.0
2024-02-08 13:03:00 +0530,21784.1,21790.6,21783.3,21787.55,0.0,16.25,17.75,15.5,16.55,4696550,15.105934,25712750,21800.0,46.4,48.4,42.25,44.55,2679250,26.367945,12164500,21800.0
2024-02-08 13:04:00 +0530,21788.7,21790.95,21785.2,21789.6,0.0,16.9,16.95,15.45,16.45,3056550,14.480805,25712750,21800.0,44.05,46.65,43.75,44.45,1513900,27.160546,12164500,21800.0
2024-02-08 13:05:00 +0530,21790.45,21792.55,21787.8,21790.6,0.0,16.6,17.65,16.05,17.3,2804350,14.826506,27102400,21800.0,43.75,45.0,42.0,42.4,1893200,26.200243,12313100,21800.0
2024-02-08 13:06:00 +0530,21791.5,21795.9,21789.3,21795.65,0.0,17.3,18.4,16.85,17.6,3000050,13.491156,27102400,21800.0,42.2,43.35,39.25,40.85,2183250,27.056997,12313100,21800.0
2024-02-08 13:07:00 +0530,21795.25,21796.65,21793.5,21794.25,0.0,17.65,17.9,16.55,16.55,2294450,13.258814,27102400,21800.0,40.1,42.45,40.1,41.25,1590200,26.923562,12313100,21800.0
2024-02-08 13:08:00 +0530,21795.1,21797.8,21792.95,21797.05,0.0,17.15,17.8,16.45,17.45,1915350,13.017311,27225800,21800.0,41.05,42.2,38.65,39.15,1520400,26.555439,12349950,21800.0
2024-02-08 13:09:00 +0530,21797.8,21802.8,21796.4,21802.75,0.0,17.45,19.15,17.2,18.6,3629900,11.849705,27225800,21800.0,38.95,39.7,34.85,35.35,3096500,25.96902,12349950,21800.0
2024-02-08 13:10:00 +0530,21802.7,21805.7,21799.6,21803.7,0.0,19.25,20.7,18.05,19.15,4109300,11.922253,27225800,21800.0,35.15,37.35,33.5,36.05,2893200,26.877262,12349950,21800.0
2024-02-08 13:11:00 +0530,21804.25,21809.55,21802.55,21807.35,0.0,18.85,22.45,18.75,20.0,5250350,11.113017,27009250,21800.0,36.15,36.35,32.15,34.8,2669050,27.312115,13017050,21800.0
2024-02-08 13:12:00 +0530,21807.95,21818.65,21803.95,21817.05,0.0,19.6,24.7,18.8,24.15,5854250,9.615559,27009250,21800.0,34.95,36.55,29.8,29.8,3762450,26.928215,13017050,21800.0
2024-02-08 13:13:00 +0530,21819.2,21820.2,21808.05,21809.2,0.0,24.15,25.2,19.95,21.3,7498650,11.351581,27009250,21800.0,30.9,35.6,30.05,34.2,3783050,27.69123,13017050,21800.0
2024-02-08 13:14:00 +0530,21809.0,21813.45,21806.6,21807.85,0.0,21.35,21.35,19.75,20.4,2831200,11.319718,26718350,21800.0,34.55,36.2,33.55,34.8,1841750,27.774507,12900000,21800.0
2024-02-08 13:15:00 +0530,21809.05,21810.45,21804.6,21807.95,0.0,20.7,21.05,18.9,19.9,3603150,10.953072,26718350,21800.0,34.85,36.9,33.5,35.6,2087750,28.485253,12900000,21800.0
2024-02-08 13:16:00 +0530,21809.15,21814.55,21807.8,21813.65,0.0,19.9,22.7,19.9,21.9,3784700,9.816759,26718350,21800.0,35.5,35.55,31.9,32.25,2103700,28.034207,12900000,21800.0
2024-02-08 13:17:00 +0530,21813.9,21813.9,21808.85,21811.15,0.0,21.75,21.75,20.1,21.2,2851200,10.557693,27030500,21800.0,32.75,34.6,32.65,33.1,1525000,27.944558,13211000,21800.0
2024-02-08 13:18:00 +0530,21811.25,21812.55,21803.8,21804.15,0.0,20.9,21.7,18.45,18.45,3207750,11.601914,27030500,21800.0,32.8,36.85,32.7,36.85,1913550,28.406235,13211000,21800.0
2024-02-08 13:19:00 +0530,21803.9,21803.9,21791.35,21792.9,0.0,18.15,18.4,16.6,16.6,5151850,14.354154,27030500,21800.0,36.7,39.3,36.55,38.15,3637050,25.33076,13211000,21800.0
2024-02-08 13:20:00 +0530,21793.35,21803.3,21793.35,21803.3,0.0,16.65,17.1,16.2,16.6,3905750,10.673802,27534000,21800.0,38.05,38.65,35.55,37.25,2337850,28.61403,13205900,21800.0
2024-02-08 13:21:00 +0530,21804.1,21804.1,21791.45,21791.45,0.0,16.75,16.75,13.1,13.75,8310400,12.821548,27534000,21800.0,36.7,44.3,36.7,43.7,4641250,29.043605,13205900,21800.0
2024-02-08 13:22:00 +0530,21790.95,21799.35,21790.55,21793.35,0.0,13.95,15.15,13.3,14.15,4232500,12.553601,27534000,21800.0,43.7,44.9,40.2,42.8,3095550,29.230708,13205900,21800.0
2024-02-08 13:23:00 +0530,21794.3,21796.8,21791.7,21794.5,0.0,14.2,14.95,13.75,14.75,2543050,12.666857,28592400,21800.0,42.1,44.45,41.55,41.75,1942600,29.010275,12987700,21800.0
2024-02-08 13:24:00 +0530,21796.05,21796.05,21779.05,21782.2,0.0,14.7,14.75,12.7,13.1,5535800,15.301752,28592400,21800.0,41.9,47.8,41.8,46.5,4226650,27.656246,12987700,21800.0
2024-02-08 13:25:00 +0530,21781.75,21793.2,21781.35,21785.7,0.0,13.1,14.65,12.55,14.05,5066100,15.064031,28592400,21800.0,46.95,47.1,41.3,42.3,3055100,26.088499,12987700,21800.0
2024-02-08 13:26:00 +0530,21786.3,21789.25,21781.5,21785.45,0.0,14.2,14.35,13.05,13.9,3091350,15.085484,28956050,21800.0,42.4,45.15,41.6,42.05,2177000,25.89542,12801600,21800.0
2024-02-08 13:27:00 +0530,21786.05,21792.25,21784.7,21789.5,0.0,14.05,14.85,13.5,14.0,3226100,13.960594,28956050,21800.0,41.9,43.25,38.55,40.45,2536000,26.486825,12801600,21800.0
2024-02-08 13:28:00 +0530,21790.15,21799.35,21789.6,21798.1,0.0,14.15,16.8,14.0,16.15,5258100,12.708402,28956050,21800.0,39.8,40.25,33.3,34.85,4175750,25.7737,12801600,21800.0
2024-02-08 13:29:00 +0530,21799.2,21808.3,21795.85,21803.65,0.0,16.05,16.9,15.25,16.05,4749600,10.514298,28582100,21800.0,34.6,35.95,33.5,34.9,2551400,27.991114,12746900,21800.0
2024-02-08 13:30:00 +0530,21804.3,21804.35,21795.35,21797.05,0.0,16.05,16.8,14.9,15.25,3849550,12.516793,28582100,21800.0,35.45,37.2,34.05,36.4,2269300,26.758209,12746900,21800.0
2024-02-08 13:31:00 +0530,21797.2,21802.15,21793.8,21799.9,0.0,15.25,16.05,14.05,15.9,3896700,11.999429,28582100,21800.0,35.85,38.1,34.2,34.55,2287400,26.552413,12746900,21800.0
2024-02-08 13:32:00 +0530,21800.4,21800.4,21794.9,21797.3,0.0,15.45,15.6,14.25,14.95,2598350,12.303075,29545900,21800.0,35.15,37.75,34.65,36.2,1652400,26.925057,13136250,21800.0
2024-02-08 13:33:00 +0530,21797.25,21799.45,21792.75,21792.75,0.0,14.95,15.35,14.2,14.4,2453750,13.547367,29545900,21800.0,36.15,38.8,35.9,38.0,2080750,26.602217,13136250,21800.0
2024-02-08 13:34:00 +0530,21794.8,21794.9,21789.5,21792.85,0.0,14.3,15.05,13.45,14.85,3974250,13.924906,29545900,21800.0,38.6,39.65,36.15,37.2,2541000,26.134907,13136250,21800.0
2024-02-08 13:35:00 +0530,21793.15,21794.85,21789.15,21791.15,0.0,14.7,15.1,13.55,14.1,2416100,13.977322,29855050,21800.0,37.4,39.65,36.35,38.8,1761200,26.786488,13859150,21800.0
2024-02-08 13:36:00 +0530,21791.7,21794.85,21790.0,21790.1,0.0,14.0,15.05,14.0,14.15,2347000,14.433348,29855050,21800.0,38.2,38.6,36.2,38.2,1613800,25.984751,13859150,21800.0
2024-02-08 13:37:00 +0530,21790.3,21794.8,21788.9,21789.4,0.0,14.05,14.95,14.0,14.4,1610700,14.933402,29855050,21800.0,38.6,38.6,36.6,38.25,1126000,25.835206,13859150,21800.0
2024-02-08 13:38:00 +0530,21789.6,21791.95,21786.65,21789.55,0.0,14.45,14.95,13.55,14.9,2189750,15.353424,30277900,21800.0,38.2,39.65,36.35,36.6,1852600,24.703675,14098100,21800.0
2024-02-08 13:39:00 +0530,21790.9,21800.55,21790.85,21796.5,0.0,15.1,17.3,15.05,15.65,5472150,13.552451,30277900,21800.0,36.2,36.2,31.25,33.95,4597500,25.643952,14098100,21800.0
2024-02-08 13:40:00 +0530,21797.15,21797.15,21791.4,21791.9,0.0,15.6,15.85,13.7,13.7,3633300,13.715672,30277900,21800.0,33.85,36.55,33.45,36.55,2483800,25.904496,14098100,21800.0
2024-02-08 13:41:00 +0530,21792.5,21792.7,21784.15,21785.15,0.0,13.65,14.0,11.75,12.55,6132900,15.081613,30215700,21800.0,36.5,40.95,35.55,39.15,3620800,25.102199,14317850,21800.0
2024-02-08 13:42:00 +0530,21786.5,21786.9,21781.45,21784.05,0.0,12.45,13.4,12.15,12.6,3902300,15.545003,30215700,21800.0,39.3,41.0,37.45,39.9,2425800,25.31272,14317850,21800.0
2024-02-08 13:43:00 +0530,21783.95,21786.15,21777.9,21784.3,0.0,12.7,13.75,12.25,13.75,3634600,16.510763,30215700,21800.0,39.9,40.9,35.85,35.85,2564550,22.212086,14317850,21800.0
2024-02-08 13:44:00 +0530,21787.55,21790.9,21784.75,21787.45,0.0,13.95,14.65,13.35,13.6,3876850,15.425302,30435350,21800.0,35.8,36.5,33.0,35.1,3123400,23.194468,14299400,21800.0
2024-02-08 13:45:00 +0530,21788.35,21792.45,21786.95,21788.2,0.0,13.6,14.35,12.7,12.7,3549200,14.491356,30435350,21800.0,34.85,36.5,32.5,36.5,2934950,24.803932,14299400,21800.0
2024-02-08 13:46:00 +0530,21787.45,21789.3,21783.9,21788.1,0.0,12.75,13.45,12.05,12.95,3700300,14.807151,30435350,21800.0,36.3,37.85,34.85,35.65,2321600,24.171636,14299400,21800.0
2024-02-08 13:47:00 +0530,21788.75,21794.25,21787.15,21790.2,0.0,12.95,14.55,12.8,13.75,3729100,14.829733,31130250,21800.0,35.6,36.15,31.9,33.5,2994400,23.471642,14524050,21800.0
2024-02-08 13:48:00 +0530,21790.85,21791.65,21786.55,21787.85,0.0,13.9,13.9,12.75,13.0,2332850,15.082357,31130250,21800.0,33.45,35.45,33.1,35.15,1725400,23.868026,14524050,21800.0
2024-02-08 13:49:00 +0530,21787.45,21788.5,21777.55,21777.55,0.0,13.05,13.05,11.85,11.85,4697950,17.47571,31130250,21800.0,35.5,39.35,35.1,38.85,3401100,21.896139,14524050,21800.0
2024-02-08 13:50:00 +0530,21778.5,21785.55,21777.8,21782.75,0.0,11.65,13.05,11.6,12.75,4131150,16.723343,32376350,21800.0,39.25,39.35,36.2,36.85,2510950,23.033374,14839650,21800.0
2024-02-08 13:51:00 +0530,21783.8,21788.2,21783.35,21785.45,0.0,12.7,13.4,12.45,12.7,3272450,15.869874,32376350,21800.0,37.1,37.1,34.75,36.05,2033250,23.820638,14839650,21800.0
2024-02-08 13:52:00 +0530,21786.9,21787.2,21771.35,21772.8,0.0,38.95,39.15,27.25,31.4,5106700,14.669354,11708000,21750.0,12.15,20.75,12.1,17.8,10993150,23.518523,20328000,21750.0
2024-02-08 13:53:00 +0530,21774.75,21775.45,21765.15,21767.1,0.0,30.9,31.2,25.4,27.8,4929750,15.000593,12241200,21750.0,17.65,22.55,17.65,20.25,12240050,23.86234,18566100,21750.0
2024-02-08 13:54:00 +0530,21765.35,21770.35,21761.0,21763.35,0.0,27.35,28.85,22.9,25.8,5778700,15.431809,12241200,21750.0,20.95,25.3,18.3,21.8,12544300,23.990069,18566100,21750.0
2024-02-08 13:55:00 +0530,21764.05,21769.05,21759.35,21765.8,0.0,25.1,27.6,23.3,25.35,4388400,13.679848,12241200,21750.0,22.05,24.5,18.5,20.7,8742050,24.041967,18566100,21750.0
2024-02-08 13:56:00 +0530,21766.25,21772.95,21766.25,21770.95,0.0,25.65,28.85,25.65,28.8,3414650,13.700194,13777400,21750.0,19.85,19.85,16.45,16.6,6633600,22.293906,17557200,21750.0
2024-02-08 13:57:00 +0530,21771.85,21771.85,21761.6,21762.2,0.0,28.5,28.6,24.3,24.4,2955450,15.060589,13777400,21750.0,16.95,22.55,16.8,22.55,5939650,24.59882,17557200,21750.0
2024-02-08 13:58:00 +0530,21761.35,21768.2,21760.55,21761.55,0.0,24.75,26.7,24.05,24.45,2422400,15.548452,13777400,21750.0,21.9,22.2,19.45,21.5,5276900,23.55497,17557200,21750.0
2024-02-08 13:59:00 +0530,21761.95,21773.25,21761.15,21771.2,0.0,24.35,29.9,23.95,27.95,3017050,12.880625,14412450,21750.0,21.45,21.85,16.1,17.35,6866400,23.432202,17846800,21750.0
2024-02-08 14:00:00 +0530,21771.45,21773.25,21762.75,21768.65,0.0,28.2,28.95,25.75,28.3,2715700,15.084997,14412450,21750.0,17.1,19.3,16.15,16.65,5671050,22.025468,17846800,21750.0
2024-02-08 14:01:00 +0530,21770.05,21773.4,21766.7,21768.15,0.0,28.75,29.65,26.3,27.05,2109800,14.277762,14412450,21750.0,16.15,17.8,15.2,17.2,5160800,22.479256,17846800,21750.0
2024-02-08 14:02:00 +0530,21768.85,21768.9,21765.4,21766.25,0.0,26.95,27.95,25.85,26.4,1827750,14.959859,14639050,21750.0,17.2,18.2,16.25,17.1,3216000,21.82819,18706000,21750.0
2024-02-08 14:03:00 +0530,21766.15,21767.25,21745.7,21755.35,0.0,26.7,26.9,16.65,18.8,10168650,14.134479,14639050,21750.0,17.0,34.05,16.8,28.35,17303500,27.874823,18706000,21750.0
2024-02-08 14:04:00 +0530,21755.65,21759.4,21738.1,21738.1,0.0,18.8,18.8,13.05,13.05,11951300,16.441738,14639050,21750.0,27.2,43.05,27.2,42.5,14619800,32.838078,18706000,21750.0
2024-02-08 14:05:00 +0530,21737.6,21742.35,21736.45,21737.9,0.0,13.15,14.2,11.8,12.25,12374500,15.864169,17988950,21750.0,43.65,47.8,39.55,43.95,12120000,34.253068,12492400,21750.0
2024-02-08 14:06:00 +0530,21738.6,21741.1,21731.75,21738.45,0.0,12.65,12.65,11.0,12.1,9294750,15.612484,17988950,21750.0,43.05,49.6,41.4,44.35,7987500,35.097941,12492400,21750.0
2024-02-08 14:07:00 +0530,21738.35,21750.8,21737.05,21746.65,0.0,11.95,14.85,11.95,13.4,10110850,13.624644,17988950,21750.0,42.8,44.0,34.5,37.35,6235550,32.859636,12492400,21750.0
2024-02-08 14:08:00 +0530,21744.15,21746.35,21740.0,21740.7,0.0,13.1,13.95,12.2,12.85,6492800,15.647401,22594950,21750.0,38.45,41.6,35.4,39.45,4438700,32.103637,11568550,21750.0
2024-02-08 14:09:00 +0530,21740.8,21741.25,21737.75,21737.75,0.0,12.95,13.1,11.95,12.05,5473950,16.121642,22594950,21750.0,38.95,42.4,38.5,41.45,3131700,32.661601,11568550,21750.0
2024-02-08 14:10:00 +0530,21737.4,21743.55,21736.15,21738.3,0.0,12.2,13.85,12.15,12.9,5342900,16.834716,22594950,21750.0,41.25,41.5,36.45,39.15,3855150,30.980832,11568550,21750.0
2024-02-08 14:11:00 +0530,21738.9,21745.6,21738.9,21743.2,0.0,12.9,14.65,12.65,13.15,5600250,15.213147,24777100,21750.0,39.25,40.0,33.75,36.8,3467500,31.462434,11330600,21750.0
2024-02-08 14:12:00 +0530,21744.35,21744.35,21740.45,21742.95,0.0,13.0,13.65,12.2,13.3,4179950,15.560425,24777100,21750.0,37.0,39.15,35.7,36.55,2749650,31.29814,11330600,21750.0
2024-02-08 14:13:00 +0530,21743.45,21744.25,21735.55,21735.55,0.0,13.45,13.6,12.5,13.2,4780600,18.530232,24777100,21750.0,35.85,45.2,35.35,45.2,4537050,35.921987,11330600,21750.0
2024-02-08 14:14:00 +0530,21735.4,21735.4,21724.05,21727.75,0.0,13.4,13.85,10.55,11.05,13914400,19.318646,26695250,21750.0,49.2,59.45,49.2,54.25,9484400,40.640473,10042100,21750.0
2024-02-08 14:15:00 +0530,21727.95,21727.95,21712.55,21720.7,0.0,29.6,30.2,24.6,27.75,8361650,14.455864,11129850,21700.0,22.55,33.95,21.65,26.95,19482550,35.275717,21356300,21700.0
2024-02-08 14:16:00 +0530,21720.4,21721.85,21715.2,21717.35,0.0,27.7,28.45,25.4,26.75,5091900,15.994065,11129850,21700.0,26.8,30.35,25.3,27.7,8902650,34.874928,21356300,21700.0
2024-02-08 14:17:00 +0530,21718.5,21732.2,21718.5,21727.0,0.0,10.0,12.3,9.6,11.6,10491950,20.575344,27155650,21750.0,58.9,61.45,44.95,47.6,4923150,34.33223,8371600,21750.0
2024-02-08 14:18:00 +0530,21727.6,21739.9,21727.1,21739.75,0.0,11.6,13.8,11.6,13.4,10257250,17.667791,27155650,21750.0,47.55,47.7,38.25,39.15,4531150,33.429932,8371600,21750.0
2024-02-08 14:19:00 +0530,21740.1,21744.85,21735.8,21743.45,0.0,13.2,14.0,12.05,13.2,8753200,16.002161,27155650,21750.0,40.1,43.65,37.4,40.3,3777700,36.781608,8371600,21750.0
2024-02-08 14:20:00 +0530,21743.95,21745.0,21736.15,21736.15,0.0,13.25,13.6,10.6,11.15,8434900,17.062891,28163150,21750.0,39.4,44.4,38.05,44.35,3472600,37.138497,9604750,21750.0
2024-02-08 14:21:00 +0530,21735.4,21738.0,21733.75,21733.75,0.0,11.1,12.25,10.95,10.95,5726500,17.916148,28163150,21750.0,43.85,45.15,40.95,45.15,2460250,36.843532,9604750,21750.0
2024-02-08 14:22:00 +0530,21732.9,21733.85,21724.7,21725.25,0.0,10.95,11.15,10.1,10.9,7632700,21.183122,28163150,21750.0,45.25,51.05,43.9,48.0,4036000,34.864228,9604750,21750.0
2024-02-08 14:23:00 +0530,21725.9,21725.9,21719.85,21722.3,0.0,31.3,31.85,28.15,28.9,3145300,15.321702,14116350,21700.0,18.7,22.35,18.3,21.3,9729300,32.00837,20515800,21700.0
2024-02-08 14:24:00 +0530,21721.4,21733.2,21721.4,21725.85,0.0,9.55,11.85,9.55,10.4,7269400,20.709705,29677600,21750.0,51.3,51.3,41.55,45.9,3758950,33.524808,8967800,21750.0
2024-02-08 14:25:00 +0530,21725.9,21729.25,21724.8,21727.1,0.0,10.6,11.15,10.2,10.95,4255450,21.037726,29677600,21750.0,45.0,46.55,42.8,44.3,1864700,32.877463,8967800,21750.0
2024-02-08 14:26:00 +0530,21727.1,21733.25,21713.8,21716.7,0.0,32.85,34.0,23.45,25.9,6263350,16.751234,14131700,21700.0,16.0,26.3,14.9,23.9,14824400,33.131096,21499400,21700.0
2024-02-08 14:27:00 +0530,21717.5,21717.5,21707.65,21713.3,0.0,25.4,25.9,19.5,22.6,8724850,15.658079,14131700,21700.0,23.35,32.0,23.35,26.65,17119100,34.794162,21499400,21700.0
2024-02-08 14:28:00 +0530,21712.65,21725.0,21712.55,21721.25,0.0,23.4,29.75,23.0,27.9,6364850,15.641888,14131700,21700.0,25.35,26.0,16.65,18.4,11389900,29.596692,21499400,21700.0
2024-02-08 14:29:00 +0530,21720.75,21724.5,21716.45,21716.45,0.0,28.35,29.25,24.25,24.4,3544050,15.594758,15582450,21700.0,18.75,21.25,17.4,20.75,7210900,30.35534,19546150,21700.0
2024-02-08 14:30:00 +0530,21716.9,21718.25,21712.7,21712.75,0.0,24.1,25.4,20.95,20.95,4965350,14.553219,15582450,21700.0,20.05,24.7,19.75,24.7,9283250,33.249438,19546150,21700.0
2024-02-08 14:31:00 +0530,21713.75,21714.35,21697.0,21698.0,0.0,21.0,22.1,16.0,17.1,10799750,19.587119,15582450,21700.0,25.25,34.65,23.45,31.3,19049400,33.160733,19546150,21700.0
2024-02-08 14:32:00 +0530,21698.25,21707.8,21698.25,21702.15,0.0,17.75,19.4,16.85,18.25,8041350,18.724218,18950750,21700.0,29.7,31.4,25.65,27.9,9148250,31.974666,17860600,21700.0
2024-02-08 14:33:00 +0530,21702.15,21711.1,21700.4,21710.75,0.0,18.15,21.25,18.0,20.9,5957250,16.369908,18950750,21700.0,28.0,28.95,21.55,21.85,8259950,29.928146,17860600,21700.0
2024-02-08 14:34:00 +0530,21711.65,21715.45,21706.45,21707.8,0.0,20.75,21.95,17.75,19.4,5899250,16.833184,18950750,21700.0,22.3,25.65,19.45,22.75,9596950,29.731963,17860600,21700.0
2024-02-08 14:35:00 +0530,21707.8,21709.6,21697.7,21698.15,0.0,19.0,19.3,15.0,15.05,7320650,17.896925,20158150,21700.0,23.0,30.6,22.5,30.6,8642200,33.631333,18988100,21700.0
2024-02-08 14:36:00 +0530,21696.5,21701.15,21686.95,21686.95,0.0,15.4,15.4,11.2,12.0,14514300,20.152425,20158150,21700.0,31.25,41.55,27.3,38.3,17410900,35.876453,18988100,21700.0
2024-02-08 14:37:00 +0530,21687.7,21696.2,21685.95,21685.95,0.0,12.3,13.15,11.1,11.35,11160150,20.019731,20158150,21700.0,37.55,39.95,31.2,37.7,10759250,34.846827,18988100,21700.0
2024-02-08 14:38:00 +0530,21687.95,21692.25,21684.05,21684.45,0.0,11.9,11.9,9.35,9.35,9888150,18.415526,24542150,21700.0,36.0,38.45,31.15,38.3,7651250,34.865296,16293450,21700.0
2024-02-08 14:39:00 +0530,21683.5,21688.7,21676.3,21688.7,0.0,9.1,9.65,7.85,9.5,19438250,16.854443,24542150,21700.0,39.95,44.35,32.45,32.45,12188150,31.127623,16293450,21700.0
2024-02-08 14:40:00 +0530,21689.75,21689.75,21678.75,21686.55,0.0,9.35,9.35,8.1,9.0,10543550,17.392898,24542150,21700.0,33.1,39.35,32.65,34.1,6534800,31.942224,16293450,21700.0
2024-02-08 14:41:00 +0530,21687.25,21689.85,21682.95,21686.35,0.0,8.6,9.65,8.05,8.7,9589550,17.27903,26663850,21700.0,36.0,36.4,32.15,33.75,5104500,31.695139,15316300,21700.0
2024-02-08 14:42:00 +0530,21686.45,21702.25,21686.45,21699.2,0.0,8.7,11.8,8.7,11.55,15744600,14.322208,26663850,21700.0,34.05,34.05,21.45,22.8,11671200,27.194904,15316300,21700.0
2024-02-08 14:43:00 +0530,21696.7,21701.1,21692.15,21697.65,0.0,11.55,11.9,8.6,9.95,10821650,13.430867,26663850,21700.0,22.2,28.7,21.65,24.75,7771900,28.899011,15316300,21700.0
2024-02-08 14:44:00 +0530,21697.15,21698.8,21689.7,21695.15,0.0,9.9,10.35,8.55,9.55,8187700,14.48908,28572850,21700.0,25.1,29.7,23.95,26.5,5103550,29.758813,16074850,21700.0
2024-02-08 14:45:00 +0530,21694.8,21705.9,21692.1,21694.95,0.0,9.6,13.0,8.8,9.3,14435450,14.445346,28572850,21700.0,25.75,26.6,18.45,24.35,10899550,27.257864,16074850,21700.0
2024-02-08 14:46:00 +0530,21695.2,21702.1,21695.1,21699.35,0.0,10.0,11.05,9.2,10.4,8189950,13.423831,28572850,21700.0,23.25,25.65,21.5,23.25,4989750,29.057102,16074850,21700.0
2024-02-08 14:47:00 +0530,21699.6,21703.4,21696.95,21703.4,0.0,10.25,12.15,9.8,11.3,8081800,12.00781,29298300,21700.0,24.05,24.35,19.2,19.9,5865150,27.636517,16839400,21700.0
2024-02-08 14:48:00 +0530,21703.75,21706.45,21698.8,21703.6,0.0,11.35,12.55,9.7,11.25,8935300,11.940317,29298300,21700.0,20.05,22.75,17.35,19.9,7382650,28.083453,16839400,21700.0
2024-02-08 14:49:00 +0530,21703.35,21705.85,21698.1,21704.5,0.0,11.2,12.35,10.3,11.3,7471700,11.466606,29298300,21700.0,18.75,22.95,17.45,19.05,6809350,27.859193,16839400,21700.0
2024-02-08 14:50:00 +0530,21704.35,21706.05,21699.9,21700.6,0.0,11.75,11.75,9.3,9.55,8665800,12.131937,29402400,21700.0,17.9,21.75,17.8,21.7,6768350,29.236933,17965950,21700.0
2024-02-08 14:51:00 +0530,21700.65,21701.25,21685.7,21691.65,0.0,9.25,9.85,5.15,6.15,20872850,13.009429,29402400,21700.0,21.95,36.0,21.35,30.15,16094150,34.67052,17965950,21700.0
2024-02-08 14:52:00 +0530,21691.45,21695.5,21690.15,21692.45,0.0,6.45,7.6,6.05,6.75,10519750,13.608514,29402400,21700.0,29.0,30.55,24.2,26.95,7256000,31.340009,17965950,21700.0
2024-02-08 14:53:00 +0530,21693.55,21698.5,21690.15,21690.15,0.0,6.9,7.9,6.35,6.35,7657550,14.450269,31971100,21700.0,26.85,26.85,22.5,26.6,5010600,29.473086,16417700,21700.0
2024-02-08 14:54:00 +0530,21689.65,21696.6,21688.4,21694.05,0.0,6.4,7.4,6.25,6.95,6981500,13.362311,31971100,21700.0,26.8,26.8,22.65,24.15,5176900,29.486016,16417700,21700.0
2024-02-08 14:55:00 +0530,21693.05,21697.5,21684.35,21685.05,0.0,6.95,7.35,4.15,4.75,15618350,14.924625,31971100,21700.0,23.8,32.55,22.4,29.7,9177200,30.43157,16417700,21700.0
2024-02-08 14:56:00 +0530,21687.95,21691.55,21683.6,21683.6,0.0,4.8,5.5,4.65,4.75,11398550,15.839887,33439150,21700.0,29.85,30.5,26.05,29.85,5700500,29.759148,15641100,21700.0
2024-02-08 14:57:00 +0530,21684.1,21688.25,21680.75,21682.6,0.0,4.9,5.35,3.7,3.7,10876750,14.675662,33439150,21700.0,29.1,35.05,26.1,35.05,6617900,37.179597,15641100,21700.0
2024-02-08 14:58:00 +0530,21680.95,21682.1,21668.15,21671.6,0.0,26.3,29.05,19.3,21.9,8720550,7.111943,6185950,21650.0,7.85,12.45,6.35,9.35,29078050,26.974307,20315650,21650.0
2024-02-08 14:59:00 +0530,21672.0,21673.5,21666.0,21670.95,0.0,22.65,22.65,17.15,20.45,9992650,0.0,8544650,21650.0,9.05,11.9,8.35,8.35,18905450,25.36172,16836050,21650.0
2024-02-08 15:00:00 +0530,21673.2,21687.3,21672.1,21672.1,0.0,20.9,27.75,18.1,18.1,11537250,0.0,8544650,21650.0,7.65,9.55,4.1,7.5,30056950,24.892978,16836050,21650.0
2024-02-08 15:01:00 +0530,21672.1,21683.6,21672.1,21677.85,0.0,2.25,2.8,1.6,1.6,20528650,13.056075,33891250,21700.0,40.1,40.1,33.4,37.15,6956450,38.244269,12787550,21700.0
2024-02-08 15:02:00 +0530,21676.35,21680.8,21672.35,21672.95,0.0,19.65,22.8,14.8,15.1,7970250,0.0,9817950,21650.0,5.25,6.15,4.4,6.15,22826800,23.677438,22923100,21650.0
2024-02-08 15:03:00 +0530,21673.1,21686.4,21672.95,21682.75,0.0,1.25,2.05,1.15,1.75,24422600,11.850559,35814950,21700.0,41.8,43.2,28.6,31.9,10216100,35.938908,13330900,21700.0
2024-02-08 15:04:00 +0530,21682.0,21702.5,21682.0,21702.5,0.0,2.05,4.55,1.8,4.55,29622700,5.044892,35814950,21700.0,30.45,30.45,17.45,17.45,12914550,30.751355,13330900,21700.0
2024-02-08 15:05:00 +0530,21702.9,21714.0,21700.8,21708.55,0.0,5.0,7.5,3.5,5.9,51015450,0.0,33002800,21700.0,16.15,16.3,7.7,8.5,25845450,20.676148,15842750,21700.0
2024-02-08 15:06:00 +0530,21708.45,21716.95,21708.0,21716.95,0.0,6.75,7.8,5.75,7.0,30255150,0.0,33002800,21700.0,7.7,8.55,5.2,5.75,23628300,21.297014,15842750,21700.0
2024-02-08 15:07:00 +0530,21716.1,21724.4,21714.4,21715.6,0.0,7.6,13.6,6.6,7.75,37588050,0.0,33002800,21700.0,5.3,6.05,2.4,3.85,40472850,17.026491,15842750,21700.0
2024-02-08 15:08:00 +0530,21715.7,21733.35,21715.7,21730.35,0.0,0.55,1.45,0.55,0.8,23688100,11.157595,22831150,21750.0,46.4,46.4,34.65,38.75,4527800,49.696874,5824100,21750.0
2024-02-08 15:09:00 +0530,21730.8,21733.5,21716.7,21728.2,0.0,0.95,1.0,0.4,0.7,18057400,11.893624,22831150,21750.0,38.6,44.4,34.65,39.4,5288750,49.570982,5824100,21750.0
2024-02-08 15:10:00 +0530,21726.6,21731.25,21722.35,21726.45,0.0,0.75,0.95,0.6,0.75,19020050,13.142789,22831150,21750.0,37.6,41.55,36.85,38.75,2899000,47.300752,5824100,21750.0
2024-02-08 15:11:00 +0530,21725.35,21730.55,21722.05,21724.1,0.0,13.65,15.45,11.7,12.8,13182100,0.0,23515000,21700.0,1.6,1.6,0.75,1.1,27252450,15.314129,26368100,21700.0
2024-02-08 15:12:00 +0530,21723.9,21729.2,21722.7,21727.3,0.0,0.45,0.6,0.35,0.35,9023450,11.264402,26173800,21750.0,38.35,39.55,35.9,37.25,2387050,47.837649,6364000,21750.0
2024-02-08 15:13:00 +0530,21724.55,21730.55,21720.15,21723.15,0.0,13.9,14.9,11.9,12.65,10190350,0.0,23515000,21700.0,0.8,0.8,0.5,0.7,15193650,13.912383,26368100,21700.0
2024-02-08 15:14:00 +0530,21724.95,21727.4,21713.75,21714.75,0.0,12.95,14.45,8.8,10.15,14650550,0.0,22543400,21700.0,0.6,1.1,0.35,1.1,21029500,11.897617,26387150,21700.0
2024-02-08 15:15:00 +0530,21715.6,21722.7,21708.55,21722.7,0.0,10.65,12.7,7.2,12.7,19246600,0.0,22543400,21700.0,0.8,1.95,0.5,0.5,33821800,13.440296,26387150,21700.0
2024-02-08 15:16:00 +0530,21722.3,21724.2,21713.45,21717.45,0.0,13.15,13.15,10.4,11.3,11599150,0.0,22543400,21700.0,0.45,0.9,0.4,0.65,16142700,12.209804,26387150,21700.0
2024-02-08 15:17:00 +0530,21717.35,21721.0,21716.15,21716.4,0.0,11.25,13.0,11.25,11.5,7750100,0.0,20817800,21700.0,0.65,0.65,0.35,0.35,9930700,10.359896,27209400,21700.0
2024-02-08 15:18:00 +0530,21717.0,21719.4,21709.5,21709.5,0.0,12.0,12.5,9.65,10.05,9042250,7.935135,20817800,21700.0,0.4,0.5,0.3,0.5,11183150,7.93297,27209400,21700.0
2024-02-08 15:19:00 +0530,21710.25,21721.05,21710.25,21717.45,0.0,10.35,12.35,10.35,11.8,7944500,0.0,20817800,21700.0,0.5,0.5,0.15,0.2,13026850,10.486807,27209400,21700.0
2024-02-08 15:20:00 +0530,21719.85,21728.5,21716.6,21720.8,0.0,12.15,14.65,11.85,13.55,9630350,0.0,18142100,21700.0,0.25,0.25,0.15,0.15,10158500,12.016425,24886050,21700.0
2024-02-08 15:21:00 +0530,21722.0,21733.95,21722.0,21733.95,0.0,0.15,0.15,0.05,0.1,4153550,9.480754,19750600,21750.0,36.35,36.7,33.45,33.75,1987500,69.456531,5401500,21750.0
2024-02-08 15:22:00 +0530,21734.2,21738.4,21732.35,21734.0,0.0,0.1,0.1,0.05,0.05,3047400,8.985516,19750600,21750.0,33.9,34.5,32.75,33.7,2171800,73.601175,5401500,21750.0
2024-02-08 15:23:00 +0530,21733.9,21739.95,21733.9,21738.2,0.0,0.1,0.1,0.05,0.05,1908300,7.417548,18408000,21750.0,33.15,33.75,32.45,32.95,1358550,84.188911,5343450,21750.0
2024-02-08 15:24:00 +0530,21737.9,21745.25,21736.65,21741.9,0.0,0.1,0.1,0.05,0.1,2155150,6.647711,18408000,21750.0,32.9,33.35,31.3,31.9,1983200,94.417745,5343450,21750.0
2024-02-08 15:25:00 +0530,21741.95,21748.3,21740.25,21746.05,0.0,0.1,0.1,0.05,0.1,2616850,4.154968,18408000,21750.0,31.9,32.5,31.45,31.45,1810000,110.028326,5343450,21750.0
2024-02-08 15:26:00 +0530,21745.5,21749.25,21742.15,21746.35,0.0,0.1,0.1,0.05,0.1,2083900,4.378974,17319450,21750.0,31.4,32.3,31.35,31.95,1363700,125.750082,5098850,21750.0
2024-02-08 15:27:00 +0530,21748.1,21760.75,21748.05,21755.45,0.0,0.1,0.1,0.05,0.1,1811200,0.0,17319450,21750.0,31.9,31.95,30.85,31.0,1621150,162.355404,5098850,21750.0
2024-02-08 15:28:00 +0530,21757.55,21758.3,21747.05,21752.45,0.0,0.1,0.1,0.05,0.1,2432650,0.0,17319450,21750.0,31.05,32.1,31.05,31.7,1564000,194.449521,5098850,21750.0
2024-02-08 15:29:00 +0530,21753.75,21760.25,21748.1,21759.7,0.0,0.05,0.1,0.05,0.05,2365550,0.0,14682750,21750.0,31.75,32.1,31.55,32.1,1182000,306.972557,4575650,21750.0
2024-02-08 15:30:00 +0530,21760.0,21760.0,21760.0,21760.0,0.0,0.05,0.05,0.05,0.05,150,0.0,14682750,21750.0,31.9,31.9,31.9,31.9,3300,11.842327,4575650,21750.0
2024-02-09 09:15:00 +0530,21727.0,21742.75,21698.1,21704.65,0.0,228.0,228.0,191.35,200.3,487450,15.765024,1499600,21700.0,179.45,179.45,150.0,158.25,1021400,15.746189,2030750,21700.0
2024-02-09 09:16:00 +0530,21707.2,21714.75,21698.95,21699.8,0.0,200.65,202.9,194.1,194.55,353450,15.48835,1650700,21700.0,158.5,160.6,153.7,159.05,594750,15.619778,2293700,21700.0
2024-02-09 09:17:00 +0530,21699.05,21701.6,21672.4,21672.4,0.0,224.0,224.0,215.4,216.2,79250,16.356619,166700,21650.0,137.8,147.6,137.8,147.6,350950,15.544154,646700,21650.0
2024-02-09 09:18:00 +0530,21671.75,21676.9,21665.75,21675.95,0.0,187.25,191.85,185.25,190.55,513300,16.247281,1650700,21700.0,169.25,170.0,166.25,168.5,853300,15.458481,2293700,21700.0
2024-02-09 09:19:00 +0530,21676.35,21688.25,21672.85,21682.65,0.0,190.0,194.2,188.15,192.4,475350,16.104786,2101850,21700.0,168.8,169.1,162.2,163.55,570200,15.306412,2594450,21700.0
2024-02-09 09:20:00 +0530,21681.4,21695.25,21680.55,21683.15,0.0,193.45,195.4,188.6,192.35,564100,16.078378,2101850,21700.0,163.9,166.9,159.85,161.4,728050,15.138061,2594450,21700.0
2024-02-09 09:21:00 +0530,21681.75,21751.15,21680.05,21751.15,0.0,165.35,190.8,163.2,190.0,545200,14.987229,1029850,21750.0,185.05,187.65,157.85,160.0,405300,15.730043,1006600,21750.0
2024-02-09 09:22:00 +0530,21748.45,21749.25,21727.7,21739.8,0.0,188.2,188.3,178.85,187.9,383900,15.338515,1106200,21750.0,161.25,170.35,160.3,163.85,274250,15.602915,1100000,21750.0
2024-02-09 09:23:00 +0530,21741.35,21762.3,21737.3,21756.4,0.0,184.35,196.4,183.2,194.7,465500,15.153425,1106200,21750.0,166.7,167.0,157.05,159.95,217350,15.940517,1100000,21750.0
2024-02-09 09:24:00 +0530,21755.8,21759.85,21750.1,21756.6,0.0,192.0,195.35,190.5,194.6,343550,15.135964,1106200,21750.0,161.1,162.8,158.8,159.35,276200,15.896217,1100000,21750.0
2024-02-09 09:25:00 +0530,21757.0,21762.9,21745.0,21746.85,0.0,194.25,198.0,186.9,188.1,374100,15.027793,1274850,21750.0,160.0,167.45,156.45,166.5,304200,16.131136,1182850,21750.0
2024-02-09 09:26:00 +0530,21747.0,21747.2,21737.9,21746.7,0.0,188.5,189.25,183.5,186.2,231550,14.867927,1274850,21750.0,165.4,168.75,163.0,165.8,286250,16.06381,1182850,21750.0
2024-02-09 09:27:00 +0530,21745.9,21748.2,21726.4,21744.35,0.0,187.1,187.1,177.4,186.25,231800,14.984441,1274850,21750.0,165.35,172.0,163.4,163.4,308350,15.75543,1182850,21750.0
2024-02-09 09:28:00 +0530,21743.95,21778.7,21743.95,21773.0,0.0,186.25,206.0,186.25,203.35,659750,15.113202,1397400,21750.0,163.25,163.25,149.8,153.4,333650,16.026306,1298950,21750.0
2024-02-09 09:29:00 +0530,21773.1,21773.1,21763.85,21769.75,0.0,202.25,202.25,197.85,201.6,219050,15.119915,1397400,21750.0,153.6,156.0,152.25,153.0,137500,15.863151,1298950,21750.0
2024-02-09 09:30:00 +0530,21770.1,21772.6,21756.05,21756.75,0.0,201.05,201.3,190.05,191.6,304700,14.86913,1397400,21750.0,152.15,160.0,151.95,158.95,202700,15.871143,1298950,21750.0
2024-02-09 09:31:00 +0530,21757.95,21757.95,21744.1,21756.55,0.0,191.75,191.8,181.5,191.05,299400,14.831075,1474400,21750.0,158.5,164.9,157.6,157.65,281400,15.748627,1382550,21750.0
2024-02-09 09:32:00 +0530,21756.65,21759.25,21750.9,21756.15,0.0,189.35,191.5,185.85,189.0,160150,14.669742,1474400,21750.0,159.55,162.45,157.8,161.5,103750,16.074074,1382550,21750.0
2024-02-09 09:33:00 +0530,21755.05,21757.4,21745.25,21757.4,0.0,187.6,190.9,184.0,190.9,175150,14.778713,1474400,21750.0,161.55,164.5,158.05,158.05,168500,15.819856,1382550,21750.0
2024-02-09 09:34:00 +0530,21758.65,21760.65,21747.75,21760.65,0.0,191.25,191.25,185.4,190.0,167150,14.541952,1519800,21750.0,157.7,162.9,157.45,158.15,159750,15.960508,1413350,21750.0
2024-02-09 09:35:00 +0530,21760.0,21778.5,21757.35,21778.05,0.0,161.85,173.75,161.3,173.35,543150,14.573027,4069000,21800.0,184.1,185.25,171.55,173.3,327950,15.918444,3208900,21800.0
2024-02-09 09:36:00 +0530,21777.55,21780.0,21774.25,21775.2,0.0,172.15,174.05,170.55,172.6,650900,14.637776,4069000,21800.0,173.9,176.05,171.4,174.0,309250,15.859415,3208900,21800.0
2024-02-09 09:37:00 +0530,21775.65,21775.65,21747.6,21747.6,0.0,198.1,198.1,184.0,184.35,260500,14.67272,1569650,21750.0,151.05,164.3,151.05,164.3,256000,15.976136,1461800,21750.0
2024-02-09 09:38:00 +0530,21746.25,21756.55,21743.0,21743.0,0.0,183.8,192.0,183.8,186.45,189000,15.076998,1569650,21750.0,164.0,164.8,159.0,164.25,273900,15.782389,1461800,21750.0
2024-02-09 09:39:00 +0530,21744.1,21745.5,21729.6,21734.6,0.0,187.0,188.6,181.65,184.25,214150,15.275555,1569650,21750.0,162.85,166.1,161.65,164.2,351500,15.427857,1461800,21750.0
2024-02-09 09:40:00 +0530,21735.9,21735.9,21706.8,21722.75,0.0,211.8,211.8,198.95,207.6,530850,15.556339,2610750,21700.0,143.15,154.85,143.15,150.65,1014550,15.813524,3579450,21700.0
2024-02-09 09:41:00 +0530,21721.85,21725.3,21708.0,21712.9,0.0,207.45,212.1,203.6,204.65,363550,15.779968,2610750,21700.0,149.55,155.45,147.0,153.45,814450,15.671498,3579450,21700.0
2024-02-09 09:42:00 +0530,21711.75,21751.6,21706.5,21725.0,0.0,202.75,218.7,202.2,210.0,455050,15.660417,2610750,21700.0,155.5,157.0,141.95,149.6,881050,15.809977,3579450,21700.0
2024-02-09 09:43:00 +0530,21724.15,21734.6,21722.05,21733.0,0.0,181.55,186.75,179.8,186.1,205400,15.517103,1653300,21750.0,171.6,173.1,166.3,167.45,286200,15.650285,1755850,21750.0
2024-02-09 09:44:00 +0530,21733.15,21745.65,21728.35,21744.15,0.0,185.0,189.8,183.0,188.1,155650,15.174974,1653300,21750.0,168.85,169.65,160.35,161.75,201900,15.613149,1755850,21750.0
2024-02-09 09:45:00 +0530,21743.4,21749.35,21735.6,21735.6,0.0,187.9,191.0,183.3,184.05,258750,15.217764,1653300,21750.0,162.05,165.45,158.8,165.4,181950,15.580036,1755850,21750.0
2024-02-09 09:46:00 +0530,21735.4,21744.85,21731.5,21736.4,0.0,183.7,188.2,181.0,182.85,185000,15.075586,1756850,21750.0,165.65,167.0,161.6,166.05,191500,15.671766,1815950,21750.0
2024-02-09 09:47:00 +0530,21736.0,21749.5,21730.7,21730.7,0.0,181.55,188.25,181.1,181.1,130500,15.185481,1756850,21750.0,166.45,167.5,160.3,167.35,137550,15.546917,1815950,21750.0
2024-02-09 09:48:00 +0530,21731.15,21737.35,21720.9,21728.05,0.0,181.2,182.85,175.6,178.7,204400,15.09605,1756850,21750.0,167.25,173.75,165.5,171.75,291650,15.823678,1815950,21750.0
2024-02-09 09:49:00 +0530,21727.15,21727.15,21713.65,21713.65,0.0,204.7,205.5,201.1,201.45,174500,15.46714,2823800,21700.0,150.35,155.0,150.35,155.0,458500,15.845158,4286950,21700.0
2024-02-09 09:50:00 +0530,21710.65,21722.7,21707.95,21709.6,0.0,200.15,206.95,200.0,200.0,228550,15.536695,2823800,21700.0,155.0,158.9,149.6,158.9,712300,16.029583,4286950,21700.0
2024-02-09 09:51:00 +0530,21704.45,21707.0,21688.8,21696.55,0.0,197.0,200.9,192.15,194.6,423150,15.684254,2823800,21700.0,158.9,164.8,156.1,162.25,1080300,15.79419,4286950,21700.0
2024-02-09 09:52:00 +0530,21697.05,21703.0,21686.55,21702.25,0.0,194.9,196.65,190.4,194.7,508250,15.422493,2950750,21700.0,162.7,166.6,159.4,162.45,1037400,16.047225,4475750,21700.0
2024-02-09 09:53:00 +0530,21702.9,21703.6,21677.55,21685.55,0.0,193.8,195.45,181.5,185.1,483950,15.360462,2950750,21700.0,162.3,178.0,161.55,174.8,1284400,16.448663,4475750,21700.0
2024-02-09 09:54:00 +0530,21682.5,21688.65,21673.25,21677.0,0.0,184.9,186.1,177.45,181.1,503700,15.401595,2950750,21700.0,174.8,183.7,173.8,180.25,1166900,16.568567,4475750,21700.0
2024-02-09 09:55:00 +0530,21676.15,21690.9,21676.15,21684.95,0.0,183.7,189.5,183.65,187.0,452150,15.558812,3128100,21700.0,178.05,178.3,168.35,172.45,835200,16.216569,4371200,21700.0
2024-02-09 09:56:00 +0530,21682.65,21689.7,21671.7,21681.7,0.0,185.35,188.75,180.05,185.0,392200,15.53311,3128100,21700.0,172.85,184.05,172.65,175.95,1000500,16.38971,4371200,21700.0
2024-02-09 09:57:00 +0530,21682.8,21693.55,21682.8,21685.5,0.0,185.25,189.55,184.4,185.1,286850,15.366965,3128100,21700.0,176.2,176.9,171.5,175.95,419100,16.551423,4371200,21700.0
2024-02-09 09:58:00 +0530,21685.85,21694.25,21680.1,21680.35,0.0,186.6,189.7,182.0,184.0,276150,15.50886,3292950,21700.0,173.65,177.8,170.45,175.4,479450,16.285015,4396050,21700.0
2024-02-09 09:59:00 +0530,21683.05,21684.4,21675.65,21680.15,0.0,183.7,185.25,179.8,180.15,330850,15.177985,3292950,21700.0,177.7,182.0,174.5,179.9,705550,16.675916,4396050,21700.0
2024-02-09 10:00:00 +0530,21678.25,21681.55,21663.45,21663.45,0.0,205.95,209.65,200.4,201.3,137950,15.515128,529450,21650.0,158.65,166.7,155.0,166.4,507200,16.895052,1254550,21650.0
2024-02-09 10:01:00 +0530,21664.3,21668.75,21649.05,21667.15,0.0,199.55,206.85,196.55,206.0,201250,15.75383,601750,21650.0,167.8,176.7,164.6,166.2,921450,17.027258,1440100,21650.0
2024-02-09 10:02:00 +0530,21665.95,21689.95,21664.45,21689.55,0.0,178.85,188.6,178.85,188.0,541300,15.440297,3385600,21700.0,189.2,189.2,170.85,170.85,934300,16.273425,4414200,21700.0
2024-02-09 10:03:00 +0530,21690.5,21690.5,21668.4,21684.55,0.0,187.05,187.6,179.75,186.0,390150,15.497176,3385600,21700.0,172.5,182.1,172.5,176.45,658450,16.560052,4414200,21700.0
2024-02-09 10:04:00 +0530,21684.1,21708.4,21682.1,21708.4,0.0,185.25,194.95,184.1,194.95,536500,15.160457,3496100,21700.0,177.95,178.8,162.3,163.1,649300,16.364641,4386650,21700.0
2024-02-09 10:05:00 +0530,21708.7,21715.15,21703.25,21713.85,0.0,193.5,195.95,190.9,195.4,501650,14.93516,3496100,21700.0,164.1,167.3,161.15,161.8,514550,16.470141,4386650,21700.0
2024-02-09 10:06:00 +0530,21714.2,21729.5,21707.1,21726.7,0.0,167.8,175.0,165.15,173.95,415850,14.756307,1963600,21750.0,186.1,189.4,175.4,176.2,228000,16.172126,1674850,21750.0
2024-02-09 10:07:00 +0530,21726.45,21727.95,21713.35,21722.55,0.0,201.0,202.15,192.85,198.25,385800,14.759817,3401400,21700.0,153.95,160.7,153.35,156.65,405600,16.360426,4358150,21700.0
2024-02-09 10:08:00 +0530,21721.25,21736.3,21714.25,21736.3,0.0,169.7,177.8,166.95,177.8,267850,14.655966,2032450,21750.0,180.6,183.8,170.1,170.2,195600,16.050117,1703300,21750.0
2024-02-09 10:09:00 +0530,21735.35,21741.05,21732.05,21741.05,0.0,179.0,183.75,175.5,182.25,478300,14.828758,2032450,21750.0,168.1,171.4,161.5,162.95,282200,15.608001,1703300,21750.0
2024-02-09 10:10:00 +0530,21740.8,21744.7,21730.5,21731.7,0.0,181.35,182.45,175.2,177.3,361550,14.827,2006050,21750.0,164.7,171.15,163.05,168.95,311650,15.746715,1723100,21750.0
2024-02-09 10:11:00 +0530,21732.7,21742.15,21732.7,21740.85,0.0,177.95,181.25,175.55,178.4,155050,14.499196,2006050,21750.0,169.2,172.45,166.45,169.25,117350,16.158866,1723100,21750.0
2024-02-09 10:12:00 +0530,21740.0,21740.0,21728.4,21735.85,0.0,177.55,180.2,174.05,177.35,192750,14.641114,2006050,21750.0,170.85,174.2,168.05,170.8,131300,16.087152,1723100,21750.0
2024-02-09 10:13:00 +0530,21735.1,21739.1,21729.5,21739.1,0.0,176.2,180.3,174.65,180.3,118650,14.751593,2011150,21750.0,171.15,173.6,167.4,167.4,119350,15.923362,1709500,21750.0
2024-02-09 10:14:00 +0530,21738.95,21750.45,21737.5,21749.65,0.0,180.45,184.2,178.35,183.45,296850,14.532512,2011150,21750.0,167.4,169.95,161.9,161.9,146450,15.874335,1709500,21750.0
2024-02-09 10:15:00 +0530,21750.7,21750.7,21725.85,21730.45,0.0,184.95,184.95,175.1,176.5,269450,14.818918,2011150,21750.0,163.05,172.05,163.05,171.35,229650,15.909512,1709500,21750.0
2024-02-09 10:16:00 +0530,21729.2,21729.65,21719.25,21722.75,0.0,204.25,204.7,197.8,203.0,321500,15.183771,3146400,21700.0,150.2,155.95,150.2,151.5,567700,15.915224,4385950,21700.0
2024-02-09 10:17:00 +0530,21723.15,21728.75,21719.55,21725.3,0.0,175.3,179.35,173.9,177.6,129250,15.154272,1973200,21750.0,174.25,174.95,169.0,171.35,118650,15.691017,1771200,21750.0
2024-02-09 10:18:00 +0530,21726.05,21730.3,21722.9,21726.25,0.0,176.95,180.2,175.45,179.5,131250,15.280055,1973200,21750.0,173.25,174.45,169.15,170.3,113300,15.639533,1771200,21750.0
2024-02-09 10:19:00 +0530,21728.7,21737.25,21728.6,21736.0,0.0,179.2,184.2,178.75,184.15,159000,15.243327,2013150,21750.0,169.6,170.4,163.45,164.25,136900,15.518598,1836450,21750.0
2024-02-09 10:20:00 +0530,21738.15,21738.5,21729.55,21738.45,0.0,183.25,186.0,179.65,186.0,176400,15.294016,2013150,21750.0,164.8,168.5,163.05,163.05,144400,15.515862,1836450,21750.0
2024-02-09 10:21:00 +0530,21739.8,21746.15,21735.05,21735.05,0.0,185.9,188.65,181.65,181.65,271800,15.068179,2013150,21750.0,162.9,165.6,159.4,165.6,221650,15.59951,1836450,21750.0
2024-02-09 10:22:00 +0530,21734.9,21738.1,21730.35,21731.1,0.0,181.95,185.7,179.8,180.15,103900,15.119182,2034650,21750.0,165.05,167.25,162.65,166.75,87500,15.534924,1911100,21750.0
2024-02-09 10:23:00 +0530,21731.3,21736.4,21727.0,21736.4,0.0,179.45,184.55,178.3,183.7,122700,15.189023,2034650,21750.0,167.95,168.95,164.1,164.5,114000,15.560326,1911100,21750.0
2024-02-09 10:24:00 +0530,21736.5,21738.55,21726.4,21727.05,0.0,184.4,184.7,179.25,179.75,101400,15.271845,2034650,21750.0,163.8,168.85,163.45,168.3,105000,15.500926,1911100,21750.0
2024-02-09 10:25:00 +0530,21726.5,21726.5,21705.3,21707.65,0.0,206.45,207.7,198.15,199.2,392000,15.59741,3268950,21700.0,148.45,156.45,147.45,155.0,707000,15.628497,4690050,21700.0
2024-02-09 10:26:00 +0530,21706.75,21711.9,21696.05,21696.05,0.0,199.65,202.35,193.65,194.75,279000,15.758713,3268950,21700.0,154.55,159.85,152.05,159.3,712550,15.536051,4690050,21700.0
2024-02-09 10:27:00 +0530,21694.8,21709.1,21694.8,21707.0,0.0,193.7,199.05,191.55,197.45,245100,15.475175,3268950,21700.0,159.8,161.3,155.0,155.45,578850,15.643576,4690050,21700.0
2024-02-09 10:28:00 +0530,21706.55,21710.55,21703.6,21706.85,0.0,198.15,200.25,196.25,198.9,172350,15.612649,3344600,21700.0,155.15,156.85,152.8,153.65,273200,15.477864,4802650,21700.0
2024-02-09 10:29:00 +0530,21707.35,21710.15,21699.25,21699.65,0.0,199.5,201.0,193.95,194.4,146900,15.559441,3344600,21700.0,153.25,158.5,152.0,158.2,308050,15.589024,4802650,21700.0
2024-02-09 10:30:00 +0530,21699.1,21707.35,21698.55,21707.35,0.0,195.7,199.8,193.8,199.75,198950,15.666289,3344600,21700.0,157.1,157.8,151.95,152.0,318800,15.352564,4802650,21700.0
2024-02-09 10:31:00 +0530,21706.65,21706.65,21691.5,21691.5,0.0,199.9,199.9,191.4,192.3,214200,15.761269,3373250,21700.0,152.0,162.0,151.85,161.4,612400,15.536849,4999400,21700.0
2024-02-09 10:32:00 +0530,21691.75,21693.4,21687.3,21688.9,0.0,193.3,194.0,189.8,192.3,214200,15.884361,3373250,21700.0,160.9,163.15,159.9,161.85,480600,15.468639,4999400,21700.0
2024-02-09 10:33:00 +0530,21689.7,21691.75,21682.75,21690.85,0.0,191.15,193.15,188.65,192.2,184200,15.785092,3373250,21700.0,162.75,165.0,160.6,160.95,480000,15.471073,4999400,21700.0
2024-02-09 10:34:00 +0530,21692.3,21715.3,21692.3,21708.7,0.0,194.25,201.65,193.95,199.15,405150,15.551605,3463800,21700.0,159.3,159.55,151.15,152.3,570350,15.436797,4971350,21700.0
2024-02-09 10:35:00 +0530,21709.55,21711.35,21700.45,21701.85,0.0,198.45,200.1,193.3,193.8,174600,15.407038,3463800,21700.0,153.2,158.1,151.1,156.9,275750,15.56797,4971350,21700.0
2024-02-09 10:36:00 +0530,21702.3,21703.8,21689.0,21691.25,0.0,193.0,194.5,189.1,190.2,230800,15.591755,3463800,21700.0,158.2,162.85,156.45,161.25,339850,15.516537,4971350,21700.0
2024-02-09 10:37:00 +0530,21691.1,21695.05,21686.95,21690.5,0.0,191.8,193.25,189.45,191.9,173700,15.779173,3524700,21700.0,160.4,163.95,159.5,161.85,306150,15.539176,5030900,21700.0
2024-02-09 10:38:00 +0530,21687.85,21698.15,21686.6,21695.15,0.0,190.45,194.0,189.55,191.5,161900,15.525245,3524700,21700.0,163.45,163.75,159.15,161.45,244800,15.698263,5030900,21700.0
2024-02-09 10:39:00 +0530,21694.75,21699.0,21691.2,21699.0,0.0,193.25,194.4,189.2,192.65,120850,15.445402,3524700,21700.0,160.65,163.15,158.7,159.95,241700,15.724954,5030900,21700.0
2024-02-09 10:40:00 +0530,21698.95,21707.35,21693.5,21706.8,0.0,192.0,194.3,188.8,193.2,163800,15.119851,3613150,21700.0,160.1,163.15,156.8,157.8,264500,15.854019,5085750,21700.0
2024-02-09 10:41:00 +0530,21707.1,21707.3,21700.3,21700.65,0.0,193.1,193.25,189.35,189.35,244900,15.074729,3613150,21700.0,158.45,161.0,157.25,161.0,270600,15.887849,5085750,21700.0
2024-02-09 10:42:00 +0530,21700.2,21703.25,21692.35,21700.1,0.0,188.9,191.6,186.0,191.2,195250,15.266872,3613150,21700.0,161.35,163.85,159.0,159.65,283950,15.745738,5085750,21700.0
2024-02-09 10:43:00 +0530,21699.9,21701.8,21693.1,21693.1,0.0,191.5,191.5,187.35,187.6,127850,15.280716,3578000,21700.0,159.15,163.15,159.15,162.65,189650,15.723162,5010200,21700.0
2024-02-09 10:44:00 +0530,21693.15,21695.8,21689.85,21691.1,0.0,189.35,189.5,185.45,185.75,129900,15.211632,3578000,21700.0,161.85,163.75,160.7,163.45,222400,15.711426,5010200,21700.0
2024-02-09 10:45:00 +0530,21691.2,21692.4,21686.0,21691.3,0.0,186.25,189.0,184.2,188.75,216800,15.470039,3578000,21700.0,163.3,165.3,161.25,162.15,401050,15.604904,5010200,21700.0
2024-02-09 10:46:00 +0530,21691.2,21691.2,21680.3,21688.9,0.0,186.9,186.9,181.4,184.05,332900,15.16601,3594450,21700.0,164.0,170.1,164.0,168.5,712700,16.069492,5008450,21700.0
2024-02-09 10:47:00 +0530,21688.25,21692.9,21684.75,21686.5,0.0,183.95,185.9,179.65,180.5,311450,14.963853,3594450,21700.0,168.4,172.55,165.75,170.85,492950,16.177909,5008450,21700.0
2024-02-09 10:48:00 +0530,21686.95,21692.8,21683.0,21691.65,0.0,181.25,182.8,176.4,181.9,397450,14.847392,3594450,21700.0,169.4,174.95,167.3,168.5,630000,16.186382,5008450,21700.0
2024-02-09 10:49:00 +0530,21692.05,21698.25,21691.2,21696.85,0.0,182.9,184.0,180.55,182.8,296350,14.681603,3578750,21700.0,167.2,168.6,165.2,165.65,327750,16.150395,4739050,21700.0
2024-02-09 10:50:00 +0530,21696.0,21696.0,21686.5,21688.2,0.0,183.5,184.2,177.95,178.4,384900,14.70056,3578750,21700.0,165.6,172.9,165.2,172.3,482200,16.38076,4739050,21700.0
2024-02-09 10:51:00 +0530,21688.0,21691.45,21680.85,21686.35,0.0,177.85,180.3,172.9,176.55,496050,14.623753,3578750,21700.0,172.6,177.9,169.75,173.3,711950,16.39228,4739050,21700.0
2024-02-09 10:52:00 +0530,21685.8,21688.2,21680.25,21683.8,0.0,176.4,177.6,172.45,174.5,292800,14.56151,3672550,21700.0,173.3,178.55,173.15,175.75,427950,16.50269,4512700,21700.0
2024-02-09 10:53:00 +0530,21682.25,21685.95,21674.95,21681.85,0.0,174.3,175.8,170.55,174.1,375700,14.61758,3672550,21700.0,176.95,180.2,175.05,177.05,622600,16.535972,4512700,21700.0
2024-02-09 10:54:00 +0530,21680.7,21685.05,21677.85,21682.1,0.0,175.15,175.15,172.0,174.95,230400,14.682552,3672550,21700.0,177.95,178.95,175.6,176.6,363850,16.507383,4512700,21700.0
2024-02-09 10:55:00 +0530,21682.85,21682.85,21664.65,21664.65,0.0,202.8,202.8,192.4,193.35,125050,14.802493,802850,21650.0,153.8,165.4,153.8,164.65,386800,16.829828,1473550,21650.0
2024-02-09 10:56:00 +0530,21666.35,21672.65,21660.35,21672.1,0.0,193.75,196.75,190.25,196.0,149550,14.669268,802850,21650.0,164.5,170.0,163.15,163.15,454450,16.996257,1473550,21650.0
2024-02-09 10:57:00 +0530,21671.2,21675.2,21667.5,21671.55,0.0,195.9,196.9,192.5,196.6,111150,14.751859,802850,21650.0,163.75,166.2,162.25,162.75,204350,16.939168,1473550,21650.0
2024-02-09 10:58:00 +0530,21671.45,21682.15,21666.75,21677.85,0.0,168.95,173.15,167.35,170.15,279950,14.456344,4043300,21700.0,185.25,188.0,178.7,182.55,460100,16.857362,4504050,21700.0
2024-02-09 10:59:00 +0530,21676.35,21679.1,21672.6,21673.5,0.0,197.35,199.4,196.0,198.55,59750,14.830971,911050,21650.0,159.95,162.95,159.15,161.55,159000,16.911169,1494200,21650.0
2024-02-09 11:00:00 +0530,21673.75,21679.35,21664.9,21667.2,0.0,197.3,199.85,191.9,192.4,121800,14.595665,911050,21650.0,162.1,167.4,158.0,166.85,250950,17.133765,1494200,21650.0
2024-02-09 11:01:00 +0530,21667.15,21671.45,21662.45,21671.45,0.0,193.25,197.7,191.4,197.7,101650,14.859826,963700,21650.0,166.65,169.35,161.55,161.55,314400,16.830732,1537050,21650.0
2024-02-09 11:02:00 +0530,21671.8,21671.8,21659.25,21661.05,0.0,198.2,198.85,191.7,192.05,72300,14.870963,963700,21650.0,161.85,168.9,160.55,168.9,232300,17.069159,1537050,21650.0
2024-02-09 11:03:00 +0530,21658.85,21662.9,21656.4,21661.4,0.0,191.3,195.55,188.15,191.35,136700,14.792063,963700,21650.0,169.35,173.4,166.4,169.5,387000,17.137883,1537050,21650.0
2024-02-09 11:04:00 +0530,21660.3,21661.1,21641.4,21641.4,0.0,191.15,193.0,182.3,182.3,205650,14.949645,1024200,21650.0,170.2,187.85,168.35,187.85,767950,17.947342,1649400,21650.0
2024-02-09 11:05:00 +0530,21639.45,21649.9,21638.35,21643.8,0.0,182.4,187.05,179.3,179.85,295750,14.618038,1024200,21650.0,185.75,189.0,179.85,185.75,984050,17.86195,1649400,21650.0
2024-02-09 11:06:00 +0530,21640.65,21646.95,21631.35,21646.25,0.0,180.7,182.55,175.6,181.95,185800,14.689672,1024200,21650.0,186.0,194.95,185.0,185.4,840900,17.934355,1649400,21650.0
2024-02-09 11:07:00 +0530,21645.35,21646.6,21639.15,21641.45,0.0,182.1,182.25,177.4,180.2,159750,14.762931,1175500,21650.0,185.0,188.7,184.25,185.25,349950,17.720031,1940000,21650.0
2024-02-09 11:08:00 +0530,21643.35,21655.9,21641.4,21649.1,0.0,180.5,188.0,180.25,184.0,233550,14.738181,1175500,21650.0,184.35,185.0,170.05,175.45,604700,17.166826,1940000,21650.0
2024-02-09 11:09:00 +0530,21648.35,21656.1,21646.75,21655.5,0.0,184.4,189.65,184.4,188.7,151900,14.849857,1175500,21650.0,175.75,175.75,168.3,170.35,300500,16.976887,1940000,21650.0
2024-02-09 11:10:00 +0530,21655.95,21659.3,21650.1,21659.3,0.0,188.35,191.25,186.8,191.25,121800,14.893533,1206850,21650.0,170.05,173.0,167.1,167.1,228400,16.842945,1962800,21650.0
2024-02-09 11:11:00 +0530,21660.7,21687.05,21657.55,21685.7,0.0,165.35,173.0,162.6,169.7,742300,14.064622,4734300,21700.0,189.0,191.55,174.65,181.1,833000,17.073673,4620350,21700.0
2024-02-09 11:12:00 +0530,21686.45,21687.65,21676.5,21678.65,0.0,169.55,171.5,166.85,168.05,476750,14.24661,4734300,21700.0,180.9,185.75,178.05,184.15,429150,17.044787,4620350,21700.0
2024-02-09 11:13:00 +0530,21680.0,21680.4,21668.85,21679.0,0.0,168.15,168.95,163.9,168.7,352850,14.289266,4678450,21700.0,184.1,189.5,181.25,182.25,450950,16.891577,4481900,21700.0
2024-02-09 11:14:00 +0530,21679.1,21683.25,21677.45,21679.5,0.0,168.8,170.75,167.7,169.4,306650,14.329432,4678450,21700.0,182.45,182.75,178.35,180.0,335350,16.71363,4481900,21700.0
2024-02-09 11:15:00 +0530,21680.3,21689.0,21678.7,21680.55,0.0,168.05,173.4,168.05,170.0,489250,14.33521,4678450,21700.0,181.95,181.95,173.9,179.0,409550,16.6704,4481900,21700.0
2024-02-09 11:16:00 +0530,21679.8,21680.55,21664.65,21666.05,0.0,196.55,196.55,190.25,190.25,152800,14.476313,1197950,21650.0,157.35,165.2,157.35,165.2,346150,16.952099,1842750,21650.0
2024-02-09 11:17:00 +0530,21666.05,21675.3,21664.8,21673.15,0.0,190.7,195.65,190.7,192.75,82800,14.345393,1197950,21650.0,164.8,165.0,158.75,161.65,216450,16.920235,1842750,21650.0
2024-02-09 11:18:00 +0530,21672.7,21680.95,21671.2,21680.45,0.0,166.8,171.0,166.75,170.75,237000,14.409584,4665750,21700.0,183.95,183.95,176.9,178.45,226650,16.619448,4452350,21700.0
2024-02-09 11:19:00 +0530,21680.35,21683.0,21674.55,21674.55,0.0,197.55,199.7,197.0,197.3,94300,14.68615,1206150,21650.0,156.8,157.55,154.45,157.0,104450,16.56019,1874350,21650.0
2024-02-09 11:20:00 +0530,21674.4,21674.4,21663.1,21663.75,0.0,197.85,197.85,191.1,191.25,85600,14.684482,1206150,21650.0,156.5,165.0,156.5,164.55,210300,16.803745,1874350,21650.0
2024-02-09 11:21:00 +0530,21663.0,21663.0,21656.0,21661.8,0.0,191.5,191.5,187.15,190.55,104400,14.719151,1206150,21650.0,164.25,169.75,164.25,166.25,351850,16.87746,1874350,21650.0
2024-02-09 11:22:00 +0530,21661.75,21668.35,21659.85,21663.15,0.0,190.7,192.0,187.0,187.45,87550,14.375216,1222000,21650.0,165.1,168.7,163.05,168.45,173850,17.130254,1929350,21650.0
2024-02-09 11:23:00 +0530,21662.7,21663.7,21657.65,21658.15,0.0,185.85,188.45,183.8,184.15,97000,14.326997,1222000,21650.0,169.3,171.65,167.15,171.65,216300,17.213127,1929350,21650.0
2024-02-09 11:24:00 +0530,21657.9,21657.9,21652.7,21653.45,0.0,183.95,184.8,181.75,182.85,101500,14.441208,1222000,21650.0,171.45,174.65,171.2,172.95,281250,17.136549,1929350,21650.0
2024-02-09 11:25:00 +0530,21654.85,21662.45,21654.85,21661.1,0.0,184.0,186.0,182.4,185.65,60800,14.318199,1236850,21650.0,172.0,173.95,169.95,171.1,211750,17.286333,1969300,21650.0
2024-02-09 11:26:00 +0530,21661.7,21661.7,21649.0,21652.1,0.0,185.95,185.95,181.0,182.25,85850,14.455056,1236850,21650.0,171.05,178.3,171.0,176.5,327250,17.399656,1969300,21650.0
2024-02-09 11:27:00 +0530,21652.15,21652.15,21646.55,21648.8,0.0,182.55,182.7,179.45,180.25,90050,14.436559,1236850,21650.0,176.4,179.75,175.9,179.0,256350,17.486647,1969300,21650.0
2024-02-09 11:28:00 +0530,21644.75,21659.7,21644.75,21659.6,0.0,180.2,187.8,179.4,186.9,136350,14.507358,1281450,21650.0,179.1,179.8,168.8,168.85,333250,17.025895,1958300,21650.0
2024-02-09 11:29:00 +0530,21659.5,21673.6,21659.05,21673.6,0.0,188.4,192.8,187.75,192.5,177300,14.312213,1281450,21650.0,168.2,168.2,160.75,160.75,264950,16.866823,1958300,21650.0
2024-02-09 11:30:00 +0530,21673.05,21680.9,21672.85,21677.7,0.0,165.65,168.55,164.95,166.65,514400,14.183606,4818950,21700.0,183.3,184.2,178.6,182.05,368950,16.830952,4397850,21700.0
2024-02-09 11:31:00 +0530,21677.9,21677.9,21665.05,21676.0,0.0,165.9,166.2,160.2,165.2,354600,14.133757,4870150,21700.0,182.4,190.9,182.05,184.0,353900,16.932035,4327550,21700.0
2024-02-09 11:32:00 +0530,21675.45,21677.5,21669.8,21677.5,0.0,165.2,166.9,163.85,166.45,228200,14.176991,4870150,21700.0,184.5,187.5,183.05,184.8,167600,17.068746,4327550,21700.0
2024-02-09 11:33:00 +0530,21677.65,21678.8,21674.5,21678.3,0.0,165.1,168.3,164.85,167.05,239450,14.194495,4870150,21700.0,185.5,186.15,180.3,181.7,186600,16.827911,4327550,21700.0
2024-02-09 11:34:00 +0530,21678.15,21682.65,21674.75,21682.6,0.0,167.3,171.8,166.55,171.8,260000,14.419225,4791250,21700.0,181.2,183.0,174.45,174.8,269900,16.398377,4399300,21700.0
2024-02-09 11:35:00 +0530,21684.45,21686.25,21678.95,21683.2,0.0,171.6,174.2,170.1,171.6,425550,14.374446,4791250,21700.0,175.1,178.0,172.45,175.0,351450,16.442539,4399300,21700.0
2024-02-09 11:36:00 +0530,21683.15,21690.5,21681.75,21685.4,0.0,171.45,175.95,170.6,171.65,475200,14.277079,4791250,21700.0,175.35,176.05,169.35,173.6,325250,16.41219,4399300,21700.0
2024-02-09 11:37:00 +0530,21686.1,21690.85,21685.7,21688.25,0.0,172.9,175.6,172.3,172.65,374700,14.233331,4708550,21700.0,172.35,173.1,169.35,172.4,251700,16.426779,4433000,21700.0
2024-02-09 11:38:00 +0530,21689.2,21707.1,21689.0,21703.0,0.0,173.25,183.0,173.25,179.6,810800,14.149233,4708550,21700.0,171.85,171.85,160.55,163.1,663800,16.213437,4433000,21700.0
2024-02-09 11:39:00 +0530,21701.95,21705.8,21698.35,21704.55,0.0,179.65,182.5,176.95,182.5,444750,14.334217,4708550,21700.0,164.35,165.9,161.25,161.55,378200,16.139476,4433000,21700.0
2024-02-09 11:40:00 +0530,21705.55,21732.6,21704.05,21726.85,0.0,154.9,164.3,154.9,164.3,448150,13.987185,2226400,21750.0,185.15,188.65,177.45,178.55,142950,16.455919,1710900,21750.0
2024-02-09 11:41:00 +0530,21727.85,21732.1,21718.3,21729.3,0.0,164.0,167.2,159.35,166.0,502050,14.02636,2226400,21750.0,178.65,180.15,173.0,174.95,223100,16.241853,1710900,21750.0
2024-02-09 11:42:00 +0530,21725.45,21728.2,21712.4,21715.05,0.0,192.2,193.9,186.65,187.0,515000,14.223415,4586850,21700.0,152.85,157.4,151.05,157.25,448950,16.184656,4440300,21700.0
2024-02-09 11:43:00 +0530,21715.25,21722.8,21713.1,21717.0,0.0,185.75,192.35,185.0,186.75,300350,14.104652,4358200,21700.0,158.3,158.7,152.65,158.7,330750,16.393901,4390150,21700.0
2024-02-09 11:44:00 +0530,21716.45,21725.05,21715.0,21722.15,0.0,185.95,191.45,185.95,188.95,240050,14.044218,4358200,21700.0,158.4,158.75,154.2,157.25,251300,16.471268,4390150,21700.0
2024-02-09 11:45:00 +0530,21723.55,21727.85,21715.7,21718.0,0.0,188.8,192.9,186.75,187.55,336100,14.128413,4358200,21700.0,158.1,159.85,153.85,159.6,253400,16.516307,4390150,21700.0
2024-02-09 11:46:00 +0530,21717.5,21724.6,21714.95,21716.45,0.0,187.6,192.35,187.05,187.75,187400,14.224936,4359650,21700.0,159.7,159.9,155.15,159.7,174000,16.463585,4436850,21700.0
2024-02-09 11:47:00 +0530,21714.95,21723.55,21711.8,21723.55,0.0,187.85,191.45,185.2,191.45,225800,14.201251,4359650,21700.0,159.9,161.6,155.75,155.75,304350,16.394829,4436850,21700.0
2024-02-09 11:48:00 +0530,21723.8,21728.55,21723.35,21727.25,0.0,164.9,166.75,164.35,166.5,197900,14.172243,2231550,21750.0,179.0,179.0,175.4,176.1,85650,16.261254,1832450,21750.0
2024-02-09 11:49:00 +0530,21727.35,21731.8,21722.7,21731.75,0.0,165.9,170.1,164.5,170.1,313350,14.285425,2219350,21750.0,175.2,178.15,172.35,172.95,79800,16.174635,1850850,21750.0
2024-02-09 11:50:00 +0530,21732.5,21732.5,21726.35,21727.55,0.0,170.0,170.6,166.65,167.0,203900,14.204877,2219350,21750.0,172.55,176.7,172.1,176.0,110100,16.266737,1850850,21750.0
2024-02-09 11:51:00 +0530,21728.3,21731.05,21724.9,21729.7,0.0,167.7,171.2,167.45,169.95,140250,14.369064,2219350,21750.0,175.0,175.55,171.5,172.9,78700,16.084012,1850850,21750.0
2024-02-09 11:52:00 +0530,21729.45,21730.6,21724.8,21726.45,0.0,170.7,170.7,167.45,167.45,111500,14.297492,2216250,21750.0,172.7,175.0,172.0,174.6,74950,16.096351,1909250,21750.0
2024-02-09 11:53:00 +0530,21726.75,21726.75,21712.8,21715.95,0.0,195.05,195.9,188.2,188.9,392800,14.3602,4242350,21700.0,152.15,157.0,152.1,157.0,409650,16.206762,4512300,21700.0
2024-02-09 11:54:00 +0530,21716.7,21720.3,21707.25,21720.2,0.0,189.05,192.45,185.55,190.95,278950,14.332539,4242350,21700.0,156.95,159.55,154.75,156.05,457050,16.293176,4512300,21700.0
2024-02-09 11:55:00 +0530,21717.9,21721.95,21714.4,21718.5,0.0,191.6,194.1,190.75,192.9,164750,14.594111,4168200,21700.0,155.5,157.5,153.2,155.3,213400,16.158461,4574700,21700.0
2024-02-09 11:56:00 +0530,21719.0,21724.25,21717.95,21724.25,0.0,193.35,195.65,193.05,195.65,196050,14.552956,4168200,21700.0,155.35,155.35,152.05,152.05,145900,16.097223,4574700,21700.0
2024-02-09 11:57:00 +0530,21723.95,21725.0,21716.7,21722.05,0.0,195.45,197.0,191.6,191.6,226950,14.300771,4168200,21700.0,152.55,155.15,151.3,154.8,190300,16.257259,4574700,21700.0
2024-02-09 11:58:00 +0530,21722.0,21727.55,21721.3,21722.4,0.0,192.2,197.35,192.15,192.6,202650,14.374089,4081850,21700.0,154.5,154.75,150.1,154.4,209150,16.236072,4524550,21700.0
2024-02-09 11:59:00 +0530,21722.8,21726.65,21718.6,21725.35,0.0,165.45,167.75,164.2,166.35,77800,14.257089,2233800,21750.0,176.9,178.7,174.6,176.2,48550,16.196349,1952850,21750.0
2024-02-09 12:00:00 +0530,21725.55,21729.6,21723.05,21725.9,0.0,166.75,169.85,165.85,169.5,118950,14.51314,2233800,21750.0,176.2,177.0,172.7,172.75,65200,15.91385,1952850,21750.0
2024-02-09 12:01:00 +0530,21728.0,21736.95,21726.45,21731.45,0.0,170.0,175.6,169.15,171.45,574600,14.431495,2195250,21750.0,172.65,173.6,168.2,170.85,233700,15.983713,1952100,21750.0
2024-02-09 12:02:00 +0530,21731.55,21732.25,21725.5,21728.65,0.0,171.35,171.35,165.5,166.35,185650,14.108153,2195250,21750.0,170.85,177.0,170.85,176.35,121400,16.354029,1952100,21750.0
2024-02-09 12:03:00 +0530,21728.95,21732.15,21722.9,21725.55,0.0,166.4,168.85,163.85,163.9,117300,14.033831,2195250,21750.0,175.9,178.3,173.15,177.75,71800,16.345857,1952100,21750.0
2024-02-09 12:04:00 +0530,21725.7,21729.8,21719.85,21729.8,0.0,163.8,167.25,161.5,167.1,141000,14.123708,2232900,21750.0,177.85,179.95,174.25,174.35,115650,16.226841,1935800,21750.0
2024-02-09 12:05:00 +0530,21729.45,21733.6,21726.35,21732.5,0.0,167.95,169.9,165.9,169.35,138900,14.199698,2232900,21750.0,174.2,176.05,172.5,173.35,54150,16.254015,1935800,21750.0
2024-02-09 12:06:00 +0530,21731.15,21732.9,21723.7,21727.1,0.0,169.35,169.95,164.25,166.75,112900,14.2192,2232900,21750.0,172.95,178.15,172.45,175.45,77250,16.210219,1935800,21750.0
2024-02-09 12:07:00 +0530,21729.05,21732.9,21727.0,21732.85,0.0,167.3,170.0,166.45,170.0,83200,14.243279,2218450,21750.0,174.95,176.55,172.5,172.5,61400,16.194736,1930100,21750.0
2024-02-09 12:08:00 +0530,21733.55,21739.4,21729.8,21739.05,0.0,168.5,173.8,168.5,173.55,198700,14.269995,2218450,21750.0,174.25,174.25,169.2,169.55,101700,16.195661,1930100,21750.0
2024-02-09 12:09:00 +0530,21739.35,21750.0,21737.4,21744.3,0.0,173.95,178.15,172.2,176.4,376400,14.276237,2218450,21750.0,168.65,170.05,163.85,165.45,176500,16.051394,1930100,21750.0
2024-02-09 12:10:00 +0530,21744.95,21748.55,21741.1,21748.3,0.0,176.35,179.0,173.0,176.0,310250,14.050016,2223400,21750.0,165.75,168.0,162.65,165.7,127000,16.241042,1962050,21750.0
2024-02-09 12:11:00 +0530,21749.45,21750.05,21736.35,21737.7,0.0,175.85,177.55,170.15,170.5,209350,14.064706,2223400,21750.0,165.35,170.1,163.8,169.1,119650,16.10076,1962050,21750.0
2024-02-09 12:12:00 +0530,21738.35,21739.25,21731.6,21734.8,0.0,170.75,170.75,165.55,166.7,239000,13.863137,2223400,21750.0,169.3,173.95,169.25,173.75,170900,16.392809,1962050,21750.0
2024-02-09 12:13:00 +0530,21735.95,21735.95,21726.75,21733.55,0.0,165.95,167.35,163.2,167.35,179800,13.980481,2220500,21750.0,173.75,176.55,173.3,173.3,158900,16.300262,1959900,21750.0
2024-02-09 12:14:00 +0530,21734.45,21734.65,21729.35,21733.2,0.0,166.1,166.9,163.8,166.9,73850,13.957698,2220500,21750.0,173.3,176.85,173.15,173.15,79950,16.272724,1959900,21750.0
2024-02-09 12:15:00 +0530,21734.2,21735.35,21725.3,21727.3,0.0,166.75,166.75,161.65,164.7,144100,14.036321,2220500,21750.0,173.1,179.15,173.1,176.55,158200,16.323423,1959900,21750.0
2024-02-09 12:16:00 +0530,21727.65,21730.9,21726.9,21729.2,0.0,164.4,165.4,162.8,164.55,76250,13.93617,2221900,21750.0,177.4,178.4,175.8,176.75,81850,16.423713,1959100,21750.0
2024-02-09 12:17:00 +0530,21729.05,21735.55,21728.9,21734.5,0.0,164.45,168.7,164.45,168.7,101300,14.060334,2221900,21750.0,177.25,177.25,172.1,172.1,78850,16.236767,1959100,21750.0
2024-02-09 12:18:00 +0530,21735.05,21748.4,21734.8,21748.4,0.0,168.55,175.0,168.55,174.55,276450,13.923595,2221900,21750.0,171.65,172.0,165.7,166.0,122600,16.277926,1959100,21750.0
2024-02-09 12:19:00 +0530,21748.05,21748.35,21740.15,21746.35,0.0,172.6,175.7,171.95,174.0,184900,13.97396,2231300,21750.0,168.2,169.15,165.9,167.4,116800,16.318288,1959600,21750.0
2024-02-09 12:20:00 +0530,21746.75,21747.65,21738.55,21741.4,0.0,174.85,176.0,172.25,172.45,151650,14.072669,2231300,21750.0,166.35,169.25,165.4,169.0,120100,16.254498,1959600,21750.0
2024-02-09 12:21:00 +0530,21741.55,21745.0,21736.35,21743.15,0.0,172.6,174.05,170.75,173.05,102150,14.044024,2231300,21750.0,168.7,169.95,167.2,168.2,78650,16.257364,1959600,21750.0
2024-02-09 12:22:00 +0530,21743.2,21747.3,21740.75,21746.3,0.0,173.0,175.95,173.0,175.45,124600,14.10883,2214700,21750.0,167.5,167.55,164.45,165.25,82750,16.126578,2007250,21750.0
2024-02-09 12:23:00 +0530,21747.85,21752.2,21742.05,21743.65,0.0,175.5,178.95,173.0,173.0,267100,14.017712,2214700,21750.0,165.95,167.9,162.2,167.25,158000,16.195053,2007250,21750.0
2024-02-09 12:24:00 +0530,21744.0,21747.3,21740.4,21746.8,0.0,174.0,176.0,171.65,175.7,115300,14.109177,2214700,21750.0,167.0,168.65,164.55,164.7,103600,16.099796,2007250,21750.0
2024-02-09 12:25:00 +0530,21747.1,21748.8,21740.05,21742.55,0.0,176.35,177.3,175.1,175.65,122250,14.308645,2202700,21750.0,164.2,165.45,163.5,165.45,80400,15.98982,2038000,21750.0
2024-02-09 12:26:00 +0530,21742.25,21748.4,21739.4,21741.95,0.0,175.35,176.55,173.45,173.65,93900,14.159618,2202700,21750.0,165.45,166.95,164.55,166.7,80100,16.076891,2038000,21750.0
2024-02-09 12:27:00 +0530,21742.05,21744.15,21739.15,21743.1,0.0,173.45,175.85,172.0,175.0,70300,14.22646,2202700,21750.0,166.95,167.5,164.55,165.5,65400,16.018806,2038000,21750.0
2024-02-09 12:28:00 +0530,21743.65,21746.5,21741.05,21743.25,0.0,173.8,176.3,172.3,173.2,69900,14.059584,2194650,21750.0,166.25,166.8,163.65,166.2,65300,16.088294,2049900,21750.0
2024-02-09 12:29:00 +0530,21742.1,21749.4,21742.1,21748.4,0.0,173.0,177.65,173.0,176.95,126650,14.14897,2194650,21750.0,165.05,165.3,160.4,161.25,120800,15.861934,2049900,21750.0
2024-02-09 12:30:00 +0530,21748.75,21764.95,21748.75,21758.45,0.0,176.95,185.75,176.75,182.8,587900,14.184699,2194650,21750.0,161.15,161.15,152.45,154.5,371200,15.672622,2049900,21750.0
2024-02-09 12:31:00 +0530,21758.45,21759.75,21738.6,21740.75,0.0,183.8,183.8,170.0,172.75,390200,14.141187,2175800,21750.0,155.55,164.65,154.6,164.1,217800,15.798085,2079650,21750.0
2024-02-09 12:32:00 +0530,21742.0,21742.0,21731.4,21740.2,0.0,171.7,173.6,167.05,173.5,242350,14.235191,2175800,21750.0,164.7,167.85,161.9,161.9,250600,15.579325,2079650,21750.0
2024-02-09 12:33:00 +0530,21740.5,21766.5,21740.5,21757.95,0.0,173.15,185.45,173.15,181.3,470700,14.07787,2175800,21750.0,161.6,161.6,147.9,153.05,344700,15.524607,2079650,21750.0
2024-02-09 12:34:00 +0530,21757.15,21759.3,21750.1,21752.0,0.0,180.45,181.3,176.4,178.75,193350,14.140984,2156850,21750.0,154.5,157.3,153.35,155.6,150050,15.509529,2111250,21750.0
2024-02-09 12:35:00 +0530,21752.4,21752.8,21744.5,21746.45,0.0,177.95,178.45,172.45,174.1,178800,13.993906,2156850,21750.0,156.0,160.65,155.75,159.5,154700,15.628855,2111250,21750.0
2024-02-09 12:36:00 +0530,21746.7,21747.45,21740.95,21745.65,0.0,172.5,173.55,170.0,171.6,118450,13.809798,2156850,21750.0,160.7,163.0,160.25,162.5,137950,15.864186,2111250,21750.0
2024-02-09 12:37:00 +0530,21745.95,21747.9,21736.0,21738.65,0.0,173.15,173.7,169.1,170.65,118150,14.059006,2143800,21750.0,162.05,164.5,160.45,163.05,97050,15.620137,2134650,21750.0
2024-02-09 12:38:00 +0530,21740.05,21755.7,21737.35,21753.15,0.0,170.7,175.6,169.45,175.0,152900,13.753364,2143800,21750.0,163.85,165.15,158.0,158.9,170200,15.854856,2134650,21750.0
2024-02-09 12:39:00 +0530,21753.75,21754.55,21749.2,21754.1,0.0,175.35,175.35,172.1,174.55,129500,13.667679,2143800,21750.0,159.2,162.6,158.7,159.4,104550,15.939409,2134650,21750.0
2024-02-09 12:40:00 +0530,21753.15,21753.35,21747.7,21751.25,0.0,174.35,174.8,171.5,172.4,109850,13.614976,2179300,21750.0,159.9,163.95,159.2,163.0,111650,16.144491,2162100,21750.0
2024-02-09 12:41:00 +0530,21751.1,21756.65,21749.2,21753.9,0.0,172.25,176.3,171.55,175.1,118350,13.728669,2179300,21750.0,162.65,163.4,158.2,159.8,87500,15.968424,2162100,21750.0
2024-02-09 12:42:00 +0530,21755.25,21759.85,21753.6,21757.15,0.0,175.8,178.25,173.1,175.0,137500,13.56135,2179300,21750.0,159.5,161.0,156.65,159.95,104350,16.116022,2162100,21750.0
2024-02-09 12:43:00 +0530,21757.35,21760.75,21753.15,21760.1,0.0,175.2,177.0,173.2,176.55,82550,13.555694,2210700,21750.0,159.95,161.8,158.35,159.05,75350,16.156716,2175850,21750.0
2024-02-09 12:44:00 +0530,21760.2,21762.35,21756.3,21759.85,0.0,177.15,179.55,175.65,179.15,170850,13.802372,2210700,21750.0,158.45,159.75,155.85,156.7,89700,15.936792,2175850,21750.0
2024-02-09 12:45:00 +0530,21760.25,21763.9,21757.8,21761.7,0.0,179.15,180.0,175.95,179.85,161650,13.774538,2210700,21750.0,156.85,159.0,155.25,156.0,96450,15.950064,2175850,21750.0
2024-02-09 12:46:00 +0530,21763.6,21765.5,21758.45,21762.25,0.0,179.6,180.95,178.0,178.5,162450,13.62695,2223650,21750.0,155.65,157.85,154.6,157.2,99150,16.080674,2203100,21750.0
2024-02-09 12:47:00 +0530,21761.05,21766.1,21759.55,21762.3,0.0,178.3,181.85,176.95,179.7,165100,13.733224,2223650,21750.0,157.0,158.05,154.25,155.7,98800,15.949004,2203100,21750.0
2024-02-09 12:48:00 +0530,21762.8,21768.55,21759.45,21767.35,0.0,179.85,183.95,179.35,183.5,175900,13.823356,2223650,21750.0,156.6,156.6,150.95,151.5,158100,15.776963,2203100,21750.0
2024-02-09 12:49:00 +0530,21767.15,21767.95,21755.95,21757.65,0.0,183.65,184.7,178.95,179.85,246450,13.978574,2183850,21750.0,151.25,155.0,150.45,153.9,161500,15.599861,2215850,21750.0
2024-02-09 12:50:00 +0530,21757.3,21760.1,21739.5,21746.0,0.0,179.35,180.3,170.35,173.15,376250,13.945381,2183850,21750.0,154.4,163.5,153.7,159.95,367900,15.661007,2215850,21750.0
2024-02-09 12:51:00 +0530,21746.35,21754.05,21743.05,21751.6,0.0,174.35,178.4,172.1,177.8,177750,14.092334,2183850,21750.0,161.0,162.5,155.05,156.35,206850,15.572164,2215850,21750.0
2024-02-09 12:52:00 +0530,21749.2,21751.85,21743.9,21746.95,0.0,176.8,177.25,173.25,173.65,104800,13.946451,2096350,21750.0,157.3,159.8,156.3,159.4,118200,15.652861,2208550,21750.0
2024-02-09 12:53:00 +0530,21747.0,21750.5,21740.7,21749.3,0.0,173.55,176.75,171.1,174.5,98900,13.910213,2096350,21750.0,159.6,160.3,156.1,158.2,111400,15.643926,2208550,21750.0
2024-02-09 12:54:00 +0530,21748.45,21750.1,21739.1,21743.45,0.0,173.8,175.2,170.75,170.95,97250,13.874629,2096350,21750.0,157.5,162.4,157.4,161.55,157700,15.70025,2208550,21750.0
2024-02-09 12:55:00 +0530,21742.85,21746.9,21735.2,21737.0,0.0,170.75,172.35,166.35,167.05,182900,13.833019,2112400,21750.0,161.55,166.2,160.2,165.5,242250,15.781895,2229800,21750.0
2024-02-09 12:56:00 +0530,21737.65,21741.05,21726.15,21728.3,0.0,166.65,169.0,162.4,164.35,271550,13.999231,2112400,21750.0,164.7,169.4,163.85,167.65,370350,15.602656,2229800,21750.0
2024-02-09 12:57:00 +0530,21728.45,21746.75,21727.85,21746.75,0.0,164.2,172.2,163.55,172.2,149550,13.831228,2112400,21750.0,167.95,168.5,158.85,158.85,239000,15.598908,2229800,21750.0
2024-02-09 12:58:00 +0530,21746.7,21750.4,21742.15,21747.6,0.0,170.3,173.95,169.8,172.7,177250,13.83604,2089800,21750.0,158.4,161.0,156.7,159.3,139400,15.675274,2212650,21750.0
2024-02-09 12:59:00 +0530,21748.2,21754.9,21744.95,21751.5,0.0,173.8,177.7,172.75,175.9,193050,13.934941,2089800,21750.0,158.55,159.1,153.85,155.45,178900,15.493155,2212650,21750.0
2024-02-09 13:00:00 +0530,21752.1,21755.3,21746.7,21753.1,0.0,177.0,179.0,174.75,177.5,190050,14.001495,2089800,21750.0,154.35,156.65,152.9,154.25,144150,15.452403,2212650,21750.0
2024-02-09 13:01:00 +0530,21751.65,21753.65,21747.2,21752.6,0.0,176.0,177.35,173.85,177.35,85800,14.013392,2101800,21750.0,154.95,157.5,154.35,154.5,84350,15.454896,2225250,21750.0
2024-02-09 13:02:00 +0530,21750.05,21754.05,21749.25,21750.45,0.0,176.15,177.4,175.0,176.65,67650,14.056055,2101800,21750.0,154.95,156.9,154.2,155.45,67900,15.451861,2225250,21750.0
2024-02-09 13:03:00 +0530,21751.2,21753.3,21744.05,21746.3,0.0,176.0,177.95,175.15,175.6,94200,14.163159,2101800,21750.0,155.35,156.6,153.85,156.4,95250,15.365212,2225250,21750.0
2024-02-09 13:04:00 +0530,21747.1,21752.35,21745.9,21750.1,0.0,175.6,178.25,175.55,176.45,81650,14.05708,2088250,21750.0,156.4,156.4,153.3,154.7,103300,15.371631,2249700,21750.0
2024-02-09 13:05:00 +0530,21749.05,21752.2,21745.6,21748.9,0.0,176.15,177.85,174.55,175.25,69000,14.008602,2088250,21750.0,154.6,155.9,152.7,155.3,106500,15.376307,2249700,21750.0
2024-02-09 13:06:00 +0530,21748.35,21748.35,21734.85,21739.45,0.0,175.05,175.05,170.75,173.65,139850,14.318224,2088250,21750.0,155.0,160.2,155.0,157.85,186850,15.209659,2249700,21750.0
2024-02-09 13:07:00 +0530,21741.65,21743.8,21736.95,21743.15,0.0,173.8,174.3,171.5,173.5,67150,14.129973,2097250,21750.0,158.0,160.15,157.65,158.2,96250,15.397326,2262550,21750.0
2024-02-09 13:08:00 +0530,21743.45,21743.9,21736.8,21740.15,0.0,173.2,173.3,169.6,169.7,65600,13.93373,2097250,21750.0,159.05,161.0,158.35,160.7,70200,15.495428,2262550,21750.0
2024-02-09 13:09:00 +0530,21740.2,21740.2,21731.4,21737.15,0.0,170.4,170.4,165.3,169.45,185750,14.054284,2097250,21750.0,160.65,164.75,160.65,161.4,175600,15.431816,2262550,21750.0
2024-02-09 13:10:00 +0530,21737.25,21744.9,21734.65,21742.65,0.0,169.6,172.45,167.6,171.35,102900,13.964391,2089300,21750.0,161.3,163.0,158.2,158.75,104200,15.427648,2232450,21750.0
2024-02-09 13:11:00 +0530,21742.2,21742.75,21738.5,21739.75,0.0,171.95,171.95,168.6,171.0,47100,14.07198,2089300,21750.0,159.05,161.45,158.25,159.4,55900,15.364394,2232450,21750.0
2024-02-09 13:12:00 +0530,21740.6,21746.25,21736.8,21745.7,0.0,169.0,173.75,168.9,173.1,69000,13.977084,2089300,21750.0,160.15,161.0,156.5,157.35,83250,15.431505,2232450,21750.0
2024-02-09 13:13:00 +0530,21745.4,21751.8,21745.4,21748.35,0.0,173.0,175.2,172.95,174.55,119600,13.980394,2074150,21750.0,157.15,157.25,154.0,155.05,111000,15.336682,2224150,21750.0
2024-02-09 13:14:00 +0530,21748.55,21755.0,21747.95,21753.3,0.0,175.0,177.35,174.6,176.1,148700,13.880084,2074150,21750.0,154.85,154.95,151.95,152.9,124050,15.349534,2224150,21750.0
2024-02-09 13:15:00 +0530,21753.0,21754.55,21743.35,21744.9,0.0,175.4,177.65,171.5,171.5,118500,13.875135,2074150,21750.0,154.9,157.7,152.2,157.7,89600,15.431505,2224150,21750.0
2024-02-09 13:16:00 +0530,21745.2,21751.2,21743.3,21747.85,0.0,171.95,173.6,170.3,171.55,80150,13.738629,2075450,21750.0,158.1,159.7,156.25,158.6,95500,15.635921,2214700,21750.0
2024-02-09 13:17:00 +0530,21747.65,21748.2,21736.5,21738.2,0.0,171.35,171.35,165.65,165.95,159750,13.699448,2075450,21750.0,158.95,163.3,158.6,163.15,119500,15.638475,2214700,21750.0
2024-02-09 13:18:00 +0530,21738.4,21743.5,21736.75,21743.15,0.0,166.1,167.95,165.0,167.35,104000,13.590196,2075450,21750.0,163.0,164.35,161.85,162.2,135650,15.763055,2214700,21750.0
2024-02-09 13:19:00 +0530,21743.6,21746.2,21731.95,21733.5,0.0,167.8,168.4,161.75,162.35,143600,13.600711,2098150,21750.0,161.65,165.75,160.3,165.5,165850,15.650037,2207200,21750.0
2024-02-09 13:20:00 +0530,21733.95,21741.6,21732.8,21733.7,0.0,162.65,167.35,162.65,165.95,124250,13.914319,2098150,21750.0,165.85,165.85,161.8,164.25,137950,15.547517,2207200,21750.0
2024-02-09 13:21:00 +0530,21733.8,21736.1,21727.25,21734.75,0.0,166.15,166.65,163.45,166.3,81400,13.897347,2098150,21750.0,164.1,166.85,162.6,162.95,165100,15.476775,2207200,21750.0
2024-02-09 13:22:00 +0530,21734.95,21735.45,21725.75,21729.1,0.0,166.6,167.0,162.5,163.85,81700,13.943062,2086500,21750.0,162.75,167.45,162.35,166.15,114900,15.521452,2228700,21750.0
2024-02-09 13:23:00 +0530,21728.55,21739.8,21726.3,21739.8,0.0,164.0,167.4,162.9,167.3,76650,13.750284,2086500,21750.0,166.0,167.45,162.55,163.0,140850,15.697067,2228700,21750.0
2024-02-09 13:24:00 +0530,21740.65,21745.35,21735.05,21735.25,0.0,167.3,168.2,165.1,165.5,98700,13.805208,2086500,21750.0,162.4,165.05,161.35,164.75,102150,15.661222,2228700,21750.0
2024-02-09 13:25:00 +0530,21736.5,21737.35,21732.1,21732.9,0.0,165.3,168.0,163.85,166.1,77550,13.970133,2088900,21750.0,164.45,166.6,163.1,165.05,79400,15.588396,2196700,21750.0
2024-02-09 13:26:00 +0530,21734.6,21740.3,21730.05,21740.3,0.0,165.7,169.55,165.25,169.2,81950,13.899613,2088900,21750.0,165.25,166.4,160.65,160.7,136700,15.514473,2196700,21750.0
2024-02-09 13:27:00 +0530,21740.0,21745.3,21736.8,21745.3,0.0,169.9,170.0,167.7,169.95,78700,13.728835,2088900,21750.0,160.15,161.65,158.3,158.85,96550,15.559713,2196700,21750.0
2024-02-09 13:28:00 +0530,21745.75,21746.95,21739.75,21741.85,0.0,169.75,169.75,166.75,168.3,81950,13.747154,2091950,21750.0,158.75,161.5,158.7,159.1,111100,15.437992,2159000,21750.0
2024-02-09 13:29:00 +0530,21742.55,21745.15,21738.9,21744.35,0.0,168.15,169.15,166.15,169.15,60850,13.704697,2091950,21750.0,161.3,161.45,158.45,158.9,58600,15.52582,2159000,21750.0
2024-02-09 13:30:00 +0530,21745.0,21746.85,21738.1,21743.7,0.0,168.6,169.35,166.4,168.25,48300,13.656167,2091950,21750.0,159.0,161.55,158.5,159.25,76050,15.530613,2159000,21750.0
2024-02-09 13:31:00 +0530,21743.65,21743.9,21734.2,21736.85,0.0,168.25,168.25,163.2,163.6,123500,13.566511,2097250,21750.0,159.5,164.05,159.5,163.75,127850,15.644853,2167000,21750.0
2024-02-09 13:32:00 +0530,21736.9,21738.65,21728.2,21730.4,0.0,163.3,164.85,158.7,160.35,242700,13.579254,2097250,21750.0,164.1,168.45,162.6,166.65,245300,15.629218,2167000,21750.0
2024-02-09 13:33:00 +0530,21731.3,21732.0,21717.3,21721.0,0.0,187.5,187.55,182.3,184.05,311750,13.768965,3512150,21700.0,145.45,149.65,145.0,148.2,651650,15.692001,4920000,21700.0
2024-02-09 13:34:00 +0530,21722.6,21729.25,21719.8,21728.45,0.0,158.3,159.5,155.5,159.3,154700,13.57794,2046500,21750.0,170.8,172.4,168.0,168.0,272750,15.667374,2125550,21750.0
2024-02-09 13:35:00 +0530,21727.35,21731.85,21713.9,21719.55,0.0,186.9,188.3,181.7,183.05,235300,13.754159,3494850,21700.0,147.05,153.75,144.6,151.9,804650,15.969155,4965700,21700.0
2024-02-09 13:36:00 +0530,21718.8,21723.25,21714.75,21723.25,0.0,182.7,186.75,181.05,186.3,141000,13.860917,3494850,21700.0,152.3,154.0,148.2,148.95,503050,15.85206,4965700,21700.0
2024-02-09 13:37:00 +0530,21722.95,21723.4,21713.55,21717.25,0.0,185.05,186.7,181.25,181.6,128200,13.741451,3565650,21700.0,149.8,153.85,148.65,152.45,428450,15.927435,4932650,21700.0
2024-02-09 13:38:00 +0530,21718.25,21720.15,21713.8,21720.15,0.0,182.4,183.45,179.75,183.25,130000,13.744757,3565650,21700.0,152.3,154.2,150.3,150.45,332250,15.864654,4932650,21700.0
2024-02-09 13:39:00 +0530,21720.65,21721.05,21712.45,21720.15,0.0,183.7,183.7,178.85,182.7,170600,13.695961,3565650,21700.0,150.7,155.0,150.7,151.0,423050,15.915045,4932650,21700.0
2024-02-09 13:40:00 +0530,21721.35,21721.35,21712.25,21713.55,0.0,182.9,183.65,179.15,179.85,128900,13.772423,3619300,21700.0,152.0,155.4,151.25,154.3,406750,15.946347,4900800,21700.0
2024-02-09 13:41:00 +0530,21713.45,21718.85,21710.05,21713.0,0.0,180.05,182.8,178.85,180.25,117250,13.837079,3619300,21700.0,154.4,156.15,152.65,154.6,383150,15.951727,4900800,21700.0
2024-02-09 13:42:00 +0530,21712.6,21724.6,21710.25,21724.6,0.0,180.0,184.6,176.1,184.6,206450,13.64359,3619300,21700.0,154.6,157.6,148.85,148.85,506100,15.901413,4900800,21700.0
2024-02-09 13:43:00 +0530,21726.25,21742.45,21726.25,21738.95,0.0,157.4,162.75,157.15,162.15,379600,13.348637,2076800,21750.0,171.15,171.4,163.8,163.95,428400,15.760545,1991950,21750.0
2024-02-09 13:44:00 +0530,21740.05,21741.85,21734.35,21738.55,0.0,162.8,163.1,160.2,162.55,122100,13.404451,2076800,21750.0,163.75,166.35,162.9,162.9,180750,15.650237,1991950,21750.0
2024-02-09 13:45:00 +0530,21740.25,21741.7,21734.8,21738.4,0.0,163.0,164.15,160.8,163.05,182150,13.457351,2076800,21750.0,163.1,163.8,160.0,161.55,186750,15.523641,1991950,21750.0
2024-02-09 13:46:00 +0530,21737.9,21739.45,21729.65,21733.05,0.0,162.15,163.5,158.75,158.75,118200,13.325486,2075500,21750.0,162.2,165.8,161.05,165.8,146100,15.676915,1997000,21750.0
2024-02-09 13:47:00 +0530,21733.4,21737.45,21727.25,21732.6,0.0,160.0,162.2,158.4,160.9,85950,13.54015,2075500,21750.0,164.45,166.6,162.4,163.5,105950,15.452363,1997000,21750.0
2024-02-09 13:48:00 +0530,21732.45,21734.3,21728.45,21733.95,0.0,160.9,160.9,157.3,159.65,52650,13.365746,2075500,21750.0,164.15,167.0,164.1,164.4,85300,15.591495,1997000,21750.0
2024-02-09 13:49:00 +0530,21734.25,21739.35,21731.05,21736.65,0.0,158.25,162.85,157.9,162.25,63700,13.472393,2075850,21750.0,164.9,166.45,161.0,162.55,94200,15.541706,2015750,21750.0
2024-02-09 13:50:00 +0530,21736.85,21738.1,21731.1,21736.25,0.0,162.5,162.6,159.7,162.0,77850,13.469854,2075850,21750.0,163.0,165.0,162.0,162.8,57050,15.54778,2015750,21750.0
2024-02-09 13:51:00 +0530,21736.25,21738.1,21732.45,21736.75,0.0,162.25,162.7,159.45,162.5,55100,13.492002,2075850,21750.0,163.25,165.85,162.55,162.55,64800,15.547384,2015750,21750.0
2024-02-09 13:52:00 +0530,21738.15,21742.0,21736.95,21741.25,0.0,161.85,165.0,161.5,163.85,125200,13.400126,2080950,21750.0,163.15,163.45,159.9,161.0,128750,15.599962,2018850,21750.0
2024-02-09 13:53:00 +0530,21741.6,21742.15,21736.35,21738.5,0.0,163.8,163.8,160.45,161.95,88000,13.361662,2080950,21750.0,162.45,164.35,162.0,162.9,97750,15.654568,2018850,21750.0
2024-02-09 13:54:00 +0530,21739.4,21740.95,21736.6,21739.95,0.0,162.95,163.85,161.1,162.75,48900,13.365391,2080950,21750.0,162.4,164.0,161.25,162.65,50050,15.694351,2018850,21750.0
2024-02-09 13:55:00 +0530,21739.9,21744.95,21738.95,21743.55,0.0,162.4,166.75,162.25,166.05,134900,13.490307,2068750,21750.0,162.7,162.7,157.9,158.6,125400,15.483794,2002800,21750.0
2024-02-09 13:56:00 +0530,21743.75,21744.75,21739.3,21741.7,0.0,165.7,167.65,164.8,164.8,135800,13.467716,2068750,21750.0,158.55,159.45,155.95,158.95,108650,15.437977,2002800,21750.0
2024-02-09 13:57:00 +0530,21741.6,21745.95,21740.1,21744.0,0.0,165.05,169.15,163.9,168.7,126500,13.708543,2068750,21750.0,159.05,160.15,154.55,154.8,140700,15.163197,2002800,21750.0
2024-02-09 13:58:00 +0530,21745.55,21750.95,21742.9,21745.35,0.0,168.65,172.4,168.45,169.75,207700,13.7389,2074450,21750.0,155.45,155.45,150.15,154.0,220600,15.1487,1973350,21750.0
2024-02-09 13:59:00 +0530,21744.25,21746.5,21739.9,21742.0,0.0,169.35,169.8,166.2,168.7,102550,13.806308,2074450,21750.0,154.15,157.4,154.0,155.55,106250,15.147752,1973350,21750.0
2024-02-09 14:00:00 +0530,21743.85,21745.05,21738.0,21739.25,0.0,168.75,169.05,163.6,164.0,131150,13.516645,2074450,21750.0,155.5,160.3,154.9,160.3,122000,15.458268,1973350,21750.0
2024-02-09 14:01:00 +0530,21740.3,21744.15,21738.3,21742.25,0.0,163.5,166.75,162.5,165.2,118650,13.482135,2075700,21750.0,160.15,161.75,157.3,158.95,128000,15.464711,1973350,21750.0
2024-02-09 14:02:00 +0530,21742.0,21748.9,21740.05,21742.7,0.0,164.6,168.75,164.6,165.15,125100,13.457053,2075700,21750.0,159.95,159.95,156.1,158.95,79050,15.484386,1969450,21750.0
2024-02-09 14:03:00 +0530,21742.9,21747.55,21741.55,21745.9,0.0,165.2,168.3,165.2,167.5,70950,13.515175,2075700,21750.0,158.95,158.95,155.7,156.55,48350,15.404115,1969450,21750.0
2024-02-09 14:04:00 +0530,21745.05,21750.95,21744.2,21750.95,0.0,167.8,170.0,166.5,169.15,140050,13.419368,2075700,21750.0,156.35,158.0,153.8,155.8,89450,15.548048,1969450,21750.0
2024-02-09 14:05:00 +0530,21751.9,21757.65,21749.1,21755.1,0.0,170.3,175.3,169.65,175.0,311350,13.743482,2113000,21750.0,154.65,155.15,150.0,150.45,174900,15.239418,1969750,21750.0
2024-02-09 14:06:00 +0530,21755.4,21755.9,21747.4,21748.45,0.0,174.05,174.95,169.25,169.5,184000,13.574454,2113000,21750.0,150.6,155.65,150.4,155.05,115900,15.378085,1969750,21750.0
2024-02-09 14:07:00 +0530,21749.6,21753.95,21748.7,21749.95,0.0,170.2,172.8,169.55,169.6,110350,13.511512,2122850,21750.0,154.7,156.3,152.85,156.2,75050,15.544573,1968050,21750.0
2024-02-09 14:08:00 +0530,21750.5,21751.1,21742.15,21746.15,0.0,169.1,170.8,167.4,169.05,124750,13.647263,2122850,21750.0,156.55,157.4,154.35,156.0,91850,15.368729,1968050,21750.0
2024-02-09 14:09:00 +0530,21747.0,21751.05,21745.3,21748.05,0.0,168.9,172.4,168.9,170.45,117700,13.682197,2122850,21750.0,155.95,156.65,153.1,155.1,73900,15.368012,1968050,21750.0
2024-02-09 14:10:00 +0530,21748.4,21748.95,21742.7,21745.95,0.0,169.65,171.15,166.45,169.45,111350,13.694824,2101800,21750.0,155.05,157.65,154.55,155.6,111100,15.32584,1968050,21750.0
2024-02-09 14:11:00 +0530,21745.0,21753.8,21745.0,21751.0,0.0,169.9,174.25,168.5,174.05,163250,13.864598,2101800,21750.0,155.3,156.1,151.5,151.5,143350,15.168618,2004850,21750.0
2024-02-09 14:12:00 +0530,21752.35,21764.8,21750.25,21762.75,0.0,174.45,179.55,172.5,179.55,328800,13.78131,2101800,21750.0,151.0,152.8,142.0,143.35,350350,14.917505,2004850,21750.0
2024-02-09 14:13:00 +0530,21763.35,21768.95,21759.3,21766.5,0.0,180.0,182.85,177.6,182.1,410450,13.824411,2101800,21750.0,143.45,146.05,139.15,140.65,294300,14.826108,2004850,21750.0
2024-02-09 14:14:00 +0530,21767.0,21767.25,21759.9,21760.85,0.0,181.55,182.0,175.05,176.35,260000,13.589355,2058500,21750.0,140.4,146.0,140.4,145.6,199550,15.044481,1993250,21750.0
2024-02-09 14:15:00 +0530,21762.3,21765.9,21755.75,21756.2,0.0,178.0,178.9,172.0,172.1,194450,13.437839,2058500,21750.0,144.25,149.4,143.3,149.4,169400,15.197186,1993250,21750.0
2024-02-09 14:16:00 +0530,21756.55,21756.85,21753.45,21756.1,0.0,171.75,172.65,168.6,171.8,185750,13.416711,2058500,21750.0,149.7,151.25,148.35,148.35,192100,15.09926,1993250,21750.0
2024-02-09 14:17:00 +0530,21756.1,21759.85,21755.0,21758.85,0.0,171.35,174.5,171.35,172.05,106050,13.303899,2041100,21750.0,149.05,149.05,146.4,148.15,99600,15.194681,1989750,21750.0
2024-02-09 14:18:00 +0530,21758.3,21773.15,21757.6,21771.0,0.0,171.5,181.5,171.5,180.4,289000,13.447356,2041100,21750.0,147.85,148.3,140.35,141.25,190300,15.064234,1989750,21750.0
2024-02-09 14:19:00 +0530,21771.8,21779.4,21769.9,21778.35,0.0,153.7,160.75,152.8,157.45,955000,13.425487,4331400,21800.0,164.65,164.7,155.8,159.3,523850,14.884307,3321250,21800.0
2024-02-09 14:20:00 +0530,21778.7,21778.7,21772.2,21772.45,0.0,184.85,185.7,181.65,181.95,248600,13.515635,2027550,21750.0,137.35,140.25,136.25,140.25,161900,15.033119,1939950,21750.0
2024-02-09 14:21:00 +0530,21771.75,21777.2,21761.0,21765.9,0.0,181.1,184.95,177.65,179.6,231500,13.636631,2027550,21750.0,140.4,143.65,137.95,142.55,235250,14.978915,1939950,21750.0
2024-02-09 14:22:00 +0530,21767.1,21774.9,21766.4,21770.95,0.0,178.75,184.0,178.45,179.6,179000,13.381346,2027550,21750.0,142.9,143.75,140.0,143.5,120600,15.268381,1939950,21750.0
2024-02-09 14:23:00 +0530,21770.7,21777.6,21770.7,21773.75,0.0,179.4,183.5,179.4,182.95,124500,13.542611,2027200,21750.0,143.3,143.45,141.0,141.3,68400,15.181986,1974900,21750.0
2024-02-09 14:24:00 +0530,21774.1,21775.35,21764.3,21766.85,0.0,182.5,183.05,178.65,180.85,97500,13.704708,2027200,21750.0,141.95,144.05,141.3,142.85,87950,15.046379,1974900,21750.0
2024-02-09 14:25:00 +0530,21767.8,21769.0,21759.15,21762.6,0.0,180.6,180.6,175.25,177.6,192200,13.625616,2027200,21750.0,143.1,146.85,143.1,145.35,214000,15.100749,1974900,21750.0
2024-02-09 14:26:00 +0530,21764.15,21766.25,21756.95,21758.9,0.0,177.4,179.8,173.8,174.15,115000,13.499661,2054200,21750.0,145.4,148.1,143.35,148.1,105600,15.198527,2012200,21750.0
2024-02-09 14:27:00 +0530,21758.3,21760.8,21753.65,21760.5,0.0,173.6,174.75,170.0,173.9,206500,13.398367,2054200,21750.0,149.05,151.25,147.65,148.7,219800,15.31871,2012200,21750.0
2024-02-09 14:28:00 +0530,21760.85,21772.7,21760.55,21768.4,0.0,173.85,179.25,173.85,177.65,216850,13.340506,2054200,21750.0,148.4,148.4,143.45,145.25,153700,15.328373,2012200,21750.0
2024-02-09 14:29:00 +0530,21768.8,21771.4,21766.4,21769.4,0.0,176.1,179.2,175.75,179.0,116250,13.412885,2091950,21750.0,146.4,147.2,143.85,144.25,71950,15.27895,2014950,21750.0
2024-02-09 14:30:00 +0530,21770.1,21774.6,21769.35,21771.25,0.0,178.95,181.35,177.85,180.6,215600,13.464485,2091950,21750.0,144.15,144.8,142.2,142.85,136700,15.227294,2014950,21750.0
2024-02-09 14:31:00 +0530,21770.8,21785.15,21770.45,21781.6,0.0,152.95,157.8,152.8,157.8,438500,13.316845,4754400,21800.0,166.5,166.5,160.1,160.3,285550,15.121944,3488450,21800.0
2024-02-09 14:32:00 +0530,21781.1,21782.4,21775.15,21776.65,0.0,157.05,157.55,154.05,154.2,308200,13.225752,4785150,21800.0,160.55,163.45,160.0,163.1,199750,15.159787,3494550,21800.0
2024-02-09 14:33:00 +0530,21776.35,21782.75,21775.5,21779.55,0.0,154.25,158.6,153.65,158.15,362150,13.445826,4785150,21800.0,162.85,163.35,158.05,158.6,247050,14.88283,3494550,21800.0
2024-02-09 14:34:00 +0530,21779.7,21781.35,21774.8,21778.0,0.0,157.2,158.6,153.35,154.8,358200,13.218782,4785150,21800.0,159.3,164.55,158.4,162.75,314550,15.188286,3494550,21800.0
2024-02-09 14:35:00 +0530,21777.0,21779.1,21761.4,21762.0,0.0,180.65,181.15,174.2,175.3,224500,13.457656,2083650,21750.0,141.15,145.7,140.65,144.4,208650,14.997592,2043750,21750.0
2024-02-09 14:36:00 +0530,21762.8,21765.7,21755.8,21765.7,0.0,174.85,177.55,172.0,176.0,158400,13.335774,2083650,21750.0,145.25,147.55,143.6,144.55,195050,15.16187,2043750,21750.0
2024-02-09 14:37:00 +0530,21765.3,21780.8,21765.3,21780.8,0.0,149.65,155.8,149.3,155.8,422700,13.180765,4810200,21800.0,168.5,168.5,160.25,160.25,271950,15.087199,3515900,21800.0
2024-02-09 14:38:00 +0530,21780.55,21782.2,21772.85,21774.05,0.0,182.15,184.5,180.6,180.7,211600,13.337727,2081350,21750.0,138.05,139.85,135.0,138.5,175400,14.950956,2053850,21750.0
2024-02-09 14:39:00 +0530,21775.05,21784.0,21774.55,21784.0,0.0,153.75,158.0,153.2,157.5,394750,13.184952,4861600,21800.0,161.15,162.2,156.0,156.5,249050,14.88977,3434500,21800.0
2024-02-09 14:40:00 +0530,21785.2,21785.2,21776.15,21777.55,0.0,157.95,157.95,153.95,154.25,373100,13.196098,4861600,21800.0,157.3,160.65,156.45,159.95,237450,14.922092,3434500,21800.0
2024-02-09 14:41:00 +0530,21777.1,21783.65,21776.05,21778.35,0.0,153.8,157.8,153.8,155.8,329000,13.298784,4953950,21800.0,160.35,160.35,156.55,158.4,165100,14.818494,3377300,21800.0
2024-02-09 14:42:00 +0530,21778.35,21779.35,21761.55,21763.6,0.0,182.9,183.4,174.0,174.0,160600,13.266547,2082850,21750.0,135.7,142.85,135.5,142.85,168000,14.92746,2091050,21750.0
2024-02-09 14:43:00 +0530,21763.8,21774.25,21762.95,21771.2,0.0,173.95,179.0,173.95,175.55,114450,13.021533,2082850,21750.0,142.65,144.4,138.95,143.6,138500,15.302356,2091050,21750.0
2024-02-09 14:44:00 +0530,21770.9,21773.95,21763.45,21765.25,0.0,175.7,177.15,173.8,175.0,80950,13.275761,2076650,21750.0,143.55,145.25,142.0,143.8,112300,15.081512,2073350,21750.0
2024-02-09 14:45:00 +0530,21765.5,21773.9,21758.4,21759.75,0.0,175.3,178.15,169.2,169.5,214950,13.055604,2076650,21750.0,144.55,149.7,142.05,149.1,209000,15.3369,2073350,21750.0
2024-02-09 14:46:00 +0530,21760.4,21781.6,21759.25,21778.55,0.0,144.95,153.9,144.95,152.25,419850,12.976017,4997800,21800.0,172.5,172.5,161.5,163.25,263200,15.265202,3460850,21800.0
2024-02-09 14:47:00 +0530,21777.55,21781.2,21770.75,21773.55,0.0,178.8,180.45,175.25,176.0,107100,12.945174,2070500,21750.0,141.0,143.9,139.8,143.4,91050,15.381144,2079000,21750.0
2024-02-09 14:48:00 +0530,21773.4,21779.6,21773.4,21776.75,0.0,150.95,153.5,149.45,149.45,179550,12.810519,4983550,21800.0,166.8,167.35,162.95,167.3,100900,15.551614,3404900,21800.0
2024-02-09 14:49:00 +0530,21776.9,21780.25,21772.15,21776.9,0.0,150.65,152.15,149.35,151.2,115900,12.961376,4983550,21800.0,166.8,168.0,164.75,165.7,85650,15.415422,3404900,21800.0
2024-02-09 14:50:00 +0530,21776.8,21778.15,21772.3,21775.3,0.0,151.0,152.8,149.15,152.2,187650,13.126055,5021150,21800.0,166.0,168.2,164.9,165.25,89100,15.306251,3391200,21800.0
2024-02-09 14:51:00 +0530,21775.4,21779.4,21761.4,21762.25,0.0,178.6,180.55,173.55,173.85,114300,13.329592,2085700,21750.0,141.95,146.65,140.1,146.15,131000,15.176918,2114250,21750.0
2024-02-09 14:52:00 +0530,21763.35,21771.15,21761.75,21767.6,0.0,174.95,179.4,174.95,176.15,87450,13.268603,2085700,21750.0,144.9,146.0,142.0,144.65,102250,15.25895,2114250,21750.0
2024-02-09 14:53:00 +0530,21767.95,21773.6,21766.6,21773.55,0.0,176.85,179.8,176.85,179.5,85600,13.269114,2071650,21750.0,144.1,144.15,141.05,141.4,72150,15.204257,2082400,21750.0
2024-02-09 14:54:00 +0530,21772.3,21781.1,21767.15,21773.1,0.0,179.7,182.2,175.45,178.25,141750,13.179668,2071650,21750.0,141.25,144.4,138.5,141.8,136350,15.223237,2082400,21750.0
2024-02-09 14:55:00 +0530,21773.3,21779.75,21773.25,21776.2,0.0,151.65,153.85,151.6,152.0,157750,13.071196,4970150,21800.0,165.0,165.35,162.45,164.3,68800,15.263718,3387850,21800.0
2024-02-09 14:56:00 +0530,21776.65,21776.8,21764.8,21772.3,0.0,179.0,179.75,174.0,176.75,125000,13.086478,2066150,21750.0,140.75,144.5,140.3,142.55,110850,15.26061,2096150,21750.0
2024-02-09 14:57:00 +0530,21771.05,21773.3,21766.85,21769.65,0.0,176.55,178.65,175.0,175.8,81800,13.13715,2066150,21750.0,143.05,144.0,141.6,143.75,55150,15.263658,2096150,21750.0
2024-02-09 14:58:00 +0530,21770.05,21771.5,21762.25,21770.7,0.0,176.3,177.55,173.6,176.1,97500,13.111575,2066150,21750.0,143.3,145.85,142.15,144.2,128100,15.347313,2096150,21750.0
2024-02-09 14:59:00 +0530,21769.45,21769.85,21754.8,21762.6,0.0,175.8,175.8,170.0,173.25,177950,13.265465,2046750,21750.0,144.3,148.6,144.3,145.95,204500,15.178733,2086300,21750.0
2024-02-09 15:00:00 +0530,21762.3,21803.15,21760.7,21760.9,0.0,171.75,186.95,166.05,166.05,715750,12.699911,2046750,21750.0,148.0,148.55,131.25,148.55,449700,15.344974,2086300,21750.0
2024-02-09 15:01:00 +0530,21757.45,21779.6,21755.2,21778.75,0.0,136.35,148.1,135.55,147.55,806300,12.559054,5020550,21800.0,176.5,177.2,166.65,166.65,602900,15.589325,3426300,21800.0
2024-02-09 15:02:00 +0530,21778.6,21783.25,21769.8,21770.7,0.0,173.4,177.0,170.35,172.65,177950,12.801901,2001250,21750.0,143.7,146.55,141.15,143.55,158150,15.29131,2001200,21750.0
2024-02-09 15:03:00 +0530,21771.3,21775.45,21764.6,21773.6,0.0,172.0,173.1,167.45,171.85,149500,12.580126,2001250,21750.0,145.25,148.1,142.1,142.85,165550,15.344791,2001200,21750.0
2024-02-09 15:04:00 +0530,21774.6,21782.35,21772.2,21781.1,0.0,144.5,149.85,143.95,147.0,275250,12.402476,4850150,21800.0,167.65,168.3,160.35,163.1,207650,15.374462,3283050,21800.0
2024-02-09 15:05:00 +0530,21780.8,21791.8,21779.85,21790.1,0.0,148.4,151.75,146.5,151.75,345750,12.403286,4882000,21800.0,162.55,164.7,159.0,159.3,190300,15.41873,3296400,21800.0
2024-02-09 15:06:00 +0530,21790.35,21790.35,21774.3,21782.0,0.0,148.45,150.75,146.1,150.45,370700,12.671777,4882000,21800.0,161.4,164.2,158.1,159.0,230450,15.046652,3296400,21800.0
2024-02-09 15:07:00 +0530,21783.1,21789.5,21780.35,21788.2,0.0,150.35,155.4,149.15,154.45,415750,12.73861,4882000,21800.0,159.65,160.9,153.0,154.75,292200,14.930825,3296400,21800.0
2024-02-09 15:08:00 +0530,21789.0,21795.2,21786.35,21790.8,0.0,153.85,157.5,153.15,155.95,450300,12.750118,4750300,21800.0,154.95,156.7,149.4,151.0,298650,14.704815,3326050,21800.0
2024-02-09 15:09:00 +0530,21790.8,21794.0,21788.2,21789.3,0.0,154.35,157.35,154.25,155.3,392400,12.76439,4750300,21800.0,152.4,153.0,149.65,151.55,256400,14.691414,3326050,21800.0
2024-02-09 15:10:00 +0530,21790.15,21800.35,21788.6,21799.35,0.0,155.85,162.0,154.95,162.0,720800,12.882733,4750300,21800.0,151.2,153.65,145.35,145.35,365550,14.556437,3326050,21800.0
2024-02-09 15:11:00 +0530,21799.25,21799.6,21784.45,21790.9,0.0,160.15,160.15,151.7,155.95,579800,12.74812,4539950,21800.0,148.0,154.95,148.0,151.45,317500,14.751497,3346600,21800.0
2024-02-09 15:12:00 +0530,21790.85,21796.4,21789.15,21790.25,0.0,156.4,157.55,152.65,153.15,239850,12.528393,4539950,21800.0,150.5,153.05,149.1,151.85,183850,14.760625,3346600,21800.0
2024-02-09 15:13:00 +0530,21789.75,21791.3,21783.65,21785.7,0.0,153.25,156.7,152.8,153.85,254150,12.809076,4539950,21800.0,152.15,153.6,149.9,152.5,185950,14.626297,3346600,21800.0
2024-02-09 15:14:00 +0530,21786.5,21788.1,21780.35,21782.8,0.0,153.75,154.65,149.05,149.65,367050,12.569655,4427500,21800.0,152.7,156.8,152.2,156.6,297000,14.87103,3332800,21800.0
2024-02-09 15:15:00 +0530,21783.95,21789.0,21779.6,21789.0,0.0,149.55,154.35,147.8,154.35,344300,12.69889,4427500,21800.0,157.25,158.0,152.0,152.25,383750,14.745619,3332800,21800.0
2024-02-09 15:16:00 +0530,21789.55,21790.2,21785.55,21786.65,0.0,153.6,153.95,151.0,151.05,256850,12.515095,4427500,21800.0,152.55,155.6,152.25,155.55,226750,14.942853,3332800,21800.0
2024-02-09 15:17:00 +0530,21787.65,21788.8,21785.3,21787.15,0.0,151.2,151.85,148.65,149.35,262650,12.339369,4318400,21800.0,155.85,157.25,155.0,157.05,209500,15.099633,3197950,21800.0
2024-02-09 15:18:00 +0530,21787.05,21789.75,21782.35,21784.25,0.0,149.35,151.55,148.0,148.6,199900,12.410512,4318400,21800.0,156.8,156.95,154.05,156.55,259500,14.931465,3197950,21800.0
2024-02-09 15:19:00 +0530,21785.45,21786.2,21777.1,21777.9,0.0,148.8,149.2,144.4,144.95,334950,12.381673,4318400,21800.0,156.4,159.65,156.05,159.65,229950,14.936818,3197950,21800.0
2024-02-09 15:20:00 +0530,21777.65,21784.4,21775.3,21775.4,0.0,144.95,147.35,143.9,145.8,360200,12.575115,4199950,21800.0,159.35,161.1,158.25,159.85,367850,14.846758,3011050,21800.0
2024-02-09 15:21:00 +0530,21776.8,21779.35,21776.1,21777.8,0.0,146.2,146.5,145.4,146.1,179450,12.491448,4199950,21800.0,160.0,160.05,158.7,158.7,199350,14.848525,3011050,21800.0
2024-02-09 15:22:00 +0530,21778.6,21780.9,21778.35,21779.5,0.0,146.15,148.35,144.0,148.35,240200,12.615127,4199950,21800.0,159.0,159.6,153.95,153.95,285050,14.496183,3011050,21800.0
2024-02-09 15:23:00 +0530,21780.15,21780.75,21772.5,21773.7,0.0,175.1,176.0,171.9,171.9,95750,12.598274,1554550,21750.0,131.35,134.0,131.25,133.95,88850,14.555056,1650750,21750.0
2024-02-09 15:24:00 +0530,21774.35,21782.1,21773.4,21780.85,0.0,145.05,146.35,144.4,145.0,182700,12.252651,4074750,21800.0,156.95,157.95,155.4,155.7,159450,14.713003,2852700,21800.0
2024-02-09 15:25:00 +0530,21781.35,21781.95,21775.05,21776.6,0.0,144.25,145.65,143.45,144.35,302500,12.393736,4074750,21800.0,155.8,157.8,155.8,156.0,230400,14.556574,2852700,21800.0
2024-02-09 15:26:00 +0530,21776.8,21780.95,21776.8,21780.55,0.0,144.3,147.45,144.2,147.45,268200,12.48874,3952550,21800.0,156.35,156.35,151.0,151.0,201750,14.279093,2736000,21800.0
2024-02-09 15:27:00 +0530,21780.6,21787.25,21780.55,21782.9,0.0,147.45,149.9,147.05,149.7,305250,12.581392,3952550,21800.0,150.25,150.95,147.0,148.45,262350,14.151677,2736000,21800.0
2024-02-09 15:28:00 +0530,21783.85,21784.35,21773.75,21774.4,0.0,176.75,177.0,174.55,175.95,91700,12.93589,1491150,21750.0,127.0,128.0,126.55,127.55,82100,14.004304,1602600,21750.0
2024-02-09 15:29:00 +0530,21775.2,21786.85,21775.1,21786.0,0.0,148.4,148.45,146.2,146.2,436950,12.121618,3784100,21800.0,149.85,151.0,148.0,148.0,245250,14.245158,2647750,21800.0
2024-02-09 15:30:00 +0530,21785.9,21785.9,21785.9,21785.9,0.0,145.7,145.7,145.7,145.7,1350,12.082285,3784100,21800.0,148.15,148.15,148.15,148.15,1050,14.255024,2647750,21800.0
