timestamp,spot_open,spot_high,spot_low,spot_close,spot_volume,ce_open,ce_high,ce_low,ce_close,ce_volume,ce_iv,ce_oi,ce_strike,pe_open,pe_high,pe_low,pe_close,pe_volume,pe_iv,pe_oi,pe_strike
2026-03-02 09:15:00 +0530,21079.85,21468.8,21075.45,21448.55,39652933.0,1053.85,1053.85,713.85,716.1,35800,21.978085,940,80200.0,483.1,717.8,448.9,717.8,96400,23.866205,41720,80200.0
2026-03-02 09:16:00 +0530,21448.85,21457.25,21431.2,21456.05,29917904.0,779.2,825.5,746.1,769.1,56320,23.383526,240,80100.0,682.65,688.85,613.05,643.75,188140,21.823632,79900,80100.0
2026-03-02 09:17:00 +0530,21455.25,21475.3,21452.8,21471.65,17415297.0,703.75,789.2,690.0,743.15,97320,21.955623,18720,80200.0,671.65,677.5,579.85,607.25,142940,21.142836,41720,80200.0
2026-03-02 09:18:00 +0530,21474.3,21493.15,21474.3,21489.6,14334512.0,746.15,786.95,675.55,675.55,63140,21.01311,88040,80200.0,601.5,643.55,582.45,625.05,144040,20.59689,215780,80200.0
2026-03-02 09:19:00 +0530,21492.35,21528.7,21492.35,21528.5,19287668.0,644.7,698.6,634.05,695.95,58360,21.723712,72060,80300.0,659.75,679.75,621.5,621.5,78880,20.381413,179300,80300.0
2026-03-02 09:20:00 +0530,21529.65,21596.4,21529.65,21591.25,15408259.0,630.5,717.9,627.75,695.65,101580,20.836053,59960,80400.0,658.25,663.5,584.05,608.3,91660,20.729554,97120,80400.0
2026-03-02 09:21:00 +0530,21593.35,21620.65,21579.6,21579.6,12216667.0,713.25,780.75,693.85,696.15,80760,21.04028,59960,80400.0,596.9,629.55,581.0,617.35,72440,20.851181,97120,80400.0
2026-03-02 09:22:00 +0530,21582.35,21590.15,21563.1,21578.25,11006385.0,697.8,726.65,664.05,709.5,52400,21.444444,59960,80400.0,614.6,639.0,594.3,615.0,99220,20.800677,97120,80400.0
2026-03-02 09:23:00 +0530,21578.0,21579.2,21545.95,21548.55,11399087.0,766.6,775.45,678.0,690.6,46620,21.200317,90780,80300.0,577.15,640.0,577.15,623.55,98700,20.795506,228540,80300.0
2026-03-02 09:24:00 +0530,21549.45,21586.45,21549.45,21586.45,9573743.0,695.25,739.0,690.6,712.3,34580,21.306981,102900,80300.0,615.05,626.6,590.9,598.65,70540,20.541768,275900,80300.0
2026-03-02 09:25:00 +0530,21587.5,21587.95,21549.05,21552.25,12287970.0,765.6,775.0,723.65,736.65,19020,21.744387,93380,80200.0,562.95,606.6,562.95,594.85,75340,20.779702,296620,80200.0
2026-03-02 09:26:00 +0530,21551.3,21559.5,21539.95,21553.7,8656015.0,669.2,694.9,648.3,684.9,32360,20.733378,102900,80300.0,639.6,645.55,587.7,587.7,74460,19.92314,275900,80300.0
2026-03-02 09:27:00 +0530,21554.8,21577.2,21554.75,21574.85,6942074.0,633.0,681.15,616.7,669.95,53480,20.502533,124240,80400.0,631.0,640.75,594.85,605.95,57960,20.233722,221800,80400.0
2026-03-02 09:28:00 +0530,21574.35,21594.35,21572.7,21594.35,6751557.0,671.9,712.55,668.85,712.55,49220,21.240024,124240,80400.0,606.05,607.45,581.3,582.1,46120,20.046097,221800,80400.0
2026-03-02 09:29:00 +0530,21594.35,21595.55,21563.75,21570.1,7201315.0,774.9,777.0,683.65,693.4,27840,20.366219,118280,80300.0,550.0,600.55,543.9,585.3,62600,20.432426,328260,80300.0
2026-03-02 09:30:00 +0530,21569.8,21608.5,21567.85,21599.05,11092171.0,631.2,706.05,629.4,705.95,42780,20.514762,184240,80400.0,622.55,628.25,578.05,579.9,56820,20.437715,241680,80400.0
2026-03-02 09:31:00 +0530,21599.1,21620.75,21598.7,21619.25,7613305.0,646.0,671.5,635.75,649.65,68360,20.050352,325440,80500.0,618.2,631.45,615.0,623.2,37000,20.567541,443840,80500.0
2026-03-02 09:32:00 +0530,21618.85,21624.15,21606.0,21617.35,7524690.0,649.7,661.2,621.6,654.25,55980,20.097944,343720,80500.0,625.35,643.05,592.7,594.45,79160,19.746588,465200,80500.0
2026-03-02 09:33:00 +0530,21618.55,21653.85,21617.6,21650.7,9022879.0,596.4,670.05,594.35,647.75,64440,19.93412,111900,80600.0,639.9,640.85,584.8,592.1,34480,19.586688,129720,80600.0
2026-03-02 09:34:00 +0530,21650.55,21658.8,21646.3,21650.15,7516343.0,651.35,686.2,647.75,681.85,59080,20.556139,111900,80600.0,587.5,605.8,577.75,577.8,33260,19.566391,129720,80600.0
2026-03-02 09:35:00 +0530,21649.7,21652.35,21623.5,21636.7,5039911.0,691.8,693.45,647.55,679.6,64340,20.506446,111900,80600.0,577.8,606.35,577.8,594.85,40500,20.094288,129720,80600.0
2026-03-02 09:36:00 +0530,21635.0,21639.8,21628.15,21629.55,4542666.0,730.25,752.0,688.6,697.05,65980,20.486684,356120,80500.0,562.0,586.15,549.7,583.3,73960,20.296565,515460,80500.0
2026-03-02 09:37:00 +0530,21628.75,21642.6,21628.45,21639.45,5120781.0,694.2,715.15,646.35,671.45,73300,20.940809,356120,80500.0,578.15,627.15,576.9,605.3,113400,19.835407,515460,80500.0
2026-03-02 09:38:00 +0530,21640.5,21668.6,21640.5,21651.85,5147619.0,670.7,715.1,651.2,692.75,55380,21.151656,356120,80500.0,611.95,622.9,578.6,590.4,84880,19.804919,515460,80500.0
2026-03-02 09:39:00 +0530,21652.5,21652.7,21643.25,21645.5,4206913.0,697.45,716.05,686.4,697.05,46400,20.696777,356120,80500.0,588.6,600.0,575.3,586.25,50940,20.215653,515460,80500.0
2026-03-02 09:40:00 +0530,21646.05,21665.3,21637.9,21637.9,3823072.0,702.9,750.1,691.6,691.6,77180,20.845603,383660,80500.0,585.15,586.25,542.85,586.0,73580,19.919637,542980,80500.0
2026-03-02 09:41:00 +0530,21637.0,21665.0,21635.3,21654.75,5238538.0,693.3,740.0,672.05,710.9,51500,20.730088,383660,80500.0,585.5,606.65,555.05,572.6,72500,20.148817,542980,80500.0
2026-03-02 09:42:00 +0530,21655.5,21655.5,21641.0,21650.2,3002609.0,647.25,673.05,643.15,665.25,24800,20.431585,145120,80600.0,613.85,625.25,601.3,606.2,17760,20.128919,160560,80600.0
2026-03-02 09:43:00 +0530,21651.05,21669.7,21651.05,21666.0,5354991.0,662.4,679.85,650.85,655.0,24060,20.247567,153700,80600.0,606.2,620.5,602.25,618.85,28840,20.40201,167420,80600.0
2026-03-02 09:44:00 +0530,21666.45,21680.5,21665.2,21673.2,5935301.0,656.05,669.5,648.75,653.8,21380,20.348681,153700,80600.0,616.4,622.75,608.0,620.0,15200,20.310398,167420,80600.0
2026-03-02 09:45:00 +0530,21672.75,21677.65,21665.65,21665.65,5403485.0,657.45,675.0,648.0,651.15,28900,20.022212,160420,80600.0,615.05,626.95,601.7,617.75,25800,20.471179,176020,80600.0
2026-03-02 09:46:00 +0530,21665.8,21677.45,21660.6,21674.8,4227024.0,650.55,679.0,640.05,672.0,24300,20.127383,160420,80600.0,617.95,631.9,597.85,600.05,31760,20.427238,176020,80600.0
2026-03-02 09:47:00 +0530,21674.75,21690.6,21674.05,21689.9,4497390.0,673.45,685.1,662.15,681.3,26360,20.498101,160420,80600.0,596.2,610.95,585.0,595.0,25560,20.20291,176020,80600.0
2026-03-02 09:48:00 +0530,21689.6,21712.0,21689.6,21699.7,4680058.0,683.05,698.7,653.4,653.9,46120,20.17925,161020,80600.0,598.0,608.35,577.75,607.4,42120,20.087231,191360,80600.0
2026-03-02 09:49:00 +0530,21698.05,21698.05,21679.05,21679.05,3959363.0,708.0,714.8,666.0,666.0,55900,19.50248,401280,80500.0,574.3,589.95,567.7,589.4,70940,20.532381,605180,80500.0
2026-03-02 09:50:00 +0530,21679.45,21679.75,21664.2,21672.3,3934154.0,666.15,671.5,638.3,659.0,121520,19.775861,401280,80500.0,591.95,627.3,589.4,599.75,178600,20.422432,605180,80500.0
2026-03-02 09:51:00 +0530,21670.95,21676.95,21657.3,21676.5,3686537.0,653.1,667.45,618.55,665.05,59520,20.468357,449720,80500.0,607.05,632.35,597.2,601.9,98240,20.035027,627980,80500.0
2026-03-02 09:52:00 +0530,21676.65,21678.9,21658.65,21658.9,2295344.0,722.4,722.4,671.75,672.25,21140,19.817246,151200,80400.0,562.3,601.55,558.95,601.55,47280,20.879584,317180,80400.0
2026-03-02 09:53:00 +0530,21657.2,21661.7,21651.1,21660.0,3683558.0,727.6,738.8,704.0,706.15,10700,20.715693,119160,80300.0,562.65,591.45,560.0,590.2,62380,20.73494,379800,80300.0
2026-03-02 09:54:00 +0530,21660.05,21666.5,21655.6,21656.2,3555343.0,700.45,719.95,675.7,684.35,21160,20.463572,121360,80300.0,592.9,606.8,573.95,602.75,87980,20.743752,359780,80300.0
2026-03-02 09:55:00 +0530,21657.05,21660.9,21655.25,21659.4,2058887.0,679.35,707.2,679.35,705.0,18860,21.093666,121360,80300.0,599.65,602.75,577.35,580.0,70800,20.046727,359780,80300.0
2026-03-02 09:56:00 +0530,21660.3,21669.75,21659.95,21668.6,2373820.0,705.9,716.05,696.2,716.05,17740,21.005194,131740,80300.0,578.1,586.15,567.3,567.3,57240,20.03548,376920,80300.0
2026-03-02 09:57:00 +0530,21669.65,21685.8,21669.6,21685.8,3734061.0,652.35,712.7,651.2,711.25,37580,20.923803,164440,80400.0,604.85,604.85,563.1,563.15,64660,19.794471,303380,80400.0
2026-03-02 09:58:00 +0530,21686.3,21696.2,21683.5,21684.55,3612560.0,660.45,670.0,628.85,637.05,80240,19.934181,485340,80500.0,595.05,617.7,587.0,609.3,58920,19.956656,615580,80500.0
2026-03-02 09:59:00 +0530,21684.65,21691.6,21679.2,21691.6,2811891.0,639.9,675.85,635.35,675.85,39000,20.454098,481260,80500.0,607.0,614.4,577.8,578.4,51920,19.646882,620520,80500.0
2026-03-02 10:00:00 +0530,21691.6,21702.65,21681.5,21683.55,3903104.0,673.85,688.45,644.0,657.3,56680,20.018946,481260,80500.0,579.5,606.65,567.1,597.4,71160,20.113181,620520,80500.0
2026-03-02 10:01:00 +0530,21683.8,21687.65,21679.7,21679.7,2217168.0,658.45,664.85,635.6,639.45,39560,19.944042,481260,80500.0,597.8,612.95,591.6,608.45,50800,20.00509,620520,80500.0
2026-03-02 10:02:00 +0530,21679.65,21680.85,21670.0,21670.0,2336209.0,699.0,703.45,660.4,660.4,16100,19.65167,159600,80400.0,569.0,597.5,566.2,597.35,59680,20.591657,329600,80400.0
2026-03-02 10:03:00 +0530,21669.35,21677.55,21667.3,21670.35,2070404.0,663.85,684.9,653.75,656.75,19180,19.883241,159600,80400.0,600.0,600.5,572.8,598.55,57220,20.31813,329600,80400.0
2026-03-02 10:04:00 +0530,21670.2,21670.35,21659.45,21660.0,2697710.0,658.95,663.25,634.15,647.2,22500,20.253684,164780,80400.0,600.25,620.0,590.5,605.0,46440,19.896521,327500,80400.0
2026-03-02 10:05:00 +0530,21660.2,21663.95,21657.0,21657.2,2679299.0,645.55,654.95,642.6,643.25,19380,19.927,164780,80400.0,606.5,616.9,599.0,609.0,30760,20.218331,327500,80400.0
2026-03-02 10:06:00 +0530,21656.25,21656.85,21648.4,21649.7,6036643.0,644.8,644.95,633.55,640.3,13840,20.020958,164780,80400.0,611.4,621.3,606.6,612.0,35180,20.139825,327500,80400.0
2026-03-02 10:07:00 +0530,21650.25,21657.3,21645.15,21645.9,2976683.0,703.35,714.25,672.65,676.7,12340,20.049126,135900,80300.0,567.8,590.45,557.35,581.2,46440,20.251987,399200,80300.0
2026-03-02 10:08:00 +0530,21645.7,21646.3,21626.6,21626.75,5743741.0,674.85,676.7,650.6,653.4,19780,19.859129,135900,80300.0,580.45,604.6,580.45,597.05,70200,20.260645,399200,80300.0
2026-03-02 10:09:00 +0530,21626.45,21628.9,21624.0,21627.6,3409092.0,650.3,667.85,649.2,662.35,20600,19.800554,135900,80300.0,598.25,599.7,581.15,583.0,40920,20.127213,399200,80300.0
2026-03-02 10:10:00 +0530,21628.45,21631.9,21623.5,21623.95,2527060.0,665.6,679.95,635.1,637.15,23240,19.990279,150020,80300.0,582.5,604.7,569.5,603.25,72080,19.855929,401960,80300.0
2026-03-02 10:11:00 +0530,21624.05,21630.7,21621.8,21625.45,2401890.0,635.8,654.95,629.95,635.9,17580,19.481349,150020,80300.0,608.15,608.3,583.0,596.55,45000,20.085596,401960,80300.0
2026-03-02 10:12:00 +0530,21625.45,21627.45,21615.15,21615.7,2560869.0,696.45,701.0,685.75,690.2,7280,20.178127,129480,80200.0,553.45,565.0,550.9,558.9,32600,19.868283,376100,80200.0
2026-03-02 10:13:00 +0530,21615.05,21628.55,21615.05,21627.25,2441413.0,629.25,645.0,629.25,639.85,21040,19.620473,160820,80300.0,600.15,601.7,580.0,586.1,45000,19.746001,408800,80300.0
2026-03-02 10:14:00 +0530,21626.9,21632.5,21620.4,21632.35,2678822.0,637.85,643.15,624.3,642.25,37620,19.359997,160820,80300.0,584.95,596.4,568.2,568.2,52260,19.48382,408800,80300.0
2026-03-02 10:15:00 +0530,21633.0,21637.95,21632.5,21633.65,2841637.0,641.5,649.0,623.55,629.0,26720,18.82194,182240,80300.0,567.05,584.4,556.75,581.0,66960,20.000364,432900,80300.0
2026-03-02 10:16:00 +0530,21633.9,21634.95,21618.0,21618.0,3319828.0,691.7,692.55,659.25,659.25,15240,19.177026,137960,80200.0,537.05,562.25,536.0,562.25,40560,19.993368,392620,80200.0
2026-03-02 10:17:00 +0530,21617.9,21617.9,21609.9,21613.6,2121508.0,597.0,620.3,590.45,620.3,26880,18.996766,182240,80300.0,600.7,610.65,577.9,577.9,60320,19.492607,432900,80300.0
2026-03-02 10:18:00 +0530,21613.4,21628.05,21613.1,21628.0,2904826.0,617.95,634.0,616.65,630.7,18840,19.072915,185980,80300.0,580.2,587.15,571.2,574.25,32460,19.616441,442700,80300.0
2026-03-02 10:19:00 +0530,21627.55,21636.0,21624.75,21624.75,3228582.0,627.95,656.65,622.95,622.95,24760,18.674045,185980,80300.0,577.05,579.5,548.8,579.4,55320,19.921427,442700,80300.0
2026-03-02 10:20:00 +0530,21624.8,21624.8,21610.15,21610.25,1866445.0,623.7,624.3,594.1,596.15,28960,18.722598,185980,80300.0,581.95,603.0,579.4,600.0,51100,19.741597,442700,80300.0
2026-03-02 10:21:00 +0530,21610.4,21621.15,21610.4,21620.6,2470243.0,595.5,619.45,595.5,607.2,15940,18.613551,191680,80300.0,600.7,602.0,576.2,590.7,28160,19.883868,450120,80300.0
2026-03-02 10:22:00 +0530,21619.75,21632.35,21618.6,21632.0,2038146.0,606.65,616.9,595.0,614.7,21020,18.80176,191680,80300.0,587.85,599.3,577.0,578.45,40080,19.54262,450120,80300.0
2026-03-02 10:23:00 +0530,21632.4,21638.2,21632.4,21634.95,2824162.0,613.85,623.0,600.2,602.9,19500,18.775818,196860,80300.0,575.65,593.0,569.7,593.0,28780,19.68368,457340,80300.0
2026-03-02 10:24:00 +0530,21634.85,21637.85,21629.6,21637.75,2024358.0,600.05,610.35,596.85,600.0,17600,18.79478,196860,80300.0,590.45,594.05,577.0,585.0,24700,19.323399,457340,80300.0
2026-03-02 10:25:00 +0530,21638.05,21638.75,21634.25,21636.7,1715131.0,600.5,611.0,593.35,603.2,16800,18.946201,196860,80300.0,584.05,592.0,581.85,589.15,26340,19.414507,457340,80300.0
2026-03-02 10:26:00 +0530,21636.7,21637.65,21632.95,21635.9,1953239.0,600.9,612.35,600.9,609.7,11660,18.880137,205360,80300.0,590.8,590.8,579.55,580.35,20400,19.395727,457340,80300.0
2026-03-02 10:27:00 +0530,21636.05,21642.9,21624.65,21624.65,3282159.0,675.0,680.3,658.8,658.95,11640,19.293555,150120,80200.0,538.95,549.1,533.95,547.45,28540,19.446214,410520,80200.0
2026-03-02 10:28:00 +0530,21624.45,21624.7,21615.55,21616.85,2701474.0,660.4,666.55,656.45,658.0,4380,19.370584,150120,80200.0,547.35,552.0,543.6,552.0,25540,19.502698,410520,80200.0
2026-03-02 10:29:00 +0530,21616.65,21616.65,21611.8,21612.6,2129537.0,599.45,605.8,585.85,592.9,17460,18.621394,209440,80300.0,591.55,600.0,586.9,593.85,28480,19.574437,457340,80300.0
2026-03-02 10:30:00 +0530,21612.2,21612.8,21605.35,21611.05,2162909.0,652.25,665.2,640.25,654.9,12760,19.331802,150120,80200.0,552.4,559.9,543.6,552.9,42940,19.485229,410520,80200.0
2026-03-02 10:31:00 +0530,21610.85,21631.85,21610.75,21631.85,2128739.0,595.1,634.7,595.1,626.6,39280,18.879913,212580,80300.0,591.85,594.1,561.1,567.7,58980,19.509062,463340,80300.0
2026-03-02 10:32:00 +0530,21631.35,21632.2,21621.4,21621.8,2363931.0,629.0,635.6,610.7,616.05,21760,18.806933,212580,80300.0,570.9,584.0,563.9,580.1,32480,19.668376,463340,80300.0
2026-03-02 10:33:00 +0530,21621.55,21638.45,21620.25,21638.35,2507658.0,611.15,637.15,609.7,633.75,19680,19.097665,212580,80300.0,585.75,585.75,565.65,566.2,25480,19.479654,463340,80300.0
2026-03-02 10:34:00 +0530,21638.25,21646.45,21635.15,21637.6,2078389.0,634.05,648.05,615.0,620.0,26320,18.875223,220200,80300.0,565.4,581.0,555.8,580.0,39480,19.726899,479980,80300.0
2026-03-02 10:35:00 +0530,21637.7,21647.05,21636.65,21637.05,2084656.0,617.95,628.5,591.8,597.95,25560,18.633807,220200,80300.0,578.0,596.85,569.45,590.1,33720,19.619034,479980,80300.0
2026-03-02 10:36:00 +0530,21637.25,21637.3,21629.8,21631.8,2971630.0,656.6,667.0,629.6,634.35,22620,18.78006,160220,80200.0,550.75,568.3,544.35,561.0,54220,19.669942,429420,80200.0
2026-03-02 10:37:00 +0530,21632.3,21638.8,21628.5,21637.8,2007514.0,637.15,661.25,615.8,648.85,32820,18.873401,167320,80200.0,560.55,574.4,532.65,547.95,73440,19.579993,410420,80200.0
2026-03-02 10:38:00 +0530,21637.9,21640.5,21626.45,21626.5,1766664.0,650.1,665.9,643.7,643.7,14180,19.084704,167320,80200.0,543.7,550.85,532.2,548.4,31420,19.267901,410420,80200.0
2026-03-02 10:39:00 +0530,21626.3,21627.0,21623.1,21625.1,1859178.0,644.0,644.1,634.1,634.55,8860,18.935506,171800,80200.0,547.5,558.95,547.5,554.9,32000,19.351481,417620,80200.0
2026-03-02 10:40:00 +0530,21624.5,21624.7,21617.75,21619.85,2280960.0,635.8,636.05,616.1,623.5,16320,18.816092,171800,80200.0,554.3,571.75,554.3,562.15,51640,19.37583,417620,80200.0
2026-03-02 10:41:00 +0530,21620.4,21621.6,21618.55,21619.0,1381324.0,625.65,634.25,623.5,626.15,12240,18.751835,171800,80200.0,558.45,562.15,552.75,555.65,25140,19.304515,417620,80200.0
2026-03-02 10:42:00 +0530,21618.6,21618.85,21609.35,21609.35,2069231.0,628.75,642.0,621.8,623.65,18340,18.652549,171800,80200.0,556.85,562.0,545.05,558.25,31420,19.408757,417620,80200.0
2026-03-02 10:43:00 +0530,21609.45,21609.45,21595.9,21595.9,1709605.0,623.2,623.65,581.2,581.2,28920,18.342389,171800,80200.0,557.85,607.45,557.85,607.45,79380,20.018595,417620,80200.0
2026-03-02 10:44:00 +0530,21595.8,21595.8,21584.55,21585.7,3511385.0,637.4,645.7,622.3,623.3,28240,18.744983,55940,80100.0,566.8,579.95,555.55,579.55,94900,20.057309,300600,80100.0
2026-03-02 10:45:00 +0530,21585.1,21594.4,21584.05,21587.85,2119338.0,624.1,645.75,621.5,635.55,33620,19.095895,85980,80100.0,577.9,580.0,547.7,560.35,72680,19.480665,300160,80100.0
2026-03-02 10:46:00 +0530,21587.55,21592.6,21584.9,21590.8,2147540.0,631.85,656.0,628.2,645.0,16500,18.753607,85980,80100.0,562.2,565.1,530.6,544.8,65520,19.550955,300160,80100.0
2026-03-02 10:47:00 +0530,21590.2,21590.65,21583.7,21586.7,2547997.0,588.45,594.65,575.35,594.65,19140,18.762114,171800,80200.0,586.45,598.8,578.15,578.15,38620,19.101578,417620,80200.0
2026-03-02 10:48:00 +0530,21586.8,21587.4,21576.0,21577.4,2953552.0,595.4,596.7,580.5,586.75,13060,18.518994,181860,80200.0,578.8,596.65,575.85,589.2,34740,19.4507,402240,80200.0
2026-03-02 10:49:00 +0530,21577.0,21577.0,21566.75,21567.4,3802777.0,643.7,645.1,628.9,629.95,10340,18.537931,92460,80100.0,546.9,559.3,545.7,558.9,33200,19.782339,305180,80100.0
2026-03-02 10:50:00 +0530,21567.05,21571.65,21567.05,21569.25,2578967.0,576.0,587.1,574.6,584.1,15900,18.370216,193460,80200.0,600.1,601.5,584.0,584.15,37940,19.35543,408520,80200.0
2026-03-02 10:51:00 +0530,21570.15,21572.9,21566.4,21568.05,1763576.0,581.65,585.75,573.65,580.55,14920,18.29813,193460,80200.0,585.55,592.5,581.0,585.9,25780,19.375018,408520,80200.0
2026-03-02 10:52:00 +0530,21567.9,21572.75,21567.25,21570.5,3679357.0,580.15,588.85,575.95,581.0,16900,18.252082,193460,80200.0,586.0,587.3,573.0,581.7,33700,19.300829,408520,80200.0
2026-03-02 10:53:00 +0530,21570.55,21571.75,21559.55,21559.55,2366815.0,581.75,586.45,578.55,584.0,4960,18.349482,193460,80200.0,581.15,584.95,578.55,581.85,20860,19.308968,408520,80200.0
2026-03-02 10:54:00 +0530,21560.4,21560.4,21554.15,21555.15,3541795.0,584.15,591.7,577.0,585.4,9380,18.345287,193460,80200.0,581.65,590.45,574.75,579.45,19100,19.282105,408520,80200.0
2026-03-02 10:55:00 +0530,21555.1,21570.0,21553.6,21569.6,2483695.0,588.0,607.0,581.75,607.0,20160,18.633294,193460,80200.0,579.45,585.5,558.9,558.9,44180,19.005464,408520,80200.0
2026-03-02 10:56:00 +0530,21570.25,21580.1,21570.05,21574.35,2350029.0,607.8,621.7,607.0,608.65,30560,18.386364,201080,80200.0,559.9,565.9,552.0,562.35,38060,19.395333,419000,80200.0
2026-03-02 10:57:00 +0530,21574.55,21579.05,21570.05,21578.85,1325388.0,612.3,622.05,608.65,616.95,18340,18.487222,201080,80200.0,562.95,565.3,549.55,553.9,39080,19.276659,419000,80200.0
2026-03-02 10:58:00 +0530,21579.0,21608.0,21579.0,21603.65,2298684.0,620.85,651.8,611.85,642.9,31760,18.828967,195900,80200.0,552.45,562.0,530.5,540.4,49140,19.283127,436320,80200.0
2026-03-02 10:59:00 +0530,21603.9,21603.9,21596.4,21603.05,2260147.0,643.95,649.2,636.6,646.4,24560,19.044862,195900,80200.0,540.25,550.0,537.55,542.3,24500,19.258982,436320,80200.0
2026-03-02 11:00:00 +0530,21603.2,21611.75,21599.7,21599.8,1538745.0,646.05,654.9,621.65,624.2,27220,18.498375,195900,80200.0,540.7,557.85,535.9,556.1,32660,19.55776,436320,80200.0
2026-03-02 11:01:00 +0530,21599.6,21600.5,21593.85,21597.3,1505938.0,623.9,649.5,623.9,644.65,18760,18.8891,195900,80200.0,556.15,556.15,541.0,542.2,21760,19.349369,436320,80200.0
2026-03-02 11:02:00 +0530,21597.45,21605.6,21595.45,21597.6,1695082.0,584.7,610.55,584.7,592.35,29400,18.562666,244960,80300.0,587.2,588.4,567.2,577.0,34880,19.193816,407980,80300.0
2026-03-02 11:03:00 +0530,21597.5,21605.6,21595.7,21605.35,1986914.0,592.45,608.0,590.85,594.85,26760,18.566538,244960,80300.0,579.0,579.0,562.8,569.4,24020,19.024745,407980,80300.0
2026-03-02 11:04:00 +0530,21605.95,21608.8,21594.2,21594.75,2008817.0,653.55,658.75,626.7,627.0,20920,18.75811,202080,80200.0,527.6,546.0,524.7,542.85,37940,18.993043,476740,80200.0
2026-03-02 11:05:00 +0530,21594.15,21594.4,21581.9,21590.25,3266481.0,624.9,631.1,600.65,631.1,23380,18.715516,202080,80200.0,544.95,562.05,537.35,537.35,62340,18.97406,476740,80200.0
2026-03-02 11:06:00 +0530,21590.6,21598.2,21590.6,21595.5,1310240.0,633.75,648.05,630.9,631.6,19240,18.465889,202080,80200.0,538.8,543.2,528.9,538.2,28220,19.237661,476740,80200.0
2026-03-02 11:07:00 +0530,21595.85,21597.05,21586.95,21587.15,1485263.0,638.7,644.35,626.85,628.5,11860,18.329475,202080,80200.0,536.95,548.15,531.65,545.45,18240,19.507441,476740,80200.0
2026-03-02 11:08:00 +0530,21586.8,21592.55,21585.85,21590.55,1538570.0,624.4,633.75,617.75,622.4,13440,18.44887,202080,80200.0,547.05,552.45,540.9,548.65,25820,19.337591,476740,80200.0
2026-03-02 11:09:00 +0530,21590.65,21593.6,21588.3,21591.9,1439567.0,619.75,633.7,619.75,626.4,8820,18.409724,202080,80200.0,547.65,549.4,537.25,537.4,14840,19.124571,476740,80200.0
2026-03-02 11:10:00 +0530,21591.35,21591.6,21582.9,21583.4,3051318.0,627.95,627.95,605.5,609.45,14900,18.292449,202080,80200.0,539.15,548.95,536.15,546.05,36240,19.026264,476740,80200.0
2026-03-02 11:11:00 +0530,21583.4,21584.1,21579.55,21581.1,1616861.0,607.5,609.65,594.2,606.75,17700,18.295709,202080,80200.0,545.0,553.55,543.35,544.45,25180,18.896426,476740,80200.0
2026-03-02 11:12:00 +0530,21580.85,21581.25,21578.2,21579.55,1285695.0,602.95,611.4,591.7,597.0,14580,18.116304,203120,80200.0,543.0,555.05,539.7,547.45,29900,18.873619,509340,80200.0
2026-03-02 11:13:00 +0530,21579.35,21585.7,21578.25,21585.7,1134270.0,597.95,605.05,595.9,600.3,7280,18.090843,203120,80200.0,547.65,552.0,543.8,546.4,14320,18.963005,509340,80200.0
2026-03-02 11:14:00 +0530,21585.75,21587.4,21584.65,21586.95,1213531.0,598.95,600.3,585.35,592.5,24140,18.148482,203120,80200.0,549.0,569.85,546.4,556.85,67200,19.022697,509340,80200.0
2026-03-02 11:15:00 +0530,21587.4,21590.15,21584.4,21586.2,1542563.0,590.05,601.95,582.6,590.55,14660,18.351415,214980,80200.0,559.5,568.3,550.15,557.5,37580,18.800555,500000,80200.0
2026-03-02 11:16:00 +0530,21586.4,21587.7,21579.55,21580.35,1375015.0,587.9,596.35,580.0,580.0,14980,18.168042,214980,80200.0,562.8,566.3,554.6,564.7,26060,18.888472,500000,80200.0
2026-03-02 11:17:00 +0530,21580.5,21580.85,21571.95,21573.75,2121610.0,638.0,639.15,627.15,632.0,11380,18.399446,96940,80100.0,521.5,531.55,520.65,525.55,37640,18.978171,368900,80100.0
2026-03-02 11:18:00 +0530,21574.55,21577.5,21573.1,21573.2,1312458.0,574.7,586.65,574.65,576.25,16580,17.974663,225120,80200.0,570.7,570.7,559.1,569.45,33840,19.117489,492760,80200.0
2026-03-02 11:19:00 +0530,21572.65,21573.95,21569.05,21569.05,1518228.0,574.9,581.85,564.65,564.65,17620,17.866296,225120,80200.0,571.15,578.85,565.2,578.85,40480,19.171862,492760,80200.0
2026-03-02 11:20:00 +0530,21569.6,21569.75,21560.95,21563.75,1828444.0,621.2,624.1,607.2,617.6,14440,18.491495,104780,80100.0,536.2,554.5,535.35,543.65,73640,19.087228,367400,80100.0
2026-03-02 11:21:00 +0530,21564.1,21566.6,21562.45,21566.1,1248881.0,615.75,625.7,612.25,624.55,8940,18.426608,104780,80100.0,544.35,551.45,534.9,534.9,31200,19.062982,367400,80100.0
2026-03-02 11:22:00 +0530,21565.95,21575.25,21565.95,21574.15,1744603.0,624.65,629.0,619.45,620.95,13860,18.261211,104780,80100.0,534.6,540.4,531.1,540.0,19620,19.274544,367400,80100.0
2026-03-02 11:23:00 +0530,21573.65,21573.65,21559.35,21562.05,1675302.0,618.0,620.95,606.35,612.5,26120,18.5569,116160,80100.0,540.4,552.7,540.0,547.2,36600,19.006169,362920,80100.0
2026-03-02 11:24:00 +0530,21562.45,21568.85,21561.15,21568.0,1049016.0,610.95,620.6,609.7,611.85,7640,18.328133,116160,80100.0,548.9,549.25,537.9,547.7,24180,19.212379,362920,80100.0
2026-03-02 11:25:00 +0530,21568.1,21569.0,21563.05,21564.5,1998200.0,612.2,620.35,609.65,616.55,6620,18.437102,122480,80100.0,547.65,550.75,539.0,543.0,24340,19.102232,367260,80100.0
2026-03-02 11:26:00 +0530,21565.15,21565.15,21556.5,21556.5,1445674.0,616.7,616.7,602.15,609.1,17840,18.943258,122480,80100.0,544.25,568.0,543.0,560.65,86140,18.997921,367260,80100.0
2026-03-02 11:27:00 +0530,21556.8,21556.8,21542.95,21543.3,1926289.0,606.55,609.1,592.0,593.25,21060,18.660739,122480,80100.0,563.0,575.5,560.5,572.25,67520,19.160085,367260,80100.0
2026-03-02 11:28:00 +0530,21543.0,21543.2,21534.65,21536.95,2249259.0,593.75,593.75,577.5,586.5,36420,18.260433,136740,80100.0,573.15,589.6,566.6,573.8,88120,19.384642,335960,80100.0
2026-03-02 11:29:00 +0530,21537.7,21537.7,21527.35,21529.2,2804589.0,646.0,646.0,630.0,635.9,32140,18.927325,229520,80000.0,531.8,543.3,531.8,535.5,76940,19.040515,840700,80000.0
2026-03-02 11:30:00 +0530,21528.7,21528.7,21514.45,21514.6,2992001.0,634.4,636.1,625.1,634.05,35600,18.783661,229520,80000.0,534.5,545.0,530.2,534.35,74860,19.079859,840700,80000.0
2026-03-02 11:31:00 +0530,21514.45,21518.8,21512.2,21515.8,3951288.0,575.4,590.85,571.8,579.9,20220,18.203803,158800,80100.0,574.45,582.6,561.65,575.85,48080,19.314063,329860,80100.0
2026-03-02 11:32:00 +0530,21516.5,21522.85,21516.1,21518.7,3095148.0,578.0,591.6,575.4,579.75,17800,18.21909,158800,80100.0,575.45,579.2,561.7,574.75,32180,19.263002,329860,80100.0
2026-03-02 11:33:00 +0530,21518.55,21520.1,21514.55,21515.85,1153418.0,579.0,585.65,572.0,580.7,12780,18.276445,164960,80100.0,574.65,582.6,570.55,578.35,37080,19.358615,331980,80100.0
2026-03-02 11:34:00 +0530,21516.0,21517.0,21512.1,21514.7,2102018.0,583.8,590.9,580.6,588.9,10200,18.292982,164960,80100.0,576.15,578.35,565.6,567.75,15340,19.252797,331980,80100.0
2026-03-02 11:35:00 +0530,21514.75,21515.8,21511.5,21511.85,2530357.0,589.5,601.35,588.9,591.15,17220,18.108381,164960,80100.0,568.8,568.95,551.4,563.65,41600,19.361413,331980,80100.0
2026-03-02 11:36:00 +0530,21511.8,21514.75,21509.9,21509.9,1337159.0,592.4,599.25,590.0,590.05,11440,18.082191,165760,80100.0,562.0,563.65,550.55,562.9,20160,19.331919,331660,80100.0
2026-03-02 11:37:00 +0530,21509.6,21510.1,21506.15,21507.15,3491168.0,588.0,591.5,580.3,584.5,13740,18.2481,165760,80100.0,563.55,570.1,557.7,566.45,27260,19.12992,331660,80100.0
2026-03-02 11:38:00 +0530,21506.85,21509.1,21503.5,21509.0,1719664.0,587.0,605.8,584.5,605.8,19500,18.530054,165760,80100.0,564.25,568.4,546.25,546.25,22820,18.856661,331660,80100.0
2026-03-02 11:39:00 +0530,21509.55,21520.85,21509.55,21520.1,2640247.0,605.75,606.3,597.15,605.3,13080,17.991507,171640,80100.0,544.5,552.7,543.0,545.3,24460,19.297942,340920,80100.0
2026-03-02 11:40:00 +0530,21520.45,21522.7,21516.35,21517.95,1635362.0,605.4,607.0,581.65,586.7,17820,18.257931,171640,80100.0,545.35,563.35,538.45,559.95,50520,18.987377,340920,80100.0
2026-03-02 11:41:00 +0530,21517.4,21518.05,21511.55,21512.25,1753967.0,585.3,604.0,585.3,594.1,17780,18.153244,171640,80100.0,561.6,561.6,542.6,552.75,27260,19.075565,340920,80100.0
2026-03-02 11:42:00 +0530,21512.15,21520.15,21509.55,21520.15,1649844.0,597.25,598.15,589.85,596.05,7860,18.156427,175200,80100.0,550.0,555.2,544.0,546.5,17140,18.930691,353840,80100.0
2026-03-02 11:43:00 +0530,21520.9,21524.9,21520.85,21523.0,1368731.0,597.4,600.55,588.05,594.65,8560,18.414199,175200,80100.0,545.55,553.0,542.7,548.9,15540,18.734159,353840,80100.0
2026-03-02 11:44:00 +0530,21523.3,21527.6,21522.85,21525.8,1065739.0,593.85,595.6,589.25,593.9,7620,18.12974,178940,80100.0,548.2,551.4,543.5,543.5,7940,18.800917,366080,80100.0
2026-03-02 11:45:00 +0530,21525.65,21526.95,21522.85,21526.9,1270336.0,595.05,603.6,581.6,600.0,14480,18.063635,178940,80100.0,544.35,553.25,532.85,535.45,35220,18.781309,366080,80100.0
2026-03-02 11:46:00 +0530,21527.45,21535.2,21526.15,21532.65,2352322.0,599.8,622.85,599.8,612.4,33060,17.911937,178940,80100.0,535.75,536.2,515.8,520.8,48300,18.795629,366080,80100.0
2026-03-02 11:47:00 +0530,21532.85,21534.05,21530.3,21531.05,1524161.0,614.15,621.25,605.1,606.05,20880,17.633505,182920,80100.0,520.4,527.4,510.55,527.4,26600,19.07567,376220,80100.0
2026-03-02 11:48:00 +0530,21531.25,21531.25,21517.4,21520.05,1422720.0,605.75,607.65,582.6,592.7,20840,17.847776,182920,80100.0,527.3,547.9,525.2,537.6,34840,18.842408,376220,80100.0
2026-03-02 11:49:00 +0530,21520.7,21520.75,21513.05,21514.3,1585121.0,592.75,592.75,577.65,583.45,16500,17.702505,182920,80100.0,537.85,553.85,537.6,551.75,34240,19.166461,376220,80100.0
2026-03-02 11:50:00 +0530,21514.45,21514.45,21511.35,21512.95,1688772.0,582.45,590.45,574.75,576.6,25320,17.873794,182500,80100.0,551.85,559.85,543.0,559.15,53280,19.049691,377400,80100.0
2026-03-02 11:51:00 +0530,21512.9,21513.4,21507.75,21511.65,1265231.0,575.3,585.0,566.75,580.95,27580,18.24034,182500,80100.0,560.6,573.75,555.2,561.3,57480,18.912971,377400,80100.0
2026-03-02 11:52:00 +0530,21511.85,21511.85,21503.95,21503.95,1351001.0,637.05,638.25,615.8,616.45,29640,18.188767,319200,80000.0,522.0,541.2,519.85,541.2,82240,19.400909,961340,80000.0
2026-03-02 11:53:00 +0530,21504.45,21506.8,21500.9,21500.95,1810478.0,611.0,626.4,607.6,611.05,25300,18.156231,319200,80000.0,545.0,546.25,530.15,542.8,97940,19.33099,961340,80000.0
2026-03-02 11:54:00 +0530,21501.1,21502.25,21495.9,21497.3,3414378.0,610.2,627.15,608.65,625.35,23500,18.284737,319200,80000.0,543.55,544.55,531.9,532.95,57600,19.3072,961340,80000.0
2026-03-02 11:55:00 +0530,21497.4,21497.75,21491.5,21492.35,2831741.0,625.5,629.7,620.0,620.0,23020,18.305248,340360,80000.0,533.4,540.55,530.4,538.1,44580,19.310084,926390,80000.0
2026-03-02 11:56:00 +0530,21491.85,21492.45,21488.75,21490.7,3248111.0,620.5,623.4,611.55,615.2,16120,18.523699,340360,80000.0,539.1,543.8,534.85,539.8,46020,19.038754,926390,80000.0
2026-03-02 11:57:00 +0530,21490.8,21491.2,21484.9,21485.0,7459047.0,616.05,616.95,603.7,610.65,25240,17.978622,340360,80000.0,536.85,546.4,535.0,541.95,75300,19.46133,926390,80000.0
2026-03-02 11:58:00 +0530,21485.15,21485.45,21477.95,21480.4,2305174.0,610.0,616.7,606.0,613.7,13860,18.46088,354900,80000.0,539.95,545.9,537.6,543.0,49460,19.16286,921340,80000.0
2026-03-02 11:59:00 +0530,21480.65,21480.65,21468.05,21468.4,4108134.0,612.0,613.7,596.25,598.0,47580,18.253442,354900,80000.0,543.2,567.8,542.5,563.2,177300,19.551627,921340,80000.0
2026-03-02 12:00:00 +0530,21468.5,21468.5,21451.5,21453.25,6170707.0,591.1,598.0,570.2,579.95,78940,18.295382,376680,80000.0,563.35,592.3,562.85,574.7,216300,19.34593,875460,80000.0
2026-03-02 12:01:00 +0530,21453.7,21454.9,21447.1,21447.25,2844155.0,576.3,595.8,573.8,581.1,44040,18.466413,376680,80000.0,580.35,583.6,556.15,576.8,100640,19.29139,875460,80000.0
2026-03-02 12:02:00 +0530,21447.15,21449.5,21443.55,21446.3,4322889.0,641.15,641.65,629.9,631.0,7220,18.556478,50620,79900.0,533.0,542.4,532.55,539.5,37700,19.519785,223540,79900.0
2026-03-02 12:03:00 +0530,21446.2,21447.4,21443.85,21444.2,2775725.0,631.1,636.85,629.5,632.1,7180,19.003111,50620,79900.0,539.95,542.85,534.55,541.85,26140,19.241173,223540,79900.0
2026-03-02 12:04:00 +0530,21444.45,21445.95,21439.65,21440.55,2448684.0,573.7,580.7,573.05,578.25,16720,18.27729,376680,80000.0,583.6,586.85,571.95,573.25,67980,19.278291,875460,80000.0
2026-03-02 12:05:00 +0530,21440.9,21441.4,21435.2,21437.65,2240979.0,638.4,638.4,622.7,625.25,9500,18.970801,50620,79900.0,530.0,546.5,530.0,544.2,38700,19.154498,223540,79900.0
2026-03-02 12:06:00 +0530,21437.95,21440.45,21435.25,21438.45,2928614.0,624.65,630.8,621.25,623.25,7100,18.813192,50620,79900.0,544.3,546.1,536.5,542.3,42060,19.178409,223540,79900.0
2026-03-02 12:07:00 +0530,21438.4,21446.85,21435.6,21446.35,3282432.0,565.25,579.8,564.75,575.75,25200,18.197883,376680,80000.0,585.8,586.75,566.2,570.8,63960,19.207503,875460,80000.0
2026-03-02 12:08:00 +0530,21446.65,21456.95,21446.65,21451.45,3566169.0,634.3,638.55,625.0,630.5,3560,18.685463,50620,79900.0,529.25,539.45,522.05,535.5,24560,19.284669,223540,79900.0
2026-03-02 12:09:00 +0530,21451.75,21454.75,21451.05,21452.6,1613195.0,629.8,630.5,622.75,626.45,3400,18.877415,50620,79900.0,535.1,541.75,535.1,537.95,26560,19.083156,223540,79900.0
2026-03-02 12:10:00 +0530,21452.75,21453.55,21444.35,21445.3,1533690.0,625.25,626.45,618.95,623.75,7840,18.756842,50620,79900.0,538.95,543.9,533.5,540.0,22800,19.182505,223540,79900.0
2026-03-02 12:11:00 +0530,21445.4,21445.5,21439.75,21441.95,3472305.0,567.0,567.3,556.25,566.6,35680,17.988,376680,80000.0,583.2,592.05,579.1,580.25,79240,19.446671,875460,80000.0
2026-03-02 12:12:00 +0530,21441.8,21453.35,21441.8,21451.55,3917698.0,625.0,639.45,625.0,634.5,15800,18.787095,50620,79900.0,538.3,538.3,513.45,527.2,62240,19.052894,223540,79900.0
2026-03-02 12:13:00 +0530,21451.75,21453.0,21448.4,21452.45,1608681.0,636.4,636.4,627.4,634.4,6340,18.689291,50620,79900.0,525.35,533.4,525.0,527.7,33320,19.154727,223540,79900.0
2026-03-02 12:14:00 +0530,21452.85,21452.85,21434.5,21435.35,2082096.0,632.25,634.4,588.9,588.9,21800,18.259119,50620,79900.0,526.6,588.0,526.6,588.0,95280,20.186707,223540,79900.0
2026-03-02 12:15:00 +0530,21434.9,21434.9,21422.45,21422.7,2738394.0,645.65,660.4,614.3,615.95,21420,18.88588,53300,79800.0,545.9,568.05,526.0,568.05,108860,19.820777,228700,79800.0
2026-03-02 12:16:00 +0530,21422.75,21430.6,21422.35,21426.05,2052827.0,614.4,649.15,613.8,631.85,33240,19.006567,53300,79800.0,569.2,569.2,523.4,548.1,86620,19.529404,228700,79800.0
2026-03-02 12:17:00 +0530,21426.0,21426.9,21418.95,21421.3,2907249.0,633.6,638.5,620.55,624.7,10680,18.926297,72580,79800.0,546.5,556.75,538.5,549.1,53480,19.428846,241400,79800.0
2026-03-02 12:18:00 +0530,21421.1,21421.45,21414.3,21417.55,1737585.0,623.2,625.8,610.25,620.8,30260,19.029863,72580,79800.0,552.9,568.9,549.1,559.6,76160,19.568793,241400,79800.0
2026-03-02 12:19:00 +0530,21417.9,21419.35,21409.75,21411.4,7110948.0,618.95,621.05,611.6,615.15,12740,18.912842,83840,79800.0,558.15,570.1,557.65,566.85,57160,19.748352,252820,79800.0
2026-03-02 12:20:00 +0530,21411.5,21411.65,21405.35,21408.05,3140597.0,613.8,626.45,610.15,623.2,20280,18.81842,83840,79800.0,566.35,572.35,551.75,555.0,80060,19.685926,252820,79800.0
2026-03-02 12:21:00 +0530,21407.25,21407.5,21400.0,21400.75,2414074.0,623.4,623.4,610.0,615.0,24320,19.124495,83840,79800.0,561.3,573.85,556.9,566.55,79740,19.547774,252820,79800.0
2026-03-02 12:22:00 +0530,21400.8,21404.65,21400.15,21401.4,1762616.0,616.1,623.35,612.1,614.05,10280,19.00089,105020,79800.0,565.8,576.4,562.45,576.4,79280,19.959625,305940,79800.0
2026-03-02 12:23:00 +0530,21401.1,21401.75,21397.85,21400.0,2193923.0,609.7,625.35,609.55,621.95,17660,18.957935,105020,79800.0,580.0,581.0,557.0,558.15,62940,19.639157,305940,79800.0
2026-03-02 12:24:00 +0530,21399.85,21403.2,21397.3,21397.35,3612284.0,624.55,628.85,616.5,620.0,22620,18.949541,105020,79800.0,558.35,563.6,544.55,558.45,49800,19.602706,305940,79800.0
2026-03-02 12:25:00 +0530,21396.95,21399.95,21395.8,21396.9,3032822.0,617.4,622.35,613.95,620.25,9300,19.12506,118620,79800.0,558.85,564.95,552.95,555.0,26300,19.341576,325600,79800.0
2026-03-02 12:26:00 +0530,21397.2,21399.25,21392.95,21393.1,1562085.0,620.55,623.1,615.0,619.65,6260,19.276422,118620,79800.0,556.15,562.8,551.05,556.5,26080,19.237843,325600,79800.0
2026-03-02 12:27:00 +0530,21392.95,21394.5,21390.95,21394.1,2265001.0,615.75,630.5,614.45,629.95,10120,18.850852,120860,79800.0,561.5,562.0,544.85,547.45,28240,19.631467,344620,79800.0
2026-03-02 12:28:00 +0530,21394.25,21396.4,21386.55,21388.25,1679694.0,629.25,635.45,610.5,617.65,30320,18.942863,120860,79800.0,546.15,578.55,536.2,575.0,99400,20.097407,344620,79800.0
2026-03-02 12:29:00 +0530,21388.5,21394.65,21384.85,21394.65,1701407.0,616.95,632.4,607.85,628.7,21880,19.16349,120860,79800.0,572.55,583.5,557.2,557.2,89260,19.645152,344620,79800.0
2026-03-02 12:30:00 +0530,21394.5,21394.5,21385.55,21391.35,2393984.0,629.75,629.75,613.25,617.65,12340,19.161657,127240,79800.0,557.35,581.0,557.2,574.85,46640,19.90055,359900,79800.0
2026-03-02 12:31:00 +0530,21391.05,21391.45,21386.85,21390.3,3336520.0,617.8,627.95,614.95,625.7,12160,18.970921,127240,79800.0,574.75,576.8,564.85,566.65,35540,20.047323,359900,79800.0
2026-03-02 12:32:00 +0530,21390.35,21398.5,21390.05,21396.8,1999695.0,627.05,639.9,625.7,635.0,16680,19.054206,127240,79800.0,565.5,567.5,553.1,559.0,34940,19.996967,359900,79800.0
2026-03-02 12:33:00 +0530,21396.55,21397.35,21392.8,21394.4,1850838.0,633.85,635.0,623.9,631.0,11780,18.965169,128800,79800.0,558.35,569.45,558.35,563.85,24340,20.122727,374200,79800.0
2026-03-02 12:34:00 +0530,21395.35,21397.2,21392.05,21397.2,2289708.0,629.85,633.4,625.0,630.0,6060,18.882366,128800,79800.0,563.0,569.0,555.0,560.75,30140,20.068636,374200,79800.0
2026-03-02 12:35:00 +0530,21396.8,21398.55,21394.15,21394.7,4029217.0,629.6,631.2,617.3,617.3,9620,18.86487,128800,79800.0,562.8,568.3,558.6,567.35,25200,19.93317,374200,79800.0
2026-03-02 12:36:00 +0530,21394.95,21395.65,21393.05,21394.5,1886255.0,617.9,627.95,617.3,621.0,13060,18.771521,133640,79800.0,568.2,568.2,556.55,564.1,26140,20.02265,387780,79800.0
2026-03-02 12:37:00 +0530,21394.45,21394.45,21387.05,21392.3,2615850.0,622.3,630.0,618.55,628.55,4820,18.835025,133640,79800.0,562.75,566.45,555.85,556.35,17360,19.935031,387780,79800.0
2026-03-02 12:38:00 +0530,21392.35,21394.35,21364.5,21365.35,3781840.0,685.65,690.0,628.2,629.4,24020,19.110904,58240,79700.0,514.65,604.05,511.9,604.05,101320,21.335065,217900,79700.0
2026-03-02 12:39:00 +0530,21365.1,21369.2,21362.85,21363.75,8767381.0,628.65,647.8,623.7,627.95,20320,19.284594,58240,79700.0,599.95,608.3,572.85,586.95,130260,20.57721,217900,79700.0
2026-03-02 12:40:00 +0530,21364.4,21369.6,21357.6,21367.5,5108571.0,628.55,658.6,618.7,643.0,27600,19.305744,58240,79700.0,585.0,602.8,552.05,573.4,104460,20.558364,217900,79700.0
2026-03-02 12:41:00 +0530,21367.75,21369.2,21366.55,21368.95,1686040.0,644.75,650.0,638.55,638.55,10740,19.191399,60520,79700.0,572.35,581.95,565.8,579.65,51020,20.739677,246060,79700.0
2026-03-02 12:42:00 +0530,21368.9,21368.9,21362.8,21362.8,2435434.0,637.4,638.55,625.0,625.0,24660,19.388936,60520,79700.0,578.8,594.8,577.15,594.0,60400,20.63762,246060,79700.0
2026-03-02 12:43:00 +0530,21363.3,21364.65,21360.4,21361.9,2293424.0,622.85,629.7,619.1,623.9,17280,19.454706,60520,79700.0,594.35,615.15,592.3,603.45,103120,20.858805,246060,79700.0
2026-03-02 12:44:00 +0530,21361.8,21361.85,21356.5,21356.9,1598790.0,623.2,629.5,618.3,620.45,21460,19.600622,78740,79700.0,603.2,610.0,595.1,600.8,63840,20.534561,252240,79700.0
2026-03-02 12:45:00 +0530,21356.8,21356.8,21347.6,21349.1,2196890.0,614.0,626.05,612.4,622.3,27560,19.929466,78740,79700.0,604.55,619.9,595.45,612.05,87420,20.655601,252240,79700.0
2026-03-02 12:46:00 +0530,21349.0,21361.6,21348.15,21360.9,10366986.0,623.45,649.7,622.3,641.15,38840,19.618009,90200,79700.0,607.85,612.05,576.75,582.35,88120,20.544715,273600,79700.0
2026-03-02 12:47:00 +0530,21360.65,21366.1,21359.3,21362.0,1632009.0,641.15,654.6,636.2,639.95,12960,19.711366,90200,79700.0,585.0,594.65,565.9,589.85,56760,20.67565,273600,79700.0
2026-03-02 12:48:00 +0530,21362.4,21364.0,21359.1,21359.15,3177230.0,637.0,642.1,632.4,633.4,10660,19.737361,90200,79700.0,590.65,599.55,587.0,598.3,41760,20.737129,273600,79700.0
2026-03-02 12:49:00 +0530,21359.8,21359.8,21354.3,21357.3,7800156.0,630.2,633.4,622.25,628.7,21120,19.719849,98680,79700.0,600.4,605.5,593.9,598.45,52740,20.619328,287160,79700.0
2026-03-02 12:50:00 +0530,21357.6,21360.3,21350.9,21351.45,4712683.0,627.05,638.2,625.9,632.2,12860,19.709838,98680,79700.0,599.25,604.0,589.0,596.8,37520,20.684773,287160,79700.0
2026-03-02 12:51:00 +0530,21351.65,21353.35,21347.4,21353.35,2392589.0,631.35,640.95,625.0,640.95,14180,19.983826,98680,79700.0,597.15,603.95,584.7,584.7,33280,20.303374,287160,79700.0
2026-03-02 12:52:00 +0530,21353.95,21363.95,21352.95,21363.95,1827463.0,638.4,652.8,633.3,652.3,13660,20.090554,103280,79700.0,588.3,593.7,575.0,575.0,29060,20.23151,292040,79700.0
2026-03-02 12:53:00 +0530,21365.1,21368.3,21364.0,21368.1,4470382.0,658.05,658.05,642.55,652.05,18060,19.866405,103280,79700.0,571.0,588.5,568.1,577.25,42420,20.503702,292040,79700.0
2026-03-02 12:54:00 +0530,21368.25,21382.4,21368.25,21377.55,4619302.0,651.45,663.65,644.85,646.0,23200,19.504581,114860,79700.0,576.85,584.6,562.55,581.6,37200,20.795306,310340,79700.0
2026-03-02 12:55:00 +0530,21378.1,21378.6,21376.8,21377.15,1388099.0,646.55,656.3,645.25,650.0,8620,20.124606,114860,79700.0,584.35,584.35,571.95,578.7,28200,20.265734,310340,79700.0
2026-03-02 12:56:00 +0530,21377.1,21377.25,21368.25,21368.4,2368296.0,649.3,650.3,637.0,637.95,9880,19.63178,114860,79700.0,578.8,591.9,578.7,589.65,35400,20.71745,310340,79700.0
2026-03-02 12:57:00 +0530,21368.6,21369.25,21365.15,21365.75,1900651.0,637.4,642.95,633.6,637.55,5640,19.891812,118260,79700.0,591.9,598.55,588.0,593.85,23660,20.610571,325720,79700.0
2026-03-02 12:58:00 +0530,21366.0,21366.2,21359.15,21360.9,2343257.0,637.25,640.0,632.2,637.75,9660,19.88855,118260,79700.0,591.4,598.2,590.0,594.75,25280,20.653359,325720,79700.0
2026-03-02 12:59:00 +0530,21361.15,21365.05,21360.25,21364.2,3167864.0,638.05,647.0,637.0,643.35,7800,19.758503,118260,79700.0,595.3,597.65,583.7,587.25,20560,20.696702,325720,79700.0
2026-03-02 13:00:00 +0530,21364.55,21368.9,21364.15,21364.9,1178288.0,645.0,647.5,638.9,641.0,12660,19.639024,125140,79700.0,583.3,591.35,580.0,588.25,44160,20.771482,324780,79700.0
2026-03-02 13:01:00 +0530,21365.15,21374.0,21358.4,21373.7,2558386.0,641.0,659.0,632.4,656.15,11980,19.676519,125140,79700.0,588.95,598.0,568.3,576.25,66800,20.789864,324780,79700.0
2026-03-02 13:02:00 +0530,21373.6,21373.6,21365.2,21365.55,1622514.0,651.4,659.55,649.55,653.65,13300,19.83624,125140,79700.0,576.5,582.5,570.4,577.1,34640,20.608367,324780,79700.0
2026-03-02 13:03:00 +0530,21365.5,21366.7,21361.15,21361.2,1243275.0,655.0,657.75,651.1,652.5,7320,19.737724,131580,79700.0,574.75,582.25,572.75,578.3,17980,20.705607,348660,79700.0
2026-03-02 13:04:00 +0530,21361.5,21363.4,21359.45,21361.0,1177273.0,653.6,656.2,644.45,647.5,8240,19.43407,131580,79700.0,580.4,588.75,575.25,582.4,17680,20.966896,348660,79700.0
2026-03-02 13:05:00 +0530,21360.75,21362.05,21359.4,21361.55,1438967.0,649.85,651.5,642.0,643.95,6180,19.725829,135520,79700.0,583.7,590.0,580.35,587.25,15500,20.767974,348860,79700.0
2026-03-02 13:06:00 +0530,21361.35,21362.35,21358.45,21358.45,1220669.0,643.2,650.1,643.2,646.25,4780,19.813104,135520,79700.0,586.7,588.0,582.45,586.25,18780,20.72877,348860,79700.0
2026-03-02 13:07:00 +0530,21358.8,21358.95,21355.35,21357.35,1032061.0,646.0,651.25,641.0,650.55,4100,19.763731,135520,79700.0,587.0,591.2,581.55,583.85,19340,20.824599,348860,79700.0
2026-03-02 13:08:00 +0530,21357.2,21357.2,21351.75,21352.9,3918322.0,648.2,653.0,645.8,648.05,6460,19.855255,139360,79700.0,582.25,586.6,577.2,585.75,14940,20.735814,354200,79700.0
2026-03-02 13:09:00 +0530,21353.3,21354.05,21351.1,21351.1,1478637.0,647.1,652.0,636.0,636.65,9580,19.624062,139360,79700.0,585.3,593.55,578.7,591.0,16580,20.782249,354200,79700.0
2026-03-02 13:10:00 +0530,21351.5,21357.45,21351.4,21357.05,1417155.0,637.35,647.15,636.65,644.55,5220,19.73477,139360,79700.0,590.3,593.9,585.1,587.6,22440,20.809333,354200,79700.0
2026-03-02 13:11:00 +0530,21357.4,21357.55,21355.05,21357.5,806241.0,644.65,646.4,633.75,643.85,5020,19.755763,142380,79700.0,588.15,595.0,587.4,591.0,19680,20.88598,353000,79700.0
2026-03-02 13:12:00 +0530,21358.05,21360.45,21356.0,21356.05,1178321.0,644.0,648.3,638.3,639.2,9280,19.957351,142380,79700.0,589.25,593.2,588.25,592.35,22480,20.611664,353000,79700.0
2026-03-02 13:13:00 +0530,21355.85,21355.85,21347.9,21349.15,1106648.0,638.75,645.0,633.95,644.7,5940,20.005557,144800,79700.0,594.0,598.75,591.5,591.7,32440,20.716335,358300,79700.0
2026-03-02 13:14:00 +0530,21348.6,21351.65,21347.65,21350.3,1236613.0,641.15,645.0,639.95,641.2,6240,19.79038,144800,79700.0,592.35,597.0,591.7,592.5,17360,20.83734,358300,79700.0
2026-03-02 13:15:00 +0530,21350.75,21361.15,21349.95,21352.95,1404799.0,641.1,661.3,641.1,649.8,12760,19.912164,144800,79700.0,594.05,594.3,573.3,588.65,43140,20.860569,358300,79700.0
2026-03-02 13:16:00 +0530,21352.9,21360.55,21351.95,21358.35,1220954.0,649.55,664.35,643.0,643.65,10120,19.764428,145140,79700.0,587.1,589.8,572.8,587.9,22360,20.789992,367740,79700.0
2026-03-02 13:17:00 +0530,21358.15,21358.95,21353.25,21353.55,1715502.0,644.0,649.55,636.6,638.65,10520,19.701322,145140,79700.0,585.65,594.55,582.4,589.95,25420,20.769602,367740,79700.0
2026-03-02 13:18:00 +0530,21353.45,21354.9,21351.45,21352.75,1130528.0,638.3,648.0,632.85,643.9,16520,19.83334,145140,79700.0,590.3,595.9,583.0,587.2,32280,20.720247,367740,79700.0
2026-03-02 13:19:00 +0530,21352.85,21354.8,21350.7,21354.35,1614569.0,646.6,649.0,639.25,639.25,4860,19.682541,156380,79700.0,586.05,591.7,583.4,588.55,14140,20.76631,371200,79700.0
2026-03-02 13:20:00 +0530,21354.55,21354.9,21350.4,21352.0,1554105.0,646.8,649.0,634.95,641.9,4380,19.750366,156380,79700.0,586.85,592.85,583.95,585.7,12620,20.693996,371200,79700.0
2026-03-02 13:21:00 +0530,21352.15,21352.15,21346.25,21346.5,1678182.0,645.3,647.65,631.7,644.45,7480,19.844269,159920,79700.0,585.85,594.5,584.3,586.55,22800,20.717413,369260,79700.0
2026-03-02 13:22:00 +0530,21346.4,21354.9,21346.4,21353.65,1399316.0,642.6,653.85,642.1,644.0,10460,19.874137,159920,79700.0,585.25,587.7,575.65,585.3,31200,20.639726,369260,79700.0
2026-03-02 13:23:00 +0530,21353.5,21354.6,21348.4,21348.75,976132.0,644.7,646.0,637.5,639.15,4240,19.741157,159920,79700.0,583.45,593.75,583.45,591.15,14740,20.812366,369260,79700.0
2026-03-02 13:24:00 +0530,21348.7,21351.05,21347.4,21350.4,1141259.0,639.15,648.0,636.2,641.35,5800,19.655225,160620,79700.0,588.7,592.25,583.65,588.8,14060,20.881751,371860,79700.0
2026-03-02 13:25:00 +0530,21350.75,21351.65,21345.75,21346.35,1236207.0,640.5,645.55,635.0,635.0,8960,19.542011,160620,79700.0,589.25,597.0,587.1,596.0,29620,21.036768,371860,79700.0
2026-03-02 13:26:00 +0530,21346.0,21346.0,21338.7,21342.65,1717282.0,628.0,640.7,616.85,628.5,25020,19.69818,160620,79700.0,602.55,615.0,593.25,601.35,87420,20.879152,371860,79700.0
2026-03-02 13:27:00 +0530,21342.75,21343.75,21340.4,21342.45,1618856.0,629.05,630.95,617.75,622.4,14560,19.862259,163160,79700.0,602.8,612.6,596.75,608.75,39300,20.78671,355900,79700.0
2026-03-02 13:28:00 +0530,21342.6,21344.5,21336.3,21336.3,1781830.0,619.8,622.4,601.05,615.2,38920,19.942402,163160,79700.0,608.25,636.0,605.2,621.85,78100,20.92084,355900,79700.0
2026-03-02 13:29:00 +0530,21335.95,21335.95,21329.0,21330.7,1224122.0,613.85,622.85,608.0,614.4,15540,19.806243,163160,79700.0,622.0,634.3,608.15,621.1,57640,21.005389,355900,79700.0
2026-03-02 13:30:00 +0530,21330.9,21332.6,21321.25,21322.65,1567042.0,673.9,677.55,665.0,667.45,6420,20.147312,57280,79600.0,575.0,591.65,571.95,586.65,40900,21.213579,227740,79600.0
2026-03-02 13:31:00 +0530,21322.7,21322.7,21319.45,21321.2,2039829.0,664.35,676.45,663.4,670.35,9080,20.38292,57280,79600.0,585.4,596.45,582.75,588.65,60080,21.161082,227740,79600.0
2026-03-02 13:32:00 +0530,21320.85,21321.0,21309.55,21311.2,2812851.0,669.9,674.0,665.0,671.0,4600,20.399125,63960,79600.0,590.0,597.15,585.55,585.55,37240,21.067157,238500,79600.0
2026-03-02 13:33:00 +0530,21310.9,21326.55,21310.1,21326.3,1919149.0,611.8,634.65,609.65,633.85,22580,19.9926,177760,79700.0,632.85,636.7,595.75,600.45,66620,20.769319,325460,79700.0
2026-03-02 13:34:00 +0530,21326.25,21327.25,21319.35,21319.85,1656379.0,633.3,633.85,615.15,617.95,13640,19.872626,177760,79700.0,599.0,623.45,597.65,620.5,40300,21.055045,325460,79700.0
2026-03-02 13:35:00 +0530,21319.55,21322.8,21317.9,21322.45,1002519.0,616.65,629.45,613.9,626.9,8160,19.948828,177940,79700.0,620.1,624.5,603.4,612.3,25920,20.995765,333920,79700.0
2026-03-02 13:36:00 +0530,21322.25,21326.95,21320.6,21326.9,992845.0,622.25,631.05,621.95,629.4,11280,20.038644,177940,79700.0,614.25,615.6,604.45,609.95,19820,20.915511,333920,79700.0
2026-03-02 13:37:00 +0530,21326.8,21332.3,21326.8,21331.35,2587076.0,630.0,632.3,622.95,623.35,7000,19.754222,177940,79700.0,610.95,612.8,604.15,611.05,21180,21.034993,333920,79700.0
2026-03-02 13:38:00 +0530,21330.9,21331.55,21324.1,21324.7,1828241.0,621.45,627.3,617.0,617.6,10860,19.970616,177620,79700.0,610.5,619.55,610.4,618.15,24240,20.889518,343500,79700.0
2026-03-02 13:39:00 +0530,21324.75,21324.75,21319.9,21322.8,1633144.0,672.05,675.65,662.65,669.8,7400,20.235211,68280,79600.0,575.7,586.1,574.15,580.75,30980,21.045791,269680,79600.0
2026-03-02 13:40:00 +0530,21322.95,21323.05,21315.6,21315.6,1253116.0,669.25,669.8,650.0,650.25,11900,19.755392,68280,79600.0,580.7,595.0,579.65,592.5,34000,21.29089,274920,79600.0
2026-03-02 13:41:00 +0530,21315.4,21315.5,21304.65,21305.2,1336673.0,648.35,650.25,630.9,633.65,20160,20.388096,68280,79600.0,593.9,606.0,592.5,603.75,91660,20.584073,274920,79600.0
2026-03-02 13:42:00 +0530,21305.0,21307.75,21302.5,21303.4,1433099.0,632.45,653.05,632.45,638.5,15880,19.695117,68280,79600.0,603.2,603.75,581.7,596.15,45660,21.125875,274920,79600.0
2026-03-02 13:43:00 +0530,21303.75,21307.8,21300.6,21306.95,1373133.0,641.7,654.3,637.15,648.0,10140,19.913966,68280,79600.0,594.65,599.85,584.4,590.35,27580,21.024142,255480,79600.0
2026-03-02 13:44:00 +0530,21306.85,21315.45,21305.35,21314.85,2617360.0,645.4,661.6,643.85,657.4,12720,19.973002,68280,79600.0,590.65,595.55,574.6,581.1,36980,20.946262,255480,79600.0
2026-03-02 13:45:00 +0530,21315.3,21327.35,21314.65,21322.5,1578231.0,660.3,666.65,652.55,653.65,11860,19.863758,68280,79600.0,580.25,587.25,575.9,586.7,22920,21.122739,255480,79600.0
2026-03-02 13:46:00 +0530,21322.3,21323.3,21315.85,21316.75,3553633.0,649.4,656.35,645.3,648.4,6420,19.979824,83880,79600.0,589.0,592.8,584.5,590.5,15820,20.994181,270240,79600.0
2026-03-02 13:47:00 +0530,21316.95,21316.95,21308.15,21308.75,2836069.0,644.9,649.55,634.0,638.4,5560,19.99167,83880,79600.0,593.0,598.4,590.5,595.4,29700,20.84889,270240,79600.0
2026-03-02 13:48:00 +0530,21308.9,21308.9,21303.1,21303.1,2336455.0,637.25,640.8,632.05,634.75,7900,19.898745,88860,79600.0,596.2,598.35,592.0,595.25,25200,20.822201,266020,79600.0
2026-03-02 13:49:00 +0530,21303.5,21303.5,21298.15,21298.15,2094945.0,632.9,638.6,630.0,632.3,11260,19.816524,88860,79600.0,595.7,605.85,595.25,602.15,56460,21.056056,266020,79600.0
2026-03-02 13:50:00 +0530,21298.35,21298.75,21294.45,21294.75,1579220.0,632.15,642.85,632.15,639.7,6000,19.949801,88860,79600.0,603.35,605.0,597.0,600.55,21200,21.109835,266020,79600.0
2026-03-02 13:51:00 +0530,21295.15,21295.7,21283.3,21283.3,1997703.0,639.8,639.8,622.0,622.0,11200,19.716829,87980,79600.0,598.4,615.0,597.9,615.0,46000,21.266778,266020,79600.0
2026-03-02 13:52:00 +0530,21283.1,21283.1,21273.0,21274.9,3236793.0,620.75,625.25,608.65,613.05,26160,19.708057,87980,79600.0,619.7,628.25,609.5,626.3,88740,21.375088,266020,79600.0
2026-03-02 13:53:00 +0530,21275.35,21277.0,21272.35,21273.4,1854953.0,613.55,620.85,610.25,620.55,17540,20.141803,87980,79600.0,624.0,631.65,622.4,627.5,64160,21.242835,266020,79600.0
2026-03-02 13:54:00 +0530,21273.35,21273.35,21267.85,21269.5,2192976.0,619.1,625.95,616.9,625.0,13120,20.33006,87980,79600.0,628.0,634.75,624.25,630.3,50400,21.300989,246140,79600.0
2026-03-02 13:55:00 +0530,21269.55,21270.3,21260.0,21260.85,2801322.0,684.65,684.65,655.7,655.7,30620,20.698187,110660,79500.0,588.85,641.05,586.45,635.45,167100,22.141228,441620,79500.0
2026-03-02 13:56:00 +0530,21260.65,21262.45,21259.5,21261.7,2488305.0,653.85,655.7,642.45,642.45,30940,20.809092,110660,79500.0,636.75,652.1,634.0,652.1,120220,22.181461,441620,79500.0
2026-03-02 13:57:00 +0530,21261.35,21265.25,21258.55,21259.9,1768862.0,697.85,717.65,695.45,710.5,11940,21.769432,29760,79400.0,622.65,648.55,612.35,636.9,100780,22.931547,158240,79400.0
2026-03-02 13:58:00 +0530,21259.85,21271.65,21258.4,21268.2,1984721.0,651.25,667.2,651.25,655.4,24640,21.189841,143200,79500.0,682.5,683.1,655.3,663.7,96440,22.622989,429560,79500.0
2026-03-02 13:59:00 +0530,21268.35,21269.65,21265.75,21266.2,1359688.0,655.05,660.0,650.6,655.9,18020,21.423811,162980,79500.0,664.4,671.75,658.0,671.75,48200,22.687049,445700,79500.0
2026-03-02 14:00:00 +0530,21265.85,21266.1,21258.35,21258.45,2077579.0,709.6,715.05,700.0,700.0,7540,21.338564,37820,79400.0,629.7,639.5,624.0,638.1,45380,23.056406,190840,79400.0
2026-03-02 14:01:00 +0530,21258.2,21258.2,21253.4,21257.2,2359275.0,702.4,713.35,698.9,713.35,8260,21.978974,37820,79400.0,637.4,652.6,634.0,638.0,88360,22.88409,190840,79400.0
2026-03-02 14:02:00 +0530,21257.65,21264.5,21257.25,21264.5,1807542.0,658.1,662.5,647.4,651.15,26360,21.043677,182280,79500.0,676.8,676.8,651.25,654.3,81020,22.333146,426700,79500.0
2026-03-02 14:03:00 +0530,21265.15,21338.55,21265.15,21338.55,10677889.0,546.2,626.25,544.65,622.45,49020,20.029584,193460,79700.0,741.1,744.0,602.9,602.9,69600,20.585855,231000,79700.0
2026-03-02 14:04:00 +0530,21339.85,21375.6,21339.85,21357.05,10530367.0,628.75,695.7,620.65,621.9,155740,19.715351,193460,79700.0,596.65,616.6,504.1,608.65,155640,21.058907,231000,79700.0
2026-03-02 14:05:00 +0530,21356.55,21380.95,21356.2,21379.15,4448716.0,632.65,693.5,627.4,664.7,74060,20.192034,193460,79700.0,616.3,619.0,558.0,595.1,123680,21.469005,247540,79700.0
2026-03-02 14:06:00 +0530,21379.15,21406.1,21379.15,21406.1,5164471.0,605.2,712.55,605.2,701.75,104680,21.232135,230140,79800.0,633.45,638.55,586.55,599.55,58980,21.738593,326540,79800.0
2026-03-02 14:07:00 +0530,21406.85,21408.45,21398.2,21402.35,7083402.0,652.95,676.7,635.95,657.5,74280,21.294819,122360,79900.0,640.35,656.1,623.25,635.15,52940,21.470281,159560,79900.0
2026-03-02 14:08:00 +0530,21403.1,21420.55,21399.85,21400.45,5838323.0,657.55,730.5,638.8,648.05,93580,21.013958,122360,79900.0,626.05,664.0,586.1,660.65,78160,22.288095,159560,79900.0
2026-03-02 14:09:00 +0530,21400.7,21409.1,21399.7,21406.3,2464081.0,708.3,740.65,701.8,720.1,44760,21.801025,205500,79800.0,617.6,623.9,602.8,611.95,61160,22.19854,354580,79800.0
2026-03-02 14:10:00 +0530,21406.85,21415.85,21406.85,21414.65,2426163.0,660.9,681.85,653.35,670.15,30700,21.226688,137280,79900.0,653.45,656.9,631.5,634.75,35100,21.929901,162660,79900.0
2026-03-02 14:11:00 +0530,21415.3,21421.85,21408.05,21414.15,3623348.0,671.95,701.75,653.15,666.15,52320,21.160318,137280,79900.0,632.05,646.6,608.7,636.4,45800,21.927309,162660,79900.0
2026-03-02 14:12:00 +0530,21414.2,21430.35,21413.3,21429.9,4468972.0,659.5,697.75,658.0,693.55,35460,21.21944,137280,79900.0,640.0,640.8,591.5,591.5,44800,21.217648,162660,79900.0
2026-03-02 14:13:00 +0530,21430.9,21446.15,21430.9,21438.5,6237576.0,647.5,683.95,630.1,648.25,187240,20.882359,612260,80000.0,631.1,644.6,603.05,636.55,166820,21.592495,535420,80000.0
2026-03-02 14:14:00 +0530,21438.95,21451.3,21438.95,21448.95,3146201.0,645.6,672.8,639.45,665.0,86960,21.183633,612260,80000.0,636.2,647.65,625.15,639.85,73940,21.94504,535420,80000.0
2026-03-02 14:15:00 +0530,21449.1,21457.8,21434.35,21436.15,3544444.0,726.5,734.0,646.0,654.25,75900,20.885565,137280,79900.0,595.0,648.2,589.5,635.0,89160,21.786632,218060,79900.0
2026-03-02 14:16:00 +0530,21435.75,21458.5,21435.75,21458.15,3391259.0,600.55,667.6,600.55,665.35,87460,21.070035,612260,80000.0,676.65,680.0,634.9,645.7,102900,22.264514,535420,80000.0
2026-03-02 14:17:00 +0530,21458.65,21460.65,21447.25,21448.4,2955636.0,717.6,725.25,686.5,694.6,27400,21.286653,137280,79900.0,606.15,633.8,600.05,623.1,32800,22.258235,218060,79900.0
2026-03-02 14:18:00 +0530,21448.5,21453.95,21446.45,21452.75,1807111.0,638.85,666.8,637.6,664.8,47420,21.463372,637600,80000.0,665.65,668.65,645.2,651.7,60380,22.083994,628660,80000.0
2026-03-02 14:19:00 +0530,21452.55,21454.5,21444.3,21444.45,2131604.0,668.2,670.6,647.85,651.9,46520,21.059464,637600,80000.0,650.85,665.75,648.1,663.3,32180,22.450426,628660,80000.0
2026-03-02 14:20:00 +0530,21444.35,21448.75,21441.45,21442.9,3274854.0,652.05,675.0,646.35,668.0,49720,21.614981,637600,80000.0,661.45,675.1,650.0,664.25,55920,22.46475,628660,80000.0
2026-03-02 14:21:00 +0530,21442.65,21449.45,21442.25,21442.25,2374299.0,729.95,738.1,703.2,703.55,23260,21.296812,160980,79900.0,620.1,635.1,612.55,633.65,30940,22.879848,240460,79900.0
2026-03-02 14:22:00 +0530,21442.1,21442.1,21423.4,21426.7,3652109.0,697.0,703.55,667.2,676.4,33000,21.342875,160980,79900.0,635.1,653.3,633.65,648.05,75860,22.508206,240460,79900.0
2026-03-02 14:23:00 +0530,21426.4,21438.05,21423.65,21437.5,2022948.0,676.3,719.45,673.25,715.25,39680,21.700352,160980,79900.0,646.55,650.55,620.35,625.05,54740,22.589949,240460,79900.0
2026-03-02 14:24:00 +0530,21437.85,21444.6,21435.7,21436.35,2505045.0,656.9,675.95,652.8,661.6,47140,21.438455,633720,80000.0,667.35,678.6,653.3,671.9,54780,22.702451,635480,80000.0
2026-03-02 14:25:00 +0530,21436.35,21437.85,21425.1,21428.6,1945610.0,721.65,723.1,695.8,695.8,14160,21.608659,160980,79900.0,626.75,644.1,626.3,642.85,26220,22.695044,243300,79900.0
2026-03-02 14:26:00 +0530,21428.2,21428.35,21417.25,21418.05,2268848.0,691.25,700.2,670.95,679.55,25560,21.20761,158600,79900.0,643.7,659.45,638.35,654.3,48060,22.953733,235440,79900.0
2026-03-02 14:27:00 +0530,21418.05,21422.15,21413.95,21413.95,1444810.0,684.8,696.9,652.15,653.9,20160,21.298237,158600,79900.0,656.65,674.3,640.7,672.75,46600,22.688058,235440,79900.0
2026-03-02 14:28:00 +0530,21413.95,21413.95,21406.55,21408.0,1792974.0,706.75,720.95,677.15,694.7,33640,21.869991,196020,79800.0,636.0,648.2,623.65,633.75,65640,22.187405,374100,79800.0
2026-03-02 14:29:00 +0530,21409.0,21409.25,21404.45,21406.9,1722837.0,701.6,702.6,682.6,689.65,28360,21.581908,201840,79800.0,632.5,650.0,632.5,642.45,50380,22.59115,380360,79800.0
2026-03-02 14:30:00 +0530,21407.35,21416.35,21396.3,21397.1,2118657.0,694.9,723.2,677.0,690.8,41180,21.652751,201840,79800.0,642.25,651.35,612.4,641.5,86240,22.534264,380360,79800.0
2026-03-02 14:31:00 +0530,21397.55,21397.55,21385.8,21388.55,3267144.0,690.95,690.95,671.9,681.8,16300,21.30448,201840,79800.0,642.2,657.4,640.35,642.4,53140,22.613475,380360,79800.0
2026-03-02 14:32:00 +0530,21388.15,21412.6,21388.15,21411.25,4695280.0,679.2,710.45,679.1,707.0,17940,21.865155,215520,79800.0,642.85,645.5,625.0,626.75,46180,22.348486,396020,79800.0
2026-03-02 14:33:00 +0530,21411.1,21435.6,21410.35,21435.4,3983873.0,647.3,703.3,647.3,699.0,48880,21.972524,162860,79900.0,673.3,673.3,627.95,642.85,57820,22.496013,233860,79900.0
2026-03-02 14:34:00 +0530,21436.05,21457.25,21434.2,21457.25,2649024.0,648.1,706.5,623.0,703.9,91980,22.55307,607260,80000.0,685.65,705.45,640.8,640.95,78040,21.99518,571620,80000.0
2026-03-02 14:35:00 +0530,21458.0,21488.85,21458.0,21487.95,4585437.0,649.75,695.7,645.65,682.7,107280,20.907467,139240,80100.0,678.25,686.4,626.2,629.15,61800,22.420635,127380,80100.0
2026-03-02 14:36:00 +0530,21488.35,21489.75,21471.3,21487.45,2529376.0,694.65,696.8,639.9,683.35,82100,21.395204,139240,80100.0,630.1,674.65,628.15,649.85,51560,22.688948,127380,80100.0
2026-03-02 14:37:00 +0530,21487.45,21493.45,21484.9,21487.3,2423190.0,694.4,694.4,648.6,649.4,44240,20.812389,144340,80100.0,639.6,660.6,632.05,658.55,30400,22.477132,144820,80100.0
2026-03-02 14:38:00 +0530,21486.9,21498.8,21482.15,21498.8,1831106.0,645.85,686.6,629.3,686.05,54920,20.977245,144340,80100.0,659.5,672.6,601.75,601.75,47020,21.561959,144820,80100.0
2026-03-02 14:39:00 +0530,21499.4,21500.95,21484.75,21484.85,3174201.0,693.05,700.0,666.9,676.1,56380,20.696745,144340,80100.0,605.5,631.6,595.0,625.4,51720,22.306419,144820,80100.0
2026-03-02 14:40:00 +0530,21484.95,21498.15,21484.65,21498.15,2843967.0,628.05,673.85,617.0,672.75,65060,20.853243,209220,80200.0,667.55,667.7,603.9,606.35,53020,21.388317,153300,80200.0
2026-03-02 14:41:00 +0530,21498.3,21501.85,21497.8,21499.7,2517309.0,669.9,677.25,648.0,661.35,90440,20.345207,209220,80200.0,610.7,617.35,595.0,601.55,61860,21.351339,153300,80200.0
2026-03-02 14:42:00 +0530,21499.45,21501.4,21479.0,21482.2,3330768.0,675.0,675.0,612.9,639.0,61940,19.867313,229940,80200.0,588.1,629.75,588.1,613.65,52020,21.518755,178340,80200.0
2026-03-02 14:43:00 +0530,21482.75,21482.75,21475.35,21480.65,1580909.0,637.8,643.45,621.4,633.05,39020,20.419589,229940,80200.0,618.35,635.85,611.6,623.4,40380,21.147166,178340,80200.0
2026-03-02 14:44:00 +0530,21480.6,21493.9,21480.25,21492.9,2119493.0,633.05,657.95,630.8,641.6,40600,20.046876,229940,80200.0,625.0,627.4,604.45,617.6,37280,21.572584,178340,80200.0
2026-03-02 14:45:00 +0530,21493.3,21500.7,21487.65,21487.65,2153736.0,706.9,722.6,658.2,662.7,51820,19.977115,150700,80100.0,576.65,602.1,566.6,598.9,51760,21.695543,209280,80100.0
2026-03-02 14:46:00 +0530,21485.4,21485.4,21469.5,21469.5,3127212.0,654.5,674.75,643.85,647.45,34160,20.258756,150700,80100.0,604.35,619.15,595.1,611.1,57160,21.398996,209280,80100.0
2026-03-02 14:47:00 +0530,21469.7,21493.95,21461.9,21493.95,3432893.0,535.9,632.0,521.65,629.35,59260,20.240016,195220,80300.0,705.0,712.75,589.1,589.1,38520,20.034028,187640,80300.0
2026-03-02 14:48:00 +0530,21495.35,21496.85,21488.5,21490.65,1925807.0,696.7,696.7,639.1,675.0,79660,20.330747,237020,80200.0,547.15,601.7,543.75,583.2,74740,21.186098,216260,80200.0
2026-03-02 14:49:00 +0530,21490.95,21491.35,21479.7,21481.45,1783697.0,667.5,675.0,638.75,651.85,37080,19.896617,237020,80200.0,583.1,603.6,579.1,595.35,24360,21.29885,216260,80200.0
2026-03-02 14:50:00 +0530,21481.0,21484.3,21475.3,21480.9,3008143.0,654.1,676.75,641.85,665.65,41940,20.628791,237020,80200.0,597.3,605.9,584.75,599.9,43080,21.207472,216260,80200.0
2026-03-02 14:51:00 +0530,21480.75,21482.65,21469.2,21471.8,2023730.0,665.1,665.65,620.15,642.1,39040,20.454416,240760,80200.0,601.75,631.65,591.5,606.7,40780,20.87886,231820,80200.0
2026-03-02 14:52:00 +0530,21472.35,21479.0,21469.45,21479.0,1534742.0,639.95,663.45,633.0,661.35,26140,20.536555,240760,80200.0,617.2,619.9,600.5,605.35,30060,21.351032,231820,80200.0
2026-03-02 14:53:00 +0530,21481.0,21486.45,21481.0,21483.75,2303160.0,674.65,674.65,650.3,654.85,36420,20.240537,237920,80200.0,595.35,606.05,589.9,598.65,37000,21.205949,247280,80200.0
2026-03-02 14:54:00 +0530,21483.5,21483.85,21472.0,21482.05,2829391.0,652.85,669.7,647.25,655.35,24620,20.099324,237920,80200.0,598.5,602.65,580.05,590.85,36100,21.093155,247280,80200.0
2026-03-02 14:55:00 +0530,21483.0,21490.65,21480.1,21483.55,3136956.0,659.0,663.5,636.5,659.2,23620,20.196683,237920,80200.0,586.85,604.9,582.8,597.85,31140,21.356714,247280,80200.0
2026-03-02 14:56:00 +0530,21483.2,21483.4,21464.05,21475.75,2763862.0,640.9,659.2,609.3,639.75,43840,20.153916,251700,80200.0,604.35,634.9,597.65,612.2,56420,21.289662,258200,80200.0
2026-03-02 14:57:00 +0530,21475.8,21475.8,21446.4,21446.6,4018137.0,686.35,694.9,659.2,663.3,15760,20.079818,136360,80100.0,579.65,602.8,572.3,599.8,35620,21.703034,213590,80100.0
2026-03-02 14:58:00 +0530,21446.8,21447.4,21442.5,21444.8,2683657.0,660.35,671.8,650.95,657.55,8800,19.912626,136360,80100.0,598.0,603.2,583.65,593.0,26260,21.460028,213590,80100.0
2026-03-02 14:59:00 +0530,21444.95,21447.35,21437.8,21441.45,2131196.0,663.15,666.55,614.3,627.25,29880,20.037131,140080,80100.0,591.1,626.05,586.55,615.0,51040,21.16759,219580,80100.0
2026-03-02 15:00:00 +0530,21445.8,21468.85,21437.2,21465.35,3875923.0,572.85,601.45,537.6,588.55,50100,19.136447,263420,80200.0,658.15,691.75,631.0,641.75,65020,21.645141,256100,80200.0
2026-03-02 15:01:00 +0530,21467.6,21471.05,21453.7,21455.85,3702138.0,650.9,653.55,608.75,620.8,37440,20.168474,155800,80100.0,593.55,624.1,588.95,614.0,41460,20.815222,215120,80100.0
2026-03-02 15:02:00 +0530,21456.75,21458.0,21436.8,21439.05,5956207.0,620.35,634.9,610.1,625.05,32020,20.225412,155800,80100.0,614.9,623.75,607.35,611.0,38980,20.80035,215120,80100.0
2026-03-02 15:03:00 +0530,21442.15,21457.9,21442.15,21457.9,4550956.0,567.35,617.1,566.65,612.0,38620,19.506778,265900,80200.0,652.55,656.65,625.0,632.85,39600,21.749862,255440,80200.0
2026-03-02 15:04:00 +0530,21460.75,21478.75,21460.75,21469.15,3455562.0,618.65,643.2,612.0,624.3,55980,19.401291,261160,80200.0,626.55,632.85,594.65,606.85,55860,21.365944,251660,80200.0
2026-03-02 15:05:00 +0530,21469.45,21469.45,21447.45,21447.8,3983546.0,681.55,688.0,644.35,649.85,32660,20.517418,157000,80100.0,568.55,600.65,566.6,599.7,43060,20.936738,215120,80100.0
2026-03-02 15:06:00 +0530,21449.2,21457.85,21447.25,21456.75,2579052.0,648.45,676.5,647.15,672.65,26020,20.624517,157000,80100.0,598.8,607.65,593.05,605.0,42320,21.707385,215120,80100.0
2026-03-02 15:07:00 +0530,21458.8,21483.3,21458.8,21481.95,5323946.0,620.1,659.0,615.7,655.8,46860,20.088176,261860,80200.0,647.6,648.4,596.0,601.6,58520,21.52774,241740,80200.0
2026-03-02 15:08:00 +0530,21484.55,21491.05,21481.1,21483.55,3976016.0,650.9,655.8,610.2,618.4,49400,18.592792,261860,80200.0,602.6,631.05,601.6,629.05,43180,22.666782,241740,80200.0
2026-03-02 15:09:00 +0530,21485.85,21486.35,21471.55,21472.85,3869075.0,619.05,624.5,601.55,624.5,33400,20.181887,272800,80200.0,628.9,635.0,614.65,614.65,33960,20.925548,256320,80200.0
2026-03-02 15:10:00 +0530,21477.2,21478.85,21458.95,21462.7,2353606.0,626.6,629.8,609.2,615.25,56180,19.742476,272800,80200.0,614.95,643.55,614.65,639.5,44100,21.880275,256320,80200.0
2026-03-02 15:11:00 +0530,21465.45,21473.0,21463.4,21471.95,3971011.0,616.5,640.75,611.5,633.2,31340,19.502952,272800,80200.0,638.6,649.9,623.2,629.4,41240,22.319733,256320,80200.0
2026-03-02 15:12:00 +0530,21473.75,21475.9,21461.55,21464.95,3437497.0,577.05,586.3,575.0,581.5,35420,18.148076,192660,80300.0,672.55,674.5,661.85,665.25,18500,23.135256,203660,80300.0
2026-03-02 15:13:00 +0530,21466.35,21477.65,21465.4,21476.55,4070720.0,578.9,603.3,577.65,603.3,40020,18.546838,192660,80300.0,670.2,670.65,641.9,642.3,35680,22.673689,203660,80300.0
2026-03-02 15:14:00 +0530,21477.85,21481.1,21471.5,21480.5,4926376.0,604.5,625.0,594.0,623.0,54220,18.665281,192660,80300.0,646.6,660.4,627.3,628.55,38000,22.697087,203660,80300.0
2026-03-02 15:15:00 +0530,21482.25,21482.25,21475.4,21478.75,6688849.0,679.9,682.85,633.95,653.45,71320,19.717516,248100,80200.0,590.85,617.0,585.8,602.6,54860,21.852992,285500,80200.0
2026-03-02 15:16:00 +0530,21481.6,21494.4,21480.7,21493.9,5022539.0,594.7,603.3,587.7,589.15,35660,18.667982,178540,80300.0,642.9,651.45,631.9,633.4,44380,21.849286,201520,80300.0
2026-03-02 15:17:00 +0530,21492.4,21496.25,21484.05,21484.75,4421052.0,647.55,647.55,612.8,623.45,29820,18.737098,248100,80200.0,591.95,609.0,588.95,601.4,44540,21.805276,285500,80200.0
2026-03-02 15:18:00 +0530,21483.85,21485.9,21479.75,21480.65,8878009.0,569.5,589.85,566.4,588.0,31120,17.801858,181640,80300.0,639.15,643.25,621.4,626.65,33040,22.386297,209260,80300.0
2026-03-02 15:19:00 +0530,21479.0,21484.95,21479.0,21483.25,5105405.0,589.7,616.05,588.0,611.25,48500,18.479329,181640,80300.0,627.3,627.3,586.5,589.3,51980,21.233897,209260,80300.0
2026-03-02 15:20:00 +0530,21481.3,21487.65,21479.0,21479.0,6691981.0,556.0,557.35,530.5,542.6,54920,17.543037,172760,80400.0,630.0,659.3,624.25,659.2,24840,22.276982,104320,80400.0
2026-03-02 15:21:00 +0530,21478.1,21482.9,21478.1,21480.1,8412958.0,600.0,601.55,572.1,572.1,43140,17.495514,183400,80300.0,615.25,641.1,615.25,640.3,46040,22.653835,217980,80300.0
2026-03-02 15:22:00 +0530,21478.5,21494.9,21478.5,21493.6,6601056.0,576.75,594.3,572.1,594.3,42600,17.8519,183400,80300.0,637.15,640.3,601.7,609.4,49880,21.96989,217980,80300.0
2026-03-02 15:23:00 +0530,21493.45,21499.2,21492.15,21492.15,5813552.0,594.1,595.0,543.45,544.1,46740,17.657369,200540,80300.0,607.4,665.6,607.4,664.6,65220,22.455629,216140,80300.0
2026-03-02 15:24:00 +0530,21490.85,21493.95,21482.7,21487.7,9544823.0,599.95,609.5,585.05,601.55,30720,18.3778,242600,80200.0,618.7,631.6,610.55,616.0,73500,21.993325,286040,80200.0
2026-03-02 15:25:00 +0530,21486.4,21503.45,21486.4,21501.45,13905660.0,602.7,622.65,601.2,622.5,35760,18.698665,242600,80200.0,616.55,620.95,599.65,606.2,50040,22.003747,286040,80200.0
2026-03-02 15:26:00 +0530,21501.45,21504.9,21499.75,21501.55,4040994.0,566.3,585.55,566.1,585.55,29140,18.61386,202740,80300.0,647.05,651.9,616.9,616.9,33120,21.28224,207820,80300.0
2026-03-02 15:27:00 +0530,21501.2,21505.0,21499.3,21502.4,4885539.0,583.6,601.25,583.6,601.0,46840,19.562631,202740,80300.0,617.35,625.0,610.25,625.0,36140,21.142474,207820,80300.0
2026-03-02 15:28:00 +0530,21500.25,21509.1,21499.05,21505.5,5882319.0,659.85,662.1,640.2,646.1,33920,20.687306,242480,80200.0,583.55,588.95,575.05,588.95,35940,20.353589,277340,80200.0
2026-03-02 15:29:00 +0530,21506.6,21509.0,21496.3,21504.3,4869295.0,645.6,658.6,633.5,643.0,67160,20.251784,242480,80200.0,588.4,588.95,545.45,578.5,84980,20.318732,277340,80200.0
2026-03-04 09:15:00 +0530,21164.75,21180.7,21121.3,21169.7,23455547.0,1120.0,1120.0,546.8,557.9,274620,27.254436,3400,78700.0,367.0,612.95,345.6,564.85,567660,28.743989,163220,78700.0
2026-03-04 09:16:00 +0530,21167.95,21167.95,21127.4,21127.4,13187420.0,615.4,630.0,544.05,607.85,353060,29.594309,123240,78600.0,549.15,677.55,523.55,591.4,600720,30.302376,233140,78600.0
2026-03-04 09:17:00 +0530,21127.2,21128.5,21084.9,21089.3,15272635.0,667.2,676.0,627.7,654.5,220400,30.749639,133800,78500.0,548.05,618.7,544.4,570.6,720060,30.445886,693900,78500.0
2026-03-04 09:18:00 +0530,21089.4,21123.05,21089.4,21119.5,14117768.0,536.55,605.0,536.55,594.15,276060,28.919444,318120,78700.0,655.8,666.8,588.4,588.4,195360,30.096793,295520,78700.0
2026-03-04 09:19:00 +0530,21118.35,21126.3,21101.6,21105.4,10245079.0,597.3,630.85,591.9,593.65,246040,29.490277,318120,78700.0,589.2,616.45,567.3,614.1,247580,30.817916,295520,78700.0
2026-03-04 09:20:00 +0530,21104.85,21105.25,21083.5,21091.45,10045350.0,605.35,608.75,578.35,600.0,188340,30.001922,318120,78700.0,604.8,625.95,596.85,611.45,276740,30.508492,295520,78700.0
2026-03-04 09:21:00 +0530,21093.15,21103.7,21078.95,21080.3,8976931.0,594.6,602.45,568.15,593.05,165040,29.979457,390580,78700.0,613.95,630.3,607.0,611.55,212700,30.205139,376760,78700.0
2026-03-04 09:22:00 +0530,21080.85,21084.25,21046.15,21046.45,12217303.0,595.1,604.0,582.9,582.9,142240,29.532744,390580,78700.0,611.4,628.05,605.05,626.85,155260,30.923298,376760,78700.0
2026-03-04 09:23:00 +0530,21046.4,21047.85,21016.9,21017.65,8992210.0,648.95,652.55,611.75,617.45,99980,30.856709,321160,78600.0,572.7,631.75,572.7,618.8,321440,31.013157,525220,78600.0
2026-03-04 09:24:00 +0530,21018.2,21031.7,21002.3,21003.2,7416746.0,681.85,692.45,657.7,663.45,125640,31.21567,335280,78500.0,570.95,601.3,559.15,599.7,365920,31.98567,1006060,78500.0
2026-03-04 09:25:00 +0530,21002.85,21014.5,20998.65,21010.85,9857814.0,659.1,669.0,647.5,658.45,179000,30.993777,335280,78500.0,604.45,624.05,588.35,600.2,550900,31.998511,1006060,78500.0
2026-03-04 09:26:00 +0530,21011.3,21018.75,20986.95,20987.4,8608814.0,664.95,680.0,652.6,656.8,124860,31.985161,335280,78500.0,595.1,610.3,580.25,606.4,287140,31.326719,1006060,78500.0
2026-03-04 09:27:00 +0530,20987.65,20992.75,20981.4,20991.95,6309052.0,653.55,656.8,628.75,648.55,170720,30.860384,335280,78500.0,606.15,630.7,593.5,600.0,441020,31.684151,1038280,78500.0
2026-03-04 09:28:00 +0530,20991.5,21041.4,20983.55,21032.55,8378721.0,589.4,638.3,580.0,617.4,180000,30.323189,452780,78600.0,641.15,665.2,569.0,611.8,232120,31.249703,549840,78600.0
2026-03-04 09:29:00 +0530,21032.3,21032.9,21019.25,21022.0,5892122.0,617.5,633.0,605.85,605.85,163240,30.292956,529280,78600.0,599.9,628.1,599.9,625.0,197500,31.392862,568920,78600.0
2026-03-04 09:30:00 +0530,21021.35,21034.0,21009.6,21009.6,6580025.0,609.45,632.8,605.85,613.4,175800,30.285011,529280,78600.0,623.55,626.6,587.3,606.85,198260,30.873584,568920,78600.0
2026-03-04 09:31:00 +0530,21009.5,21036.1,21009.2,21027.55,6970798.0,615.35,633.95,607.15,614.8,128100,30.995008,529280,78600.0,605.95,616.2,588.0,610.2,160440,30.429686,568920,78600.0
2026-03-04 09:32:00 +0530,21027.6,21041.8,21026.8,21028.75,5409002.0,613.35,629.0,611.1,617.95,95020,31.068846,619060,78600.0,609.7,610.65,588.1,600.2,119200,30.025687,686480,78600.0
2026-03-04 09:33:00 +0530,21029.1,21029.15,21002.4,21005.0,4924623.0,678.4,678.4,645.45,649.85,105480,31.385558,519260,78500.0,563.45,585.9,556.4,582.25,259040,30.450397,1154600,78500.0
2026-03-04 09:34:00 +0530,21004.8,21024.15,20996.5,21006.7,5686221.0,647.35,665.0,633.3,639.3,123540,31.51178,519260,78500.0,582.4,595.0,559.15,585.85,302960,30.023218,1154600,78500.0
2026-03-04 09:35:00 +0530,21007.5,21007.5,20983.55,20988.25,5602895.0,638.3,643.0,616.5,625.8,138200,30.642647,519260,78500.0,587.2,607.85,584.45,595.7,328960,30.71482,1238300,78500.0
2026-03-04 09:36:00 +0530,20988.7,21013.75,20987.9,21011.6,5281409.0,626.85,657.1,616.75,656.4,156400,31.123566,519260,78500.0,594.0,605.85,556.75,558.15,299940,29.826912,1238300,78500.0
2026-03-04 09:37:00 +0530,21013.1,21021.7,21006.5,21020.5,4560697.0,596.7,620.0,589.9,613.6,163280,30.214098,691800,78600.0,601.1,613.3,580.85,591.35,135160,30.272176,702760,78600.0
2026-03-04 09:38:00 +0530,21018.85,21018.85,21002.85,21003.25,4634402.0,613.35,623.8,602.0,613.0,113360,30.559451,691800,78600.0,591.1,605.8,581.25,590.85,109180,29.897596,702760,78600.0
2026-03-04 09:39:00 +0530,21004.1,21009.3,20998.4,21005.65,3319244.0,678.3,678.3,652.5,662.8,67500,31.569214,599820,78500.0,550.1,564.85,546.0,551.95,174640,29.443087,1271500,78500.0
2026-03-04 09:40:00 +0530,21005.65,21017.3,21003.4,21012.35,5425935.0,600.75,634.95,600.15,634.95,148280,30.85872,722400,78600.0,593.6,594.0,555.6,566.7,172200,29.482851,702760,78600.0
2026-03-04 09:41:00 +0530,21012.65,21029.05,21012.65,21029.05,6258191.0,574.9,600.65,573.5,599.25,193660,30.489789,665940,78700.0,608.75,609.5,585.0,590.45,90440,29.230005,387760,78700.0
2026-03-04 09:42:00 +0530,21029.8,21043.75,21022.3,21043.75,7999578.0,600.4,621.4,596.7,616.4,194100,30.132571,665940,78700.0,587.45,592.75,564.45,570.7,162400,29.442295,387760,78700.0
2026-03-04 09:43:00 +0530,21045.6,21063.8,21039.65,21059.45,9179140.0,559.8,578.9,541.1,575.7,170920,29.324112,377920,78800.0,613.75,630.15,592.35,600.75,71200,29.683175,242660,78800.0
2026-03-04 09:44:00 +0530,21059.2,21064.65,21048.4,21054.2,5567414.0,575.3,579.25,552.05,579.25,125420,29.188073,377920,78800.0,602.5,620.25,595.8,595.8,69560,29.762146,242660,78800.0
2026-03-04 09:45:00 +0530,21053.8,21064.4,21052.35,21064.0,5157691.0,575.15,581.1,567.25,571.0,132300,28.511156,433520,78800.0,598.55,605.0,590.05,595.6,66360,30.024925,305280,78800.0
2026-03-04 09:46:00 +0530,21063.65,21064.2,21023.25,21023.45,5150593.0,631.85,632.0,567.3,567.3,200760,28.213454,663060,78700.0,557.4,595.9,552.75,595.0,205980,30.191055,623160,78700.0
2026-03-04 09:47:00 +0530,21023.2,21023.2,21006.75,21013.2,4869678.0,573.4,578.35,536.3,558.0,195840,28.453864,663060,78700.0,591.05,615.0,591.05,612.7,258400,30.395388,623160,78700.0
2026-03-04 09:48:00 +0530,21012.65,21012.65,20994.75,20994.8,5512977.0,617.55,627.95,604.05,606.3,72560,29.951196,648140,78600.0,573.2,580.0,566.7,577.0,199220,29.603443,918800,78600.0
2026-03-04 09:49:00 +0530,20994.75,20998.8,20988.6,20988.6,2798552.0,602.55,635.15,601.35,621.4,117020,29.88572,648140,78600.0,581.0,582.25,541.45,554.7,256520,29.274564,918800,78600.0
2026-03-04 09:50:00 +0530,20988.9,20990.75,20977.7,20985.2,3483837.0,614.95,621.4,590.5,606.85,110960,29.578947,648140,78600.0,558.7,581.3,554.7,567.0,221720,29.508543,918800,78600.0
2026-03-04 09:51:00 +0530,20984.2,20994.4,20977.95,20987.05,3986493.0,608.15,616.5,595.0,604.2,109060,29.398662,684200,78600.0,566.25,579.55,560.4,575.15,128320,29.976954,918800,78600.0
2026-03-04 09:52:00 +0530,20985.95,20998.0,20985.25,20993.9,5873933.0,605.05,627.0,604.2,623.2,82100,29.486068,684200,78600.0,572.85,575.15,551.1,555.15,113260,29.788272,918800,78600.0
2026-03-04 09:53:00 +0530,20994.3,20994.3,20975.8,20976.8,3515081.0,619.95,626.4,610.5,612.3,53280,29.781723,684200,78600.0,559.4,570.0,555.15,568.8,65860,29.707998,918800,78600.0
2026-03-04 09:54:00 +0530,20976.0,20979.9,20972.35,20978.3,3165793.0,610.0,617.25,602.1,608.5,54080,29.552102,697720,78600.0,570.6,575.35,564.2,566.55,72460,29.644,918800,78600.0
2026-03-04 09:55:00 +0530,20977.6,20978.35,20964.35,20966.35,3710164.0,609.0,611.3,592.55,594.6,69560,29.070508,697720,78600.0,567.15,575.9,566.2,574.9,107560,29.871729,918800,78600.0
2026-03-04 09:56:00 +0530,20966.65,20966.65,20956.85,20958.6,3517485.0,592.9,598.35,571.8,575.5,129280,28.725606,724740,78600.0,575.0,588.7,572.95,587.2,166760,29.912019,918800,78600.0
2026-03-04 09:57:00 +0530,20958.75,20961.1,20948.45,20951.45,3865179.0,636.15,646.35,624.0,633.85,79380,30.192677,528760,78500.0,548.0,564.75,535.85,555.55,293640,29.794734,1428320,78500.0
2026-03-04 09:58:00 +0530,20951.05,20954.85,20946.4,20954.85,4999582.0,577.45,580.45,563.0,570.0,92200,29.081483,724740,78600.0,598.8,609.5,592.15,602.7,160520,30.097565,918800,78600.0
2026-03-04 09:59:00 +0530,20955.0,20955.0,20947.8,20948.7,2369713.0,628.5,629.1,613.7,615.15,85080,29.546853,612000,78500.0,563.7,568.45,557.8,567.55,194360,30.15348,1446700,78500.0
2026-03-04 10:00:00 +0530,20948.0,20948.0,20923.7,20936.35,5137728.0,612.0,616.05,591.25,612.7,226940,30.30322,612000,78500.0,566.1,599.45,566.1,581.15,475660,30.026853,1446700,78500.0
2026-03-04 10:01:00 +0530,20937.05,20953.1,20936.35,20953.0,3594848.0,612.95,627.0,609.2,623.9,129500,30.404118,612000,78500.0,584.8,594.15,565.6,566.95,276220,29.764285,1446700,78500.0
2026-03-04 10:02:00 +0530,20954.45,20969.7,20952.45,20968.4,4735568.0,567.8,594.7,561.8,588.6,192680,28.851484,793700,78600.0,610.9,617.9,572.55,584.35,174980,30.365032,915940,78600.0
2026-03-04 10:03:00 +0530,20968.2,20968.7,20950.45,20950.45,1809441.0,591.9,597.55,573.1,577.2,126840,29.136295,793700,78600.0,579.15,595.0,573.85,587.0,122440,29.680832,915940,78600.0
2026-03-04 10:04:00 +0530,20949.35,20961.05,20947.6,20953.35,3571364.0,574.1,593.55,574.1,578.9,78740,29.263415,818480,78600.0,591.85,591.85,564.75,583.5,111640,29.477333,949200,78600.0
2026-03-04 10:05:00 +0530,20953.0,20970.85,20952.55,20958.55,9887685.0,574.75,599.6,574.75,581.25,97200,28.328365,818480,78600.0,584.95,588.6,557.2,579.2,108180,30.289267,949200,78600.0
2026-03-04 10:06:00 +0530,20957.9,20962.3,20949.35,20962.3,4527452.0,638.95,641.25,620.0,632.2,87940,30.013532,705020,78500.0,540.5,553.7,537.0,547.0,173780,29.571378,1480660,78500.0
2026-03-04 10:07:00 +0530,20962.0,20977.45,20961.9,20975.65,2851624.0,570.45,584.0,566.2,579.85,60400,29.603235,833160,78600.0,590.65,593.25,573.9,578.9,104340,28.997239,949200,78600.0
2026-03-04 10:08:00 +0530,20975.55,20994.85,20975.55,20993.15,7185461.0,578.55,599.5,578.55,597.5,114260,28.837277,833160,78600.0,576.3,578.9,557.3,563.0,118080,29.803411,949200,78600.0
2026-03-04 10:09:00 +0530,20993.5,21012.3,20992.05,21011.85,4081781.0,539.9,568.2,536.5,561.5,143140,28.566839,868080,78700.0,606.65,610.0,576.1,582.6,103580,29.246432,581320,78700.0
2026-03-04 10:10:00 +0530,21011.1,21012.25,20994.4,20994.75,2364569.0,621.45,621.45,594.05,604.5,114460,28.856111,833540,78600.0,543.65,566.0,541.35,557.6,114760,29.866543,1026860,78600.0
2026-03-04 10:11:00 +0530,20994.1,21012.35,20990.25,21009.4,2528175.0,545.45,573.2,540.55,567.4,142180,28.153098,901120,78700.0,603.2,606.0,573.2,581.15,99980,29.897121,613520,78700.0
2026-03-04 10:12:00 +0530,21008.65,21016.45,21003.45,21016.45,3711366.0,569.95,592.4,563.65,592.4,121160,28.650451,912620,78700.0,579.2,586.3,562.0,564.85,96120,29.812989,658680,78700.0
2026-03-04 10:13:00 +0530,21016.2,21022.85,21014.45,21020.6,4231664.0,589.1,605.5,578.7,605.5,189540,29.352173,912620,78700.0,563.55,575.55,555.35,561.15,121280,29.603021,658680,78700.0
2026-03-04 10:14:00 +0530,21020.95,21041.6,21020.95,21041.35,4485397.0,544.6,599.1,536.4,595.95,233560,29.040851,466410,78800.0,605.35,607.15,570.0,574.0,103100,30.032993,283720,78800.0
2026-03-04 10:15:00 +0530,21041.3,21041.75,21024.25,21024.25,3785153.0,595.8,619.5,574.25,592.9,245780,29.223823,481080,78800.0,570.0,594.3,570.0,585.05,113160,30.285569,349640,78800.0
2026-03-04 10:16:00 +0530,21024.3,21024.5,21009.3,21012.6,3391662.0,595.85,613.7,583.5,606.1,156100,29.517407,481080,78800.0,584.55,591.4,565.7,573.1,106840,30.049445,349640,78800.0
2026-03-04 10:17:00 +0530,21012.3,21020.05,21005.9,21009.9,6416613.0,606.0,623.65,584.0,597.3,225060,29.516694,481080,78800.0,570.65,590.25,564.75,583.7,118700,30.177965,349640,78800.0
2026-03-04 10:18:00 +0530,21009.5,21011.1,20996.8,20997.35,2437647.0,594.95,603.3,566.8,569.0,135140,28.720604,481080,78800.0,585.4,598.2,580.4,596.45,108200,30.220825,434460,78800.0
2026-03-04 10:19:00 +0530,20997.15,21006.1,20994.8,21006.1,2444849.0,561.95,578.75,557.7,563.1,115380,28.923913,481080,78800.0,598.7,610.0,592.65,604.35,146220,30.136125,434460,78800.0
2026-03-04 10:20:00 +0530,21005.75,21016.2,21004.15,21015.15,4598359.0,566.5,585.75,552.4,582.85,112340,28.920309,481080,78800.0,601.85,612.9,585.6,587.75,108540,30.295746,434460,78800.0
2026-03-04 10:21:00 +0530,21015.3,21020.95,21013.0,21017.65,2676156.0,584.95,598.45,565.8,582.5,165240,29.447685,481080,78800.0,586.45,606.15,579.05,590.35,112460,29.911191,477520,78800.0
2026-03-04 10:22:00 +0530,21017.2,21020.15,21010.2,21011.95,2358112.0,584.35,597.05,578.45,593.9,92300,29.012434,481080,78800.0,594.25,594.25,581.7,585.6,53860,30.659616,477520,78800.0
2026-03-04 10:23:00 +0530,21011.25,21012.1,21003.35,21009.75,2046287.0,591.05,606.2,582.5,606.2,105060,29.500406,563160,78800.0,585.3,592.9,561.8,564.5,88000,29.731766,512620,78800.0
2026-03-04 10:24:00 +0530,21009.9,21024.8,21001.65,21001.75,4897284.0,609.85,655.3,592.55,598.55,273900,29.440795,563160,78800.0,562.8,584.35,526.65,578.8,209100,30.16071,512620,78800.0
2026-03-04 10:25:00 +0530,21001.4,21001.4,20982.55,20985.85,3940194.0,597.1,609.3,588.0,607.1,107280,30.245447,563160,78800.0,579.75,587.7,567.7,567.7,133680,29.256975,512620,78800.0
2026-03-04 10:26:00 +0530,20986.4,21001.35,20985.75,21001.35,2453577.0,554.8,598.55,551.6,597.1,159400,30.161838,343940,78900.0,610.4,613.1,580.0,580.0,56260,29.407893,223860,78900.0
2026-03-04 10:27:00 +0530,21001.5,21012.05,21001.5,21010.95,2151644.0,599.85,614.35,587.5,606.0,267520,29.668408,343940,78900.0,578.7,589.3,571.1,579.35,82680,30.298582,223860,78900.0
2026-03-04 10:28:00 +0530,21010.55,21010.85,20991.6,20996.45,1807686.0,605.2,606.75,572.85,596.3,144280,29.632483,343940,78900.0,583.35,605.7,579.35,591.55,85200,30.496397,223860,78900.0
2026-03-04 10:29:00 +0530,20996.4,20997.9,20989.7,20994.0,3640396.0,595.05,598.9,556.35,566.8,120900,28.937414,381340,78900.0,597.0,611.9,591.55,603.9,69440,30.354472,268160,78900.0
2026-03-04 10:30:00 +0530,20994.4,21005.25,20994.1,21003.25,3341833.0,571.25,573.75,550.85,560.1,118860,28.742214,381340,78900.0,603.65,618.9,597.9,609.05,78780,30.485737,268160,78900.0
2026-03-04 10:31:00 +0530,21002.7,21002.9,20994.8,20996.65,1997379.0,559.4,571.05,550.85,568.05,83000,28.982742,387240,78900.0,611.55,615.25,603.4,603.85,39720,30.398438,303780,78900.0
2026-03-04 10:32:00 +0530,20997.15,20997.15,20988.25,20990.6,2557426.0,625.0,630.05,604.3,613.0,93320,29.253833,505600,78800.0,561.15,572.0,554.25,566.05,74940,30.481422,620700,78800.0
2026-03-04 10:33:00 +0530,20990.8,20991.7,20976.15,20978.25,4311830.0,612.6,618.8,585.0,603.7,112160,29.254805,505600,78800.0,566.2,582.3,563.25,568.5,102900,30.18391,620700,78800.0
2026-03-04 10:34:00 +0530,20978.05,20980.35,20969.5,20971.5,1910742.0,604.2,614.5,581.1,591.45,87020,29.53412,519500,78800.0,568.7,585.9,562.9,575.6,98280,29.704867,662380,78800.0
2026-03-04 10:35:00 +0530,20971.25,20971.8,20956.55,20957.45,3349248.0,654.6,654.6,619.25,626.8,62600,30.156469,577560,78700.0,534.3,556.65,533.6,552.5,144080,29.722935,831320,78700.0
2026-03-04 10:36:00 +0530,20957.75,20958.4,20954.35,20955.75,2629649.0,564.65,578.9,558.05,566.0,95960,28.907045,519500,78800.0,593.0,600.7,584.0,594.0,136280,30.016648,662380,78800.0
2026-03-04 10:37:00 +0530,20955.5,20968.65,20953.45,20968.65,2269737.0,565.0,601.7,560.85,601.0,128740,29.370938,519500,78800.0,594.05,597.05,557.25,559.15,130500,29.527876,686420,78800.0
2026-03-04 10:38:00 +0530,20969.45,20972.65,20959.7,20960.5,2574565.0,601.2,606.35,582.25,591.2,102900,28.893432,519500,78800.0,553.3,578.95,553.3,574.0,91400,30.277189,686420,78800.0
2026-03-04 10:39:00 +0530,20960.1,20960.55,20938.2,20938.85,2855544.0,590.8,594.2,573.3,574.55,72320,29.370227,553600,78800.0,573.0,585.75,570.05,582.7,68040,29.456558,705300,78800.0
2026-03-04 10:40:00 +0530,20938.85,20939.15,20929.55,20933.4,4238992.0,576.45,581.35,559.15,567.45,89500,28.524753,553600,78800.0,583.5,593.7,578.4,589.7,115440,30.3024,705300,78800.0
2026-03-04 10:41:00 +0530,20933.2,20937.8,20931.85,20937.8,3372942.0,626.05,633.6,618.9,625.25,40720,29.747407,577560,78700.0,545.95,549.35,540.1,546.0,72980,29.775395,831320,78700.0
2026-03-04 10:42:00 +0530,20936.45,20937.9,20929.8,20931.4,2747392.0,568.65,574.25,545.3,557.45,116420,28.114449,552120,78800.0,585.15,598.35,578.5,590.7,101640,30.285668,730600,78800.0
2026-03-04 10:43:00 +0530,20931.4,20931.5,20923.35,20926.4,2458395.0,616.75,624.0,600.65,614.1,69820,29.534898,573920,78700.0,546.65,555.8,539.7,545.7,93500,29.463993,880460,78700.0
2026-03-04 10:44:00 +0530,20926.05,20937.25,20926.05,20937.0,2543128.0,556.1,568.6,553.4,563.05,60860,28.959189,552120,78800.0,587.3,591.45,574.95,582.35,64120,29.336529,730600,78800.0
2026-03-04 10:45:00 +0530,20937.1,20951.9,20937.1,20951.85,2029587.0,564.15,584.35,563.05,584.35,104780,28.735625,578040,78800.0,582.25,583.2,563.0,563.7,100880,29.670817,747260,78800.0
2026-03-04 10:46:00 +0530,20951.2,20963.9,20951.2,20960.8,1941014.0,586.4,614.0,584.35,608.8,189640,29.430434,578040,78800.0,564.05,564.05,542.5,548.15,159860,29.406149,747260,78800.0
2026-03-04 10:47:00 +0530,20960.5,20967.4,20955.7,20955.85,2814350.0,551.8,570.55,543.6,543.7,143300,28.058457,437360,78900.0,589.95,594.15,573.2,594.0,68760,29.814041,295080,78900.0
2026-03-04 10:48:00 +0530,20955.65,20955.65,20937.55,20938.85,3207664.0,601.35,603.6,565.0,583.9,134420,28.250645,583480,78800.0,549.05,573.15,548.85,559.15,135240,29.911823,755160,78800.0
2026-03-04 10:49:00 +0530,20938.8,20941.15,20936.4,20940.6,1997141.0,581.1,592.65,571.15,579.45,77040,28.358086,583480,78800.0,560.3,571.15,554.0,564.45,83120,29.884475,755160,78800.0
2026-03-04 10:50:00 +0530,20940.25,20941.25,20926.7,20933.35,2695707.0,580.85,580.85,542.05,556.8,133800,28.84304,588720,78800.0,565.3,592.25,563.75,577.15,129720,28.953837,785620,78800.0
2026-03-04 10:51:00 +0530,20933.05,20935.15,20930.95,20932.8,2192694.0,560.65,566.95,550.6,551.6,59600,28.309762,588720,78800.0,574.0,579.85,563.0,575.5,92580,29.151947,785620,78800.0
2026-03-04 10:52:00 +0530,20932.8,20933.05,20929.9,20930.8,1895689.0,551.9,557.0,535.65,551.85,120740,27.420737,588720,78800.0,575.8,586.8,569.7,574.05,87300,29.970658,785620,78800.0
2026-03-04 10:53:00 +0530,20930.55,20931.45,20928.5,20929.5,1890804.0,551.85,554.6,546.0,552.55,50100,27.73512,588720,78800.0,572.5,579.0,570.95,575.0,63080,29.765027,785620,78800.0
2026-03-04 10:54:00 +0530,20929.65,20938.8,20929.65,20936.25,1753003.0,552.25,567.6,548.8,561.35,85880,27.932897,588720,78800.0,575.0,576.7,558.85,564.35,108500,29.476927,785620,78800.0
2026-03-04 10:55:00 +0530,20935.95,20935.95,20931.8,20933.0,2098998.0,560.8,571.85,555.55,564.15,63180,27.768218,588720,78800.0,565.1,571.2,559.95,567.0,52300,29.917873,785620,78800.0
2026-03-04 10:56:00 +0530,20933.0,20933.0,20926.85,20927.9,2875693.0,563.9,565.8,552.0,552.0,47760,27.811302,588720,78800.0,566.5,580.0,566.5,579.15,72540,29.917465,785620,78800.0
2026-03-04 10:57:00 +0530,20927.6,20927.6,20913.95,20918.65,4721072.0,550.0,552.0,527.95,540.0,156120,27.63161,588720,78800.0,581.95,603.2,579.15,588.05,226000,29.961785,785620,78800.0
2026-03-04 10:58:00 +0530,20918.5,20919.15,20912.95,20913.0,2116156.0,598.0,608.65,590.65,606.35,36860,28.992402,574840,78700.0,545.35,553.45,537.45,541.05,80980,29.565362,896340,78700.0
2026-03-04 10:59:00 +0530,20912.7,20916.05,20907.95,20916.05,2151794.0,547.0,559.6,541.3,559.2,60860,28.116307,588720,78800.0,583.65,588.7,566.75,566.75,77960,29.38658,785620,78800.0
2026-03-04 11:00:00 +0530,20916.6,20930.0,20913.45,20919.4,4274434.0,559.6,590.6,556.25,570.5,137800,27.922222,588720,78800.0,562.55,580.3,542.2,565.8,202380,30.085233,785620,78800.0
2026-03-04 11:01:00 +0530,20918.15,20921.05,20915.95,20918.25,1236566.0,570.25,581.0,559.1,571.55,91420,28.24487,676220,78800.0,565.1,573.95,555.0,564.9,83600,29.800125,790320,78800.0
2026-03-04 11:02:00 +0530,20918.1,20941.45,20916.9,20938.9,3287414.0,512.45,561.2,512.45,543.95,144260,28.022563,509660,78900.0,610.85,610.85,573.15,583.7,68180,29.549331,316380,78900.0
2026-03-04 11:03:00 +0530,20938.25,20945.25,20934.5,20941.2,2367543.0,547.9,575.0,543.95,558.65,157460,28.246574,509660,78900.0,579.4,583.7,558.0,570.8,96760,29.423476,316380,78900.0
2026-03-04 11:04:00 +0530,20941.4,20944.45,20935.7,20937.15,1786019.0,563.7,569.55,546.15,554.4,90160,28.027759,519820,78900.0,567.7,577.75,564.7,572.35,59920,29.518308,345800,78900.0
2026-03-04 11:05:00 +0530,20937.0,20938.3,20924.35,20924.55,2710221.0,554.0,561.35,548.9,553.25,58220,28.006799,519820,78900.0,570.9,579.5,568.6,573.75,44940,29.566942,345800,78900.0
2026-03-04 11:06:00 +0530,20924.5,20961.35,20918.2,20961.35,3422326.0,550.85,560.75,540.55,560.4,108120,28.878801,544220,78900.0,575.45,581.0,560.25,560.25,82460,28.391853,377380,78900.0
2026-03-04 11:07:00 +0530,20961.1,20986.95,20961.05,20961.95,4092300.0,565.15,599.0,560.4,572.25,260940,28.763958,544220,78900.0,555.55,560.25,531.25,551.2,185400,28.649829,377380,78900.0
2026-03-04 11:08:00 +0530,20961.7,20970.5,20958.85,20970.25,1968136.0,574.1,595.05,562.75,595.05,128440,28.488823,544220,78900.0,551.7,556.0,532.45,532.45,90280,29.05289,377380,78900.0
2026-03-04 11:09:00 +0530,20970.1,20980.3,20969.55,20975.3,4075231.0,538.6,557.95,527.55,551.6,365560,28.165599,1163390,79000.0,576.65,587.95,558.6,566.95,121640,28.965256,765260,79000.0
2026-03-04 11:10:00 +0530,20975.45,20983.6,20975.35,20983.6,1613206.0,552.1,585.1,551.35,577.35,410780,28.510748,1163390,79000.0,566.1,569.0,553.1,560.5,147500,29.585845,765260,79000.0
2026-03-04 11:11:00 +0530,20983.5,20983.5,20969.05,20974.5,2328020.0,575.2,577.35,543.95,557.25,282200,28.818693,1163390,79000.0,557.9,582.95,557.9,574.2,173620,29.001961,765260,79000.0
2026-03-04 11:12:00 +0530,20974.9,20986.55,20974.9,20983.15,2772609.0,560.0,591.6,557.15,579.5,292520,28.701713,1178720,79000.0,574.0,576.4,557.5,563.3,165460,29.680176,878980,79000.0
2026-03-04 11:13:00 +0530,20983.45,20983.45,20970.9,20971.15,1950677.0,579.95,589.35,562.35,563.4,293260,28.666974,1178720,79000.0,562.3,578.7,560.0,578.7,131760,29.722005,878980,79000.0
2026-03-04 11:14:00 +0530,20970.75,20970.75,20953.65,20955.2,1955196.0,620.05,621.0,587.4,597.5,102920,29.754102,527940,78900.0,536.75,550.75,534.65,545.7,103660,28.755154,440220,78900.0
2026-03-04 11:15:00 +0530,20955.15,20956.8,20948.95,20949.55,3827784.0,596.35,602.25,578.75,583.8,115600,28.95182,527940,78900.0,546.75,555.0,539.0,554.1,119660,29.294869,440220,78900.0
2026-03-04 11:16:00 +0530,20949.25,20950.75,20945.95,20946.9,2213437.0,585.15,591.3,567.3,575.9,81200,29.036034,527940,78900.0,550.7,558.9,542.0,552.05,119700,28.736459,440220,78900.0
2026-03-04 11:17:00 +0530,20946.9,20947.65,20939.1,20943.05,1709948.0,581.8,581.8,567.4,574.8,63420,28.49724,428660,78900.0,548.85,560.7,548.4,553.7,106240,29.296059,534200,78900.0
2026-03-04 11:18:00 +0530,20943.05,20945.4,20938.8,20943.75,1260554.0,575.45,575.45,559.25,562.9,74560,28.832151,428660,78900.0,552.5,561.2,548.95,557.6,84920,28.598027,534200,78900.0
2026-03-04 11:19:00 +0530,20943.4,20943.55,20937.25,20937.65,1716257.0,561.7,562.9,545.95,548.7,92600,28.147047,428660,78900.0,557.45,574.25,557.45,571.55,110760,29.285065,534200,78900.0
2026-03-04 11:20:00 +0530,20937.4,20942.1,20934.65,20942.1,1980478.0,547.1,561.8,541.75,560.15,73540,28.33269,428660,78900.0,573.9,577.5,560.35,560.35,98020,29.117372,536660,78900.0
2026-03-04 11:21:00 +0530,20942.2,20949.5,20939.15,20949.5,1904299.0,562.25,566.3,542.05,561.25,69420,27.968098,428660,78900.0,560.0,576.2,553.85,559.65,96220,29.499662,536660,78900.0
2026-03-04 11:22:00 +0530,20949.05,20949.6,20947.2,20948.7,2178318.0,563.05,566.7,552.65,560.5,64120,28.670595,428660,78900.0,558.3,567.6,556.55,563.4,53360,28.989826,536660,78900.0
2026-03-04 11:23:00 +0530,20949.0,20949.0,20930.8,20931.55,4650763.0,617.85,619.1,565.15,565.15,103720,28.064772,509340,78800.0,520.8,556.4,520.8,555.0,164720,29.457902,867360,78800.0
2026-03-04 11:24:00 +0530,20931.1,20932.2,20926.55,20932.15,1752659.0,562.6,573.35,558.45,573.35,119200,28.981855,509340,78800.0,558.15,565.6,551.25,555.2,203020,29.008778,867360,78800.0
2026-03-04 11:25:00 +0530,20932.2,20935.15,20931.75,20935.15,2066686.0,572.9,578.55,567.55,578.55,87180,28.947607,544700,78800.0,554.45,560.0,546.55,552.0,109900,29.14754,860260,78800.0
2026-03-04 11:26:00 +0530,20934.75,20935.35,20926.1,20926.45,2604763.0,578.75,578.75,553.4,563.7,94680,28.639552,544700,78800.0,550.7,576.1,550.7,571.0,162680,29.700555,860260,78800.0
2026-03-04 11:27:00 +0530,20926.15,20926.65,20917.8,20918.1,1993786.0,564.7,566.6,550.1,557.1,88160,28.653617,544700,78800.0,569.75,588.65,569.55,576.2,169700,29.636488,860260,78800.0
2026-03-04 11:28:00 +0530,20917.9,20920.1,20912.1,20913.45,1938485.0,614.35,623.2,599.0,603.0,82640,29.298714,502600,78700.0,531.85,557.35,527.45,547.3,172820,29.867052,899660,78700.0
2026-03-04 11:29:00 +0530,20913.25,20913.5,20902.1,20903.5,1771630.0,602.25,603.0,580.0,589.4,98280,29.216488,502600,78700.0,550.7,567.7,547.3,556.15,186840,29.763836,899660,78700.0
2026-03-04 11:30:00 +0530,20903.35,20913.55,20902.0,20912.65,2205893.0,591.0,601.15,582.5,590.0,90900,28.758556,502600,78700.0,556.6,569.3,540.2,560.0,236240,30.430659,899660,78700.0
2026-03-04 11:31:00 +0530,20912.3,20914.45,20910.6,20913.05,1961723.0,589.95,592.0,568.95,569.0,107280,28.284178,502600,78700.0,559.6,586.55,558.65,579.8,243460,30.899277,899660,78700.0
2026-03-04 11:32:00 +0530,20912.95,20913.25,20909.65,20913.25,1694689.0,568.55,578.95,555.6,562.5,80240,28.609184,502600,78700.0,578.95,595.7,568.0,589.0,220140,30.757068,899660,78700.0
2026-03-04 11:33:00 +0530,20913.1,20913.9,20909.25,20909.3,4049257.0,563.35,577.9,561.7,571.5,67440,28.723817,581960,78700.0,586.4,590.0,573.6,584.6,137600,30.880868,875060,78700.0
2026-03-04 11:34:00 +0530,20909.3,20912.1,20907.55,20911.85,1705516.0,571.15,584.3,571.15,579.6,65420,28.453714,581960,78700.0,583.4,585.1,569.05,571.6,106280,30.87194,875060,78700.0
2026-03-04 11:35:00 +0530,20911.3,20921.35,20910.25,20920.9,2792023.0,580.0,595.45,574.85,591.8,86200,28.833602,581960,78700.0,564.45,577.5,552.25,560.65,137340,30.551501,875060,78700.0
2026-03-04 11:36:00 +0530,20920.2,20923.9,20915.8,20923.9,1666391.0,535.85,550.05,533.3,548.7,120820,28.385811,631140,78800.0,606.3,606.4,575.5,577.25,121700,29.657293,719920,78800.0
2026-03-04 11:37:00 +0530,20923.65,20928.65,20917.9,20918.2,1411413.0,609.0,614.4,585.8,595.25,126560,28.822507,603820,78700.0,532.25,555.0,525.0,546.2,141320,30.006337,866800,78700.0
2026-03-04 11:38:00 +0530,20918.4,20922.7,20917.05,20919.35,1046253.0,597.1,601.0,579.7,591.2,91260,28.631881,603820,78700.0,541.6,555.0,535.85,548.65,106540,30.129976,866800,78700.0
2026-03-04 11:39:00 +0530,20919.7,20922.6,20916.65,20917.55,1109425.0,589.9,592.2,579.05,580.55,45020,28.356117,603820,78700.0,546.0,553.6,542.6,550.5,80400,29.988336,896440,78700.0
2026-03-04 11:40:00 +0530,20917.65,20918.0,20910.5,20911.65,2324939.0,579.05,581.95,570.65,579.1,57720,28.414358,603820,78700.0,550.35,559.1,545.0,550.05,102380,29.85633,896440,78700.0
2026-03-04 11:41:00 +0530,20911.45,20918.6,20910.7,20918.25,2435211.0,522.1,538.65,521.75,536.15,68280,27.847448,645040,78800.0,594.65,595.6,575.85,578.1,75580,29.664864,719920,78800.0
2026-03-04 11:42:00 +0530,20918.3,20924.0,20918.05,20919.2,1823282.0,536.0,546.05,528.85,529.25,116920,27.676573,668360,78800.0,578.3,586.05,565.1,586.05,97840,29.904827,743920,78800.0
2026-03-04 11:43:00 +0530,20918.85,20918.85,20905.45,20906.15,3899702.0,587.15,589.7,565.05,573.9,82620,28.687065,616560,78700.0,539.45,556.95,536.55,552.7,115040,29.529519,933600,78700.0
2026-03-04 11:44:00 +0530,20905.85,20906.7,20900.55,20901.5,3721579.0,573.0,574.75,565.15,567.35,79160,28.465047,625180,78700.0,551.6,566.25,551.6,564.2,152500,30.027913,947900,78700.0
2026-03-04 11:45:00 +0530,20901.4,20901.7,20897.45,20901.4,1853997.0,564.15,574.0,554.6,558.0,91860,27.778055,625180,78700.0,562.6,573.5,553.7,568.2,130020,30.441228,947900,78700.0
2026-03-04 11:46:00 +0530,20900.8,20902.4,20899.7,20901.9,1648782.0,555.5,562.7,553.55,560.9,60980,28.044492,625180,78700.0,569.7,574.95,561.5,563.75,130680,30.115379,947900,78700.0
2026-03-04 11:47:00 +0530,20901.5,20901.95,20896.85,20897.1,3662213.0,560.95,566.5,558.4,558.55,32440,28.645618,625180,78700.0,563.65,569.8,557.35,567.7,94340,29.640441,947900,78700.0
2026-03-04 11:48:00 +0530,20896.6,20907.2,20895.25,20906.9,2492915.0,558.2,583.0,554.05,580.95,103500,28.347412,625180,78700.0,568.1,572.5,535.85,546.3,174360,29.924165,947900,78700.0
2026-03-04 11:49:00 +0530,20907.1,20907.95,20901.9,20904.85,3538256.0,580.05,580.95,561.4,574.0,65960,27.975528,625180,78700.0,543.4,561.4,540.55,549.5,102460,30.114702,947900,78700.0
2026-03-04 11:50:00 +0530,20904.75,20927.95,20904.5,20927.95,3293555.0,517.75,554.95,516.25,550.75,137400,28.00509,721100,78800.0,593.8,596.45,553.8,557.5,135880,29.313044,765380,78800.0
2026-03-04 11:51:00 +0530,20928.45,20935.9,20928.25,20934.65,2176538.0,551.4,561.15,540.5,559.1,181860,27.971881,721100,78800.0,557.75,570.0,547.7,550.0,132800,29.383589,765380,78800.0
2026-03-04 11:52:00 +0530,20934.75,20939.3,20928.05,20928.05,1108591.0,560.0,566.7,545.0,557.05,137060,27.813551,721100,78800.0,548.35,561.45,541.0,552.5,101540,29.576362,765380,78800.0
2026-03-04 11:53:00 +0530,20928.1,20928.9,20922.4,20925.4,1155258.0,557.0,558.35,545.7,551.45,78600,27.725194,721100,78800.0,552.55,563.5,550.0,555.7,67260,29.565182,765380,78800.0
2026-03-04 11:54:00 +0530,20925.25,20925.25,20908.1,20910.95,2089134.0,607.45,610.0,571.7,575.35,98200,27.979876,667780,78700.0,515.25,545.25,513.05,543.25,125140,29.920398,1001460,78700.0
2026-03-04 11:55:00 +0530,20910.65,20919.35,20908.9,20917.4,1740624.0,519.2,541.35,514.0,533.15,93840,28.111516,721100,78800.0,589.75,589.75,563.3,575.15,110980,29.294768,765380,78800.0
2026-03-04 11:56:00 +0530,20917.2,20918.05,20911.25,20912.45,1293870.0,589.55,594.3,570.0,581.1,48560,28.204333,667780,78700.0,530.0,547.2,526.6,535.9,90380,29.634081,1001460,78700.0
2026-03-04 11:57:00 +0530,20912.5,20916.7,20912.3,20916.7,1062250.0,581.5,592.3,579.65,584.7,36460,28.29462,667780,78700.0,533.75,540.25,525.9,531.1,75280,29.486238,1001460,78700.0
2026-03-04 11:58:00 +0530,20916.35,20917.15,20912.75,20914.85,1664689.0,584.6,585.4,563.75,573.25,46380,28.12324,667780,78700.0,531.05,546.3,528.25,536.5,73520,29.394877,1001460,78700.0
2026-03-04 11:59:00 +0530,20915.15,20920.45,20915.0,20920.35,2221413.0,573.9,586.3,571.0,585.45,52960,28.490525,667780,78700.0,536.8,541.65,522.7,523.75,83480,28.989945,1001460,78700.0
2026-03-04 12:00:00 +0530,20920.35,20926.8,20920.35,20925.3,1462224.0,526.9,541.7,526.9,533.3,91800,27.752588,682600,78800.0,568.9,568.9,550.0,560.8,94940,28.989233,810900,78800.0
2026-03-04 12:01:00 +0530,20924.9,20929.15,20924.6,20926.55,2265768.0,534.95,550.6,533.3,542.3,101140,27.881033,682600,78800.0,560.15,560.8,545.2,557.7,63400,29.175234,810900,78800.0
2026-03-04 12:02:00 +0530,20926.25,20926.25,20917.4,20918.85,1303373.0,543.4,550.1,533.2,544.45,77220,27.818446,682600,78800.0,557.6,564.55,546.8,550.6,82920,28.990266,810900,78800.0
2026-03-04 12:03:00 +0530,20918.8,20919.65,20916.1,20919.65,2508382.0,543.85,549.9,535.45,549.9,52100,28.092619,688900,78800.0,550.3,561.0,541.8,541.8,55180,28.556049,824200,78800.0
2026-03-04 12:04:00 +0530,20920.3,20926.9,20920.3,20924.3,1613848.0,551.0,554.85,544.9,545.55,84960,27.751933,688900,78800.0,541.45,550.0,534.05,547.0,91180,28.950847,824200,78800.0
2026-03-04 12:05:00 +0530,20924.05,20924.2,20907.4,20907.7,2122650.0,546.5,551.15,524.95,527.9,99620,27.470111,688900,78800.0,545.65,562.3,542.85,562.2,73280,29.135419,824200,78800.0
2026-03-04 12:06:00 +0530,20906.95,20910.85,20905.1,20910.45,6245631.0,527.0,554.25,526.1,551.95,81760,28.134379,688900,78800.0,562.7,564.0,536.4,540.25,90760,28.580251,824200,78800.0
2026-03-04 12:07:00 +0530,20910.4,20914.45,20910.2,20913.75,3261101.0,552.9,556.65,542.55,556.65,90180,28.267364,688900,78800.0,537.45,549.6,534.05,534.8,59480,28.418002,824200,78800.0
2026-03-04 12:08:00 +0530,20913.65,20914.6,20911.9,20912.95,1576246.0,556.3,558.0,550.1,553.85,81440,28.009577,688900,78800.0,536.2,541.5,530.0,535.25,67880,28.56276,824200,78800.0
2026-03-04 12:09:00 +0530,20913.0,20913.4,20904.55,20906.25,2635355.0,554.6,562.1,549.3,557.85,91180,27.864772,693700,78800.0,535.75,539.75,524.45,530.2,86660,28.647736,862180,78800.0
2026-03-04 12:10:00 +0530,20906.65,20906.75,20903.4,20903.4,1594423.0,559.1,561.55,555.2,559.7,76680,27.658748,693700,78800.0,529.55,534.9,527.75,529.0,62020,28.880849,862180,78800.0
2026-03-04 12:11:00 +0530,20904.1,20904.15,20893.7,20894.75,2700330.0,560.75,560.75,535.9,548.2,116380,27.385804,694280,78800.0,532.95,549.9,529.0,541.85,89880,29.259972,878040,78800.0
2026-03-04 12:12:00 +0530,20895.05,20902.9,20894.9,20902.9,2157897.0,546.3,570.5,545.25,570.4,121020,27.699712,694280,78800.0,544.9,545.0,520.55,520.55,102300,28.940803,878040,78800.0
2026-03-04 12:13:00 +0530,20903.1,20903.55,20892.6,20893.45,2276372.0,567.15,570.4,540.5,544.45,111120,27.305717,694280,78800.0,522.65,547.5,520.55,546.05,92860,29.398261,878040,78800.0
2026-03-04 12:14:00 +0530,20893.05,20893.05,20880.9,20881.85,3519552.0,543.25,544.45,520.8,531.9,138140,27.383663,694280,78800.0,546.7,567.25,546.05,560.85,153040,29.482322,878040,78800.0
2026-03-04 12:15:00 +0530,20881.95,20883.45,20880.1,20883.4,1682054.0,533.65,539.4,527.9,533.95,56280,27.360361,694280,78800.0,553.35,563.7,549.2,558.0,90220,29.474403,878040,78800.0
2026-03-04 12:16:00 +0530,20883.15,20883.95,20876.75,20877.4,1458211.0,530.5,535.35,520.8,522.8,58320,27.208097,694280,78800.0,558.8,566.8,554.1,564.35,89040,29.401106,878040,78800.0
2026-03-04 12:17:00 +0530,20877.0,20879.8,20875.55,20879.8,2029186.0,522.35,532.5,514.15,527.05,87540,27.779026,690720,78800.0,563.6,568.4,548.4,553.5,111080,28.503085,954840,78800.0
2026-03-04 12:18:00 +0530,20879.55,20879.8,20873.35,20874.6,1575324.0,584.95,585.25,569.25,575.75,62920,28.538224,622520,78700.0,512.75,527.45,511.95,523.4,109040,28.73014,1068520,78700.0
2026-03-04 12:19:00 +0530,20874.55,20874.95,20871.1,20872.3,2142713.0,574.9,580.5,572.0,579.1,36740,28.131444,622520,78700.0,523.2,527.65,518.0,518.0,113480,28.992942,1068520,78700.0
2026-03-04 12:20:00 +0530,20871.8,20884.3,20870.25,20880.35,2524140.0,521.95,553.5,519.35,535.95,121340,27.720044,690720,78800.0,561.35,565.35,527.3,548.15,130580,28.784134,954840,78800.0
2026-03-04 12:21:00 +0530,20879.85,20881.55,20871.6,20872.8,1641870.0,537.45,544.0,517.45,524.8,89180,27.623064,690720,78800.0,547.4,568.4,544.1,562.8,84520,29.08411,954840,78800.0
2026-03-04 12:22:00 +0530,20872.75,20877.9,20872.6,20877.9,1236830.0,523.5,531.4,520.0,524.95,38940,27.562823,690720,78800.0,560.75,565.85,551.8,557.0,54180,28.86382,954840,78800.0
2026-03-04 12:23:00 +0530,20877.25,20892.25,20876.6,20889.35,2529567.0,521.0,548.5,519.65,542.3,90520,27.98866,690720,78800.0,560.55,563.1,535.5,543.8,82380,28.661031,954840,78800.0
2026-03-04 12:24:00 +0530,20888.65,20889.3,20882.35,20885.55,1870960.0,543.0,543.0,525.95,529.15,56060,27.5803,690720,78800.0,545.1,559.7,543.1,553.6,43000,28.914749,954840,78800.0
2026-03-04 12:25:00 +0530,20885.45,20889.65,20884.1,20888.7,1601276.0,530.0,544.5,528.6,541.7,43120,27.886143,690720,78800.0,553.3,555.85,538.05,543.8,48780,28.75875,954840,78800.0
2026-03-04 12:26:00 +0530,20888.35,20888.65,20882.1,20882.1,1590023.0,540.6,544.45,533.75,533.75,47560,27.285796,690720,78800.0,543.0,551.3,540.15,550.0,42940,29.275581,954840,78800.0
2026-03-04 12:27:00 +0530,20881.55,20881.9,20867.45,20868.25,2866550.0,533.65,533.75,515.5,515.5,95640,27.251021,690720,78800.0,550.95,568.7,550.0,568.7,99360,29.365617,954840,78800.0
2026-03-04 12:28:00 +0530,20867.6,20871.55,20866.0,20870.25,1832606.0,571.1,581.0,565.45,572.0,52300,27.969915,622520,78700.0,525.8,529.85,515.0,527.05,119340,29.402006,1068520,78700.0
2026-03-04 12:29:00 +0530,20869.85,20869.85,20865.1,20869.3,4721793.0,571.85,581.95,560.5,579.0,71140,28.328948,622520,78700.0,527.2,536.0,516.75,519.5,137380,29.027585,1068520,78700.0
2026-03-04 12:30:00 +0530,20869.3,20870.05,20864.8,20867.4,1355192.0,521.5,529.7,521.25,528.65,65760,27.761552,721440,78800.0,562.65,564.0,551.35,552.0,67200,28.712431,973240,78800.0
2026-03-04 12:31:00 +0530,20867.25,20869.8,20866.2,20866.5,1255566.0,530.9,540.5,528.25,529.0,78280,27.09897,721440,78800.0,549.6,553.95,540.1,553.3,101700,29.460077,973240,78800.0
2026-03-04 12:32:00 +0530,20866.7,20866.7,20857.8,20860.05,2236059.0,530.3,530.3,517.2,526.9,63320,27.517101,721440,78800.0,553.55,564.45,550.1,555.15,75820,29.057161,973240,78800.0
2026-03-04 12:33:00 +0530,20860.55,20863.05,20859.15,20862.3,1172600.0,529.3,530.05,521.35,524.3,27840,27.515617,721440,78800.0,549.9,558.8,549.9,557.85,34780,29.079923,973240,78800.0
2026-03-04 12:34:00 +0530,20862.15,20864.0,20861.95,20863.15,797750.0,521.75,534.6,519.85,529.25,52540,27.541237,721440,78800.0,558.45,560.0,544.8,547.6,54740,28.788069,973240,78800.0
2026-03-04 12:35:00 +0530,20863.15,20866.9,20859.85,20865.15,2408192.0,532.15,538.0,522.15,529.2,52380,27.44268,721440,78800.0,546.25,558.4,540.6,550.6,63220,29.053214,973240,78800.0
2026-03-04 12:36:00 +0530,20865.35,20876.3,20864.65,20874.55,1315698.0,529.35,534.1,523.0,532.75,35100,27.729898,744180,78800.0,551.05,557.0,544.35,546.3,32700,28.743416,973240,78800.0
2026-03-04 12:37:00 +0530,20874.85,20886.95,20874.85,20879.9,1862310.0,534.8,547.55,526.2,526.2,109120,26.940785,744180,78800.0,545.8,550.0,530.1,548.3,118520,29.295098,973240,78800.0
2026-03-04 12:38:00 +0530,20879.35,20880.15,20876.1,20876.3,1503987.0,528.05,546.5,526.2,533.05,60760,27.193657,754080,78800.0,549.45,552.0,531.2,546.0,55340,29.29021,988280,78800.0
2026-03-04 12:39:00 +0530,20875.15,20875.45,20870.8,20871.25,1334253.0,533.85,536.85,531.4,533.0,28360,27.485584,754080,78800.0,543.4,547.0,541.05,544.6,32440,28.947985,988280,78800.0
2026-03-04 12:40:00 +0530,20870.65,20871.25,20864.55,20865.05,1177057.0,533.15,535.0,518.15,520.25,77920,27.333935,754080,78800.0,544.5,558.0,542.2,554.45,68080,28.973096,988280,78800.0
2026-03-04 12:41:00 +0530,20865.0,20867.6,20863.7,20866.05,1399914.0,519.45,530.0,519.05,524.15,49160,27.547863,764280,78800.0,555.9,557.75,543.75,554.0,55580,28.954495,993320,78800.0
2026-03-04 12:42:00 +0530,20866.25,20866.7,20852.15,20852.85,2874633.0,580.5,582.75,547.45,552.9,120360,27.281473,643620,78700.0,510.3,542.85,508.5,542.85,158180,30.142882,1112020,78700.0
2026-03-04 12:43:00 +0530,20852.45,20867.1,20850.0,20867.1,2265374.0,499.0,524.65,491.6,520.5,112660,27.447561,764280,78800.0,582.8,589.5,544.55,550.4,186260,28.704462,993320,78800.0
2026-03-04 12:44:00 +0530,20866.95,20872.85,20866.85,20868.85,1680927.0,524.0,540.0,520.5,530.3,133500,27.602125,792360,78800.0,545.45,552.45,535.7,542.9,143660,28.679623,968080,78800.0
2026-03-04 12:45:00 +0530,20868.8,20874.15,20866.1,20874.0,1555213.0,529.7,543.75,523.15,536.35,148200,27.24745,792360,78800.0,540.2,549.4,528.5,535.1,112600,28.931616,968080,78800.0
2026-03-04 12:46:00 +0530,20873.45,20879.65,20872.85,20879.65,1750127.0,535.65,545.3,534.25,542.85,85760,27.556638,802980,78800.0,534.7,537.85,526.5,527.4,84000,28.571879,990160,78800.0
2026-03-04 12:47:00 +0530,20879.7,20887.6,20879.3,20883.0,1922008.0,545.85,555.5,537.2,540.3,141500,27.223165,802980,78800.0,524.75,534.9,513.15,534.9,154880,29.167777,990160,78800.0
2026-03-04 12:48:00 +0530,20883.4,20898.35,20882.55,20897.2,2129816.0,542.1,553.95,535.6,548.7,89420,27.164088,802980,78800.0,534.5,535.45,521.0,525.4,86880,29.14705,990160,78800.0
2026-03-04 12:49:00 +0530,20897.4,20898.35,20881.1,20881.1,1371865.0,550.55,554.2,522.6,523.05,111200,26.601369,809060,78800.0,525.35,542.6,521.75,542.6,102240,29.332423,1017080,78800.0
2026-03-04 12:50:00 +0530,20880.55,20881.5,20876.25,20876.4,1419597.0,526.25,540.5,523.05,532.15,59300,27.135253,809060,78800.0,540.35,542.6,527.6,532.95,82160,28.78662,1017080,78800.0
2026-03-04 12:51:00 +0530,20876.1,20881.0,20875.6,20876.85,1156366.0,536.55,547.0,532.15,540.65,57320,27.120549,809060,78800.0,531.3,536.0,523.4,533.3,67960,29.253443,1017080,78800.0
2026-03-04 12:52:00 +0530,20876.4,20879.95,20876.4,20877.85,862013.0,541.75,545.0,536.55,539.9,40500,27.369266,819200,78800.0,531.75,533.4,526.0,530.9,41980,28.871297,1049580,78800.0
2026-03-04 12:53:00 +0530,20878.1,20883.55,20877.25,20881.8,1051673.0,540.2,549.0,536.85,544.05,43380,27.334669,819200,78800.0,530.05,533.15,522.5,529.9,50480,29.070029,1049580,78800.0
2026-03-04 12:54:00 +0530,20881.65,20894.2,20881.65,20892.45,1500694.0,544.5,563.0,544.05,554.9,139000,27.793503,829520,78800.0,527.0,529.9,511.65,521.4,139920,28.741182,1072100,78800.0
2026-03-04 12:55:00 +0530,20892.55,20895.0,20889.05,20892.7,1423163.0,552.85,573.05,552.15,573.05,109360,28.201674,829520,78800.0,522.65,522.65,514.35,515.3,60660,28.936094,1072100,78800.0
2026-03-04 12:56:00 +0530,20894.45,20905.65,20894.45,20902.4,3130688.0,530.0,551.85,517.6,544.15,235700,27.594811,530540,78900.0,547.05,559.5,530.8,538.15,144240,29.237666,409700,78900.0
2026-03-04 12:57:00 +0530,20902.85,20907.85,20901.7,20906.1,3916064.0,546.5,564.65,540.0,564.65,177220,28.602861,519620,78900.0,536.05,542.3,526.5,535.55,83220,29.180921,444680,78900.0
2026-03-04 12:58:00 +0530,20906.3,20916.15,20906.3,20913.25,4787213.0,568.4,575.0,558.05,558.7,167120,27.856775,519620,78900.0,534.6,537.15,527.85,536.0,70440,29.623078,444680,78900.0
2026-03-04 12:59:00 +0530,20913.15,20916.35,20906.35,20906.7,2291414.0,559.25,573.25,550.0,550.6,117620,27.942443,519620,78900.0,534.7,546.9,529.65,543.1,65180,29.533197,444680,78900.0
2026-03-04 13:00:00 +0530,20905.7,20914.55,20905.7,20912.0,2875870.0,557.0,578.0,550.6,566.4,170240,28.130097,506060,78900.0,537.6,543.1,526.5,532.0,96040,29.562809,483700,78900.0
2026-03-04 13:01:00 +0530,20912.3,20913.5,20906.7,20909.25,1689629.0,563.0,571.25,546.0,549.55,109620,27.813626,506060,78900.0,530.3,541.85,524.65,540.3,84160,29.484224,483700,78900.0
2026-03-04 13:02:00 +0530,20908.9,20913.2,20907.45,20913.1,1117136.0,550.25,561.55,535.3,559.5,125780,28.257303,506060,78900.0,539.1,548.15,531.75,533.85,108360,29.234371,483700,78900.0
2026-03-04 13:03:00 +0530,20913.25,20916.95,20911.45,20916.95,1486637.0,559.55,561.15,543.15,560.25,73840,28.060497,515060,78900.0,532.9,539.45,526.75,527.2,62780,29.118836,483700,78900.0
2026-03-04 13:04:00 +0530,20916.35,20916.85,20911.9,20915.35,1240053.0,559.15,560.25,534.65,548.1,89880,27.793659,515060,78900.0,527.1,541.5,527.1,531.05,71520,28.987621,483700,78900.0
2026-03-04 13:05:00 +0530,20915.05,20916.7,20909.4,20909.5,1234380.0,547.05,559.7,538.45,545.4,97560,27.59419,542580,78900.0,529.5,531.8,521.65,525.15,97520,28.745055,579820,78900.0
2026-03-04 13:06:00 +0530,20909.2,20910.5,20902.45,20903.2,1444820.0,546.7,548.1,530.05,533.4,83200,27.45505,542580,78900.0,524.25,536.65,523.75,535.55,84600,28.839613,579820,78900.0
2026-03-04 13:07:00 +0530,20902.9,20923.1,20902.9,20923.1,4158810.0,536.4,564.0,533.4,563.0,112620,28.147407,542580,78900.0,535.0,535.55,510.5,511.6,146840,28.407675,579820,78900.0
2026-03-04 13:08:00 +0530,20923.0,20928.25,20923.0,20928.25,3819097.0,566.45,573.1,562.15,570.0,125640,28.147324,546560,78900.0,507.55,512.75,502.1,510.1,118680,28.680773,611640,78900.0
2026-03-04 13:09:00 +0530,20927.95,20934.85,20927.95,20934.85,1622346.0,513.7,533.1,512.0,533.1,270800,28.553207,1365580,79000.0,554.1,554.2,540.4,540.4,106220,27.972967,858580,79000.0
2026-03-04 13:10:00 +0530,20935.35,20941.75,20930.35,20933.4,4246938.0,536.35,536.35,504.0,513.7,314080,27.317718,1365580,79000.0,530.0,559.9,530.0,551.95,146780,28.810401,858580,79000.0
2026-03-04 13:11:00 +0530,20933.2,20947.25,20933.2,20947.15,1791954.0,517.45,548.05,509.5,542.0,341160,27.893879,1393920,79000.0,552.7,558.65,524.8,533.9,128240,28.768587,892000,79000.0
2026-03-04 13:12:00 +0530,20946.5,20949.9,20946.5,20949.0,4147878.0,540.8,554.0,532.65,547.3,337580,27.747623,1393920,79000.0,533.6,541.95,526.5,529.9,127200,28.976127,892000,79000.0
2026-03-04 13:13:00 +0530,20948.55,20953.35,20948.2,20952.05,2057200.0,553.0,571.0,543.9,556.25,399580,27.702018,1314440,79000.0,527.15,536.9,521.1,527.7,183380,29.355645,996640,79000.0
2026-03-04 13:14:00 +0530,20951.6,20952.7,20947.8,20952.0,2113919.0,561.1,587.1,551.25,585.45,331280,29.194658,1314440,79000.0,526.8,532.0,522.0,522.55,149640,29.14231,996640,79000.0
2026-03-04 13:15:00 +0530,20951.25,20954.9,20946.0,20949.55,2914304.0,586.8,589.4,549.3,579.1,424860,28.643072,1314440,79000.0,521.45,537.7,518.3,526.3,231860,29.55267,996640,79000.0
2026-03-04 13:16:00 +0530,20949.0,20955.3,20949.0,20950.6,1541546.0,585.0,589.15,559.6,561.05,266440,28.359798,1254480,79000.0,523.65,538.15,521.15,538.05,145620,29.570148,1118540,79000.0
2026-03-04 13:17:00 +0530,20950.15,20950.4,20941.0,20941.85,1703769.0,560.75,562.5,541.4,545.2,266700,28.508072,1254480,79000.0,538.9,550.25,535.95,550.0,251260,29.275413,1118540,79000.0
2026-03-04 13:18:00 +0530,20941.0,20941.75,20937.3,20941.55,2231658.0,545.7,552.65,530.1,547.75,236940,28.862274,1254480,79000.0,548.3,555.1,542.8,544.55,262640,28.787728,1118540,79000.0
2026-03-04 13:19:00 +0530,20941.65,20949.15,20941.65,20945.95,1423429.0,547.75,548.05,534.3,538.0,132960,28.259888,1246920,79000.0,543.0,549.75,543.0,548.4,92200,29.092044,1131060,79000.0
2026-03-04 13:20:00 +0530,20945.95,20945.95,20936.25,20936.4,1628335.0,597.95,597.95,579.3,585.0,86320,28.95556,426360,78900.0,506.6,518.05,504.55,512.65,135340,28.973631,665980,78900.0
2026-03-04 13:21:00 +0530,20936.6,20954.15,20935.8,20951.7,2635572.0,528.15,560.1,521.95,548.35,281300,28.513391,1277460,79000.0,554.5,557.7,531.55,543.8,180700,29.164277,1142020,79000.0
2026-03-04 13:22:00 +0530,20951.85,20955.0,20951.15,20951.3,1610772.0,549.2,557.5,543.5,545.3,134020,28.172013,1277460,79000.0,540.0,543.8,534.05,541.2,62120,29.215399,1142020,79000.0
2026-03-04 13:23:00 +0530,20950.45,20979.25,20950.1,20979.25,3707099.0,545.3,573.25,542.65,564.35,243500,29.461779,1277460,79000.0,541.4,544.7,525.65,532.15,180240,28.478939,1142020,79000.0
2026-03-04 13:24:00 +0530,20979.3,20982.0,20978.2,20979.65,5379811.0,564.05,571.65,561.3,568.35,140180,28.361463,1317740,79000.0,532.2,536.05,528.8,532.6,102940,29.755692,1181340,79000.0
2026-03-04 13:25:00 +0530,20979.3,20987.9,20978.75,20981.7,3305897.0,568.05,585.95,563.6,575.3,217340,28.459696,1317740,79000.0,535.0,535.0,524.3,528.6,180000,29.804673,1181340,79000.0
2026-03-04 13:26:00 +0530,20981.35,20990.1,20980.4,20990.1,3047106.0,517.65,557.65,515.35,554.6,262320,29.733278,441060,79100.0,574.1,574.1,547.65,549.8,90700,28.607037,205640,79100.0
2026-03-04 13:27:00 +0530,20989.7,20993.7,20987.95,20989.95,2695310.0,555.1,563.0,535.7,545.15,192860,29.181192,448900,79100.0,548.25,565.0,546.6,564.85,64040,29.470708,235180,79100.0
2026-03-04 13:28:00 +0530,20990.0,20993.3,20980.2,20980.2,2793247.0,611.95,627.1,582.75,589.85,298020,29.597762,1243060,79000.0,517.35,532.5,514.1,532.5,130260,29.719405,1250840,79000.0
2026-03-04 13:29:00 +0530,20980.2,20980.35,20963.45,20963.45,1967989.0,588.75,593.45,557.5,557.6,292400,28.328744,1243060,79000.0,530.2,548.65,530.2,548.65,253600,30.18197,1250840,79000.0
2026-03-04 13:30:00 +0530,20963.45,20971.6,20961.95,20971.6,2737960.0,557.1,576.65,556.1,569.75,216820,29.356958,1169880,79000.0,547.45,550.05,537.0,541.6,266420,29.460072,1295100,79000.0
2026-03-04 13:31:00 +0530,20971.1,20975.55,20970.05,20975.55,1658678.0,572.9,594.85,567.75,588.55,179940,29.847549,1169880,79000.0,540.45,545.85,528.6,530.25,150640,29.350211,1295100,79000.0
2026-03-04 13:32:00 +0530,20975.6,20976.6,20967.6,20968.1,1818348.0,591.1,596.5,559.7,559.7,201880,29.401411,1196880,79000.0,530.0,547.75,526.2,547.0,151760,29.220628,1359740,79000.0
2026-03-04 13:33:00 +0530,20968.2,20968.9,20966.6,20967.0,1611496.0,562.25,570.0,551.1,551.1,108700,29.212813,1196880,79000.0,546.8,551.0,543.85,549.3,135760,29.095827,1359740,79000.0
2026-03-04 13:34:00 +0530,20966.6,20966.95,20953.25,20953.25,2485798.0,610.65,612.35,580.95,589.2,94500,29.803634,367600,78900.0,509.8,528.5,509.0,526.2,184240,29.325875,688320,78900.0
2026-03-04 13:35:00 +0530,20952.45,20952.45,20942.8,20947.0,2469964.0,585.75,592.0,575.5,579.15,82640,30.023701,366120,78900.0,525.8,537.15,524.15,537.15,207420,29.212887,725000,78900.0
2026-03-04 13:36:00 +0530,20946.25,20958.55,20946.25,20954.7,1563165.0,582.55,604.35,579.15,588.55,76460,29.426631,366120,78900.0,535.45,537.7,515.55,529.9,173060,29.867744,725000,78900.0
2026-03-04 13:37:00 +0530,20954.15,20954.45,20948.2,20948.45,1742239.0,588.5,591.35,575.2,581.1,77540,30.431182,366120,78900.0,531.2,541.2,529.9,539.55,132900,29.078772,725000,78900.0
2026-03-04 13:38:00 +0530,20948.75,20949.15,20937.9,20945.15,1532415.0,582.95,599.9,569.7,597.85,86560,30.219735,393660,78900.0,539.8,551.95,524.35,532.4,215860,29.756327,720000,78900.0
2026-03-04 13:39:00 +0530,20945.05,20956.7,20942.6,20956.7,2339679.0,542.0,563.3,536.5,560.95,240760,29.673569,1312600,79000.0,578.6,582.2,549.95,554.6,202920,29.530383,1234880,79000.0
2026-03-04 13:40:00 +0530,20956.45,20957.95,20953.95,20955.35,1211243.0,559.45,573.25,558.1,564.45,229900,29.944473,1376460,79000.0,552.55,559.9,544.6,547.85,158540,29.103934,1183020,79000.0
2026-03-04 13:41:00 +0530,20955.2,20955.7,20949.3,20953.95,1622244.0,564.05,566.95,544.1,562.8,168240,29.326114,1376460,79000.0,551.15,564.7,547.8,550.2,116260,29.761125,1183020,79000.0
2026-03-04 13:42:00 +0530,20954.05,20957.1,20944.5,20944.9,2574504.0,563.9,566.25,539.9,547.5,154800,29.509027,1376460,79000.0,548.65,563.25,547.5,562.45,100680,29.448308,1183020,79000.0
2026-03-04 13:43:00 +0530,20944.4,20948.0,20944.25,20947.5,2813432.0,547.1,555.0,542.8,551.15,95540,28.483904,1396420,79000.0,559.6,563.35,548.0,548.0,99660,29.888851,1221200,79000.0
2026-03-04 13:44:00 +0530,20947.15,20958.15,20947.15,20957.85,1108273.0,553.0,573.85,551.15,572.9,262840,28.629753,1396420,79000.0,546.6,548.0,522.45,523.15,221120,29.525231,1221200,79000.0
2026-03-04 13:45:00 +0530,20958.05,20961.35,20955.95,20955.95,3381552.0,571.6,573.2,551.45,551.45,357200,27.48516,1396420,79000.0,521.25,530.95,512.0,529.7,201200,29.891578,1221200,79000.0
2026-03-04 13:46:00 +0530,20956.05,20956.25,20940.55,20940.55,1734164.0,550.45,551.75,522.5,522.75,277940,27.828032,1396420,79000.0,531.5,552.55,529.7,551.1,210060,29.271001,1221200,79000.0
2026-03-04 13:47:00 +0530,20940.0,20946.75,20939.2,20943.3,1308221.0,525.1,542.7,522.75,523.75,145760,27.607809,1396420,79000.0,551.8,555.55,542.15,551.85,137780,29.594391,1221200,79000.0
2026-03-04 13:48:00 +0530,20943.15,20950.3,20942.45,20945.9,1556287.0,526.1,549.0,523.1,537.05,124880,28.11671,1324840,79000.0,552.95,556.55,539.85,553.3,121920,29.879593,1278580,79000.0
2026-03-04 13:49:00 +0530,20945.65,20952.15,20945.05,20947.05,2208600.0,537.45,552.25,530.0,530.65,110440,28.718392,1324840,79000.0,552.6,557.85,538.05,557.65,112940,29.196468,1278580,79000.0
2026-03-04 13:50:00 +0530,20946.6,20946.6,20941.6,20944.5,1381257.0,531.9,544.85,527.15,535.9,128620,28.3129,1324840,79000.0,556.45,561.05,542.75,555.55,136800,29.779704,1278580,79000.0
2026-03-04 13:51:00 +0530,20944.1,20944.25,20936.95,20939.1,1238116.0,534.45,538.4,516.0,518.25,182020,28.05351,1335760,79000.0,554.5,567.95,551.95,567.15,137100,29.738044,1280440,79000.0
2026-03-04 13:52:00 +0530,20939.25,20939.55,20937.05,20938.65,1986327.0,575.4,576.55,564.3,566.4,71680,28.790872,405220,78900.0,524.7,529.3,522.15,522.35,115840,29.205448,797040,78900.0
2026-03-04 13:53:00 +0530,20938.85,20946.9,20938.85,20941.85,1114447.0,570.8,580.05,566.4,567.05,56500,28.772195,405220,78900.0,521.2,527.05,511.1,526.95,114940,29.515352,797040,78900.0
2026-03-04 13:54:00 +0530,20942.0,20942.35,20934.65,20934.65,1221436.0,569.1,581.6,561.6,562.35,45200,28.7427,405140,78900.0,524.9,531.8,517.0,530.05,92100,29.489943,827350,78900.0
2026-03-04 13:55:00 +0530,20934.85,20935.35,20931.45,20934.6,952244.0,563.35,573.6,558.5,569.5,45760,28.526902,405140,78900.0,528.6,533.95,522.25,523.75,98540,29.719927,827350,78900.0
2026-03-04 13:56:00 +0530,20934.3,20935.05,20929.0,20930.0,1824078.0,568.9,572.65,543.1,548.2,88200,28.934067,405140,78900.0,525.2,546.65,523.75,543.25,148260,29.322749,827350,78900.0
2026-03-04 13:57:00 +0530,20930.15,20935.6,20930.1,20935.6,1377028.0,547.8,556.7,545.8,550.3,59920,28.033029,412220,78900.0,540.0,546.65,534.6,536.25,126260,29.928034,833520,78900.0
2026-03-04 13:58:00 +0530,20935.35,20946.5,20934.9,20946.5,1626393.0,497.7,525.0,491.85,525.0,208000,27.827279,1364640,79000.0,581.85,586.0,554.0,554.0,181880,29.726632,1278500,79000.0
2026-03-04 13:59:00 +0530,20946.55,20954.05,20944.4,20953.8,2105827.0,526.75,526.75,512.1,517.6,213660,28.075879,1375520,79000.0,551.45,570.1,551.45,564.5,164540,29.663682,1261460,79000.0
2026-03-04 14:00:00 +0530,20953.75,20961.95,20953.75,20959.6,3039135.0,521.5,535.0,517.6,527.8,277840,28.118263,1375520,79000.0,562.85,564.5,547.1,555.5,139580,29.698436,1261460,79000.0
2026-03-04 14:01:00 +0530,20959.35,20967.65,20958.6,20963.9,1347560.0,526.75,560.0,526.75,552.3,297460,28.665364,1375520,79000.0,555.35,555.5,529.95,539.1,214620,29.574682,1261460,79000.0
2026-03-04 14:02:00 +0530,20963.9,20964.6,20961.3,20962.6,932609.0,552.35,556.25,542.45,552.1,156520,28.981558,1365200,79000.0,538.25,544.6,535.8,537.4,103940,29.185897,1288760,79000.0
2026-03-04 14:03:00 +0530,20962.4,20962.95,20955.8,20960.45,1064551.0,555.0,559.0,541.25,550.6,149780,28.952835,1365200,79000.0,537.05,546.35,533.85,537.6,95480,29.162302,1288760,79000.0
2026-03-04 14:04:00 +0530,20960.5,20963.4,20960.5,20961.6,1083015.0,555.35,565.4,546.75,555.2,162900,28.231793,1365200,79000.0,535.35,540.0,527.8,535.25,128380,29.967729,1288760,79000.0
2026-03-04 14:05:00 +0530,20961.45,20961.6,20950.85,20951.5,1973664.0,556.0,558.45,539.7,544.85,151800,28.435054,1354380,79000.0,534.95,549.0,534.95,547.4,125840,29.919312,1347820,79000.0
2026-03-04 14:06:00 +0530,20951.25,20958.55,20949.0,20957.8,1014038.0,546.2,562.0,536.95,561.85,155100,28.909978,1354380,79000.0,548.65,553.3,536.5,538.3,128580,29.859937,1347820,79000.0
2026-03-04 14:07:00 +0530,20957.8,20971.6,20957.75,20970.8,2160178.0,508.0,553.45,505.0,553.0,214660,29.278636,524840,79100.0,579.85,582.7,555.15,557.1,64860,30.001017,252260,79100.0
2026-03-04 14:08:00 +0530,20970.35,20975.8,20970.35,20974.9,1170885.0,550.7,563.35,535.2,555.75,205120,28.469441,524840,79100.0,557.0,565.95,552.35,558.0,68860,30.978737,252260,79100.0
2026-03-04 14:09:00 +0530,20974.75,20992.75,20974.75,20992.4,2869453.0,503.25,547.8,501.15,542.2,351320,29.363741,460400,79200.0,600.55,603.0,570.75,571.1,105100,30.050791,170580,79200.0
2026-03-04 14:10:00 +0530,20992.15,20999.35,20992.15,20999.35,3883683.0,547.8,561.4,518.65,547.55,303980,29.383129,527980,79200.0,572.25,592.5,561.1,569.75,144360,30.26059,213340,79200.0
2026-03-04 14:11:00 +0530,20999.4,21011.7,20999.4,21010.3,3153057.0,550.85,570.95,547.25,566.6,327460,29.651547,527980,79200.0,566.95,569.75,558.1,561.3,111200,30.556688,213340,79200.0
2026-03-04 14:12:00 +0530,21009.6,21022.1,21009.6,21019.6,2987367.0,572.6,602.2,566.6,590.2,395140,29.679258,527980,79200.0,554.85,561.8,543.25,550.15,156200,31.132846,213340,79200.0
2026-03-04 14:13:00 +0530,21019.65,21041.9,21019.65,21041.9,8232718.0,543.3,589.0,536.1,586.95,354400,30.211429,436700,79300.0,592.2,594.9,550.5,552.55,123660,30.547989,137860,79300.0
2026-03-04 14:14:00 +0530,21041.5,21056.75,21041.5,21056.75,5275977.0,535.6,549.05,516.0,545.75,305720,29.61102,304300,79400.0,597.2,612.5,592.55,595.65,73800,31.231668,102940,79400.0
2026-03-04 14:15:00 +0530,21056.5,21064.55,21047.4,21056.5,5886893.0,547.2,575.8,521.15,554.95,405440,29.914466,379580,79400.0,594.0,615.6,576.95,598.15,202580,31.569243,187160,79400.0
2026-03-04 14:16:00 +0530,21056.25,21057.15,21048.25,21056.6,6338369.0,553.0,560.65,528.0,558.45,205980,30.006866,379580,79400.0,595.0,613.7,593.5,601.9,89820,31.8799,187160,79400.0
2026-03-04 14:17:00 +0530,21056.55,21071.05,21056.55,21071.05,5274432.0,560.9,573.4,536.35,571.5,222760,30.477903,379580,79400.0,600.0,610.7,593.0,596.0,89720,31.804751,187160,79400.0
2026-03-04 14:18:00 +0530,21071.65,21091.15,21071.55,21089.55,6082276.0,575.3,580.4,561.45,569.3,293080,30.50257,417280,79400.0,591.0,599.4,579.95,587.9,96760,31.248944,242000,79400.0
2026-03-04 14:19:00 +0530,21089.4,21095.15,21085.6,21086.65,4724848.0,570.85,595.95,567.65,582.45,272200,30.511312,417280,79400.0,589.2,591.7,576.0,589.15,85340,32.009105,242000,79400.0
2026-03-04 14:20:00 +0530,21086.55,21086.75,21074.6,21074.65,2733134.0,582.3,582.45,543.5,561.5,252880,29.996371,417280,79400.0,589.1,606.9,589.1,600.85,113700,32.062441,242000,79400.0
2026-03-04 14:21:00 +0530,21074.9,21075.55,21061.1,21061.65,3052424.0,617.3,623.4,591.9,595.95,115500,29.839568,432260,79300.0,557.0,565.0,552.4,562.75,97160,32.010055,418880,79300.0
2026-03-04 14:22:00 +0530,21061.7,21063.7,21056.45,21056.5,3030143.0,599.4,606.0,582.95,586.65,131680,29.659092,432260,79300.0,559.15,563.8,554.65,560.4,93900,31.610417,418880,79300.0
2026-03-04 14:23:00 +0530,21055.95,21058.3,21049.65,21050.1,2338937.0,587.6,594.5,559.0,570.0,154480,29.915965,432260,79300.0,558.9,570.4,555.0,565.45,150620,30.817246,418880,79300.0
2026-03-04 14:24:00 +0530,21050.3,21052.85,21039.95,21040.05,2522127.0,570.75,582.5,549.15,549.15,156480,29.876212,419540,79300.0,567.85,583.55,555.45,581.05,179320,30.609585,472180,79300.0
2026-03-04 14:25:00 +0530,21039.85,21040.3,21023.85,21023.85,5308191.0,603.65,620.8,578.8,586.35,126940,29.517203,337200,79200.0,537.5,557.65,526.8,556.75,187880,31.65209,422180,79200.0
2026-03-04 14:26:00 +0530,21024.1,21024.9,21013.05,21013.3,4433061.0,584.1,594.8,565.45,565.45,106060,29.144796,341460,79200.0,558.7,568.0,549.65,567.2,197540,31.53567,451760,79200.0
2026-03-04 14:27:00 +0530,21012.9,21020.5,21012.35,21018.85,2239803.0,512.25,556.3,510.8,544.4,210700,29.664738,419540,79300.0,612.45,612.45,575.6,588.25,191260,31.001663,479600,79300.0
2026-03-04 14:28:00 +0530,21018.8,21027.75,21018.8,21024.35,1943459.0,545.65,567.25,544.4,550.45,276760,28.915534,419540,79300.0,583.6,588.25,569.55,582.55,123700,31.769479,479600,79300.0
2026-03-04 14:29:00 +0530,21023.95,21029.35,21017.85,21017.85,1790456.0,553.05,558.9,519.0,519.8,202240,28.257912,576660,79300.0,576.55,598.85,571.2,597.55,117780,31.622044,474340,79300.0
2026-03-04 14:30:00 +0530,21017.8,21018.1,21003.3,21003.85,4615307.0,573.95,586.3,544.4,545.6,131460,29.137327,377440,79200.0,552.05,576.95,546.95,576.0,186780,31.057981,469200,79200.0
2026-03-04 14:31:00 +0530,21002.7,21008.9,21002.3,21008.9,3092983.0,551.45,572.2,545.6,562.2,110580,29.407534,377440,79200.0,578.6,578.6,555.7,562.8,171820,30.966139,469200,79200.0
2026-03-04 14:32:00 +0530,21009.05,21023.35,21009.05,21023.35,4161145.0,509.85,550.6,509.85,542.25,250980,29.362456,567420,79300.0,607.7,608.6,573.0,580.5,149080,30.856316,486220,79300.0
2026-03-04 14:33:00 +0530,21023.75,21044.4,21023.75,21043.5,3500141.0,544.5,593.6,542.25,583.65,363060,29.632111,567420,79300.0,580.15,580.5,540.0,549.1,199300,31.057537,486220,79300.0
2026-03-04 14:34:00 +0530,21043.7,21044.65,21028.85,21029.1,2781577.0,588.5,590.6,546.25,548.9,266700,29.110078,567420,79300.0,547.35,581.5,545.0,581.5,145660,31.542556,476240,79300.0
2026-03-04 14:35:00 +0530,21029.25,21033.4,21019.75,21023.6,3569762.0,548.65,571.5,533.4,549.85,174960,29.039147,567420,79300.0,581.2,590.15,567.1,582.7,108760,31.741489,476240,79300.0
2026-03-04 14:36:00 +0530,21023.6,21027.6,21019.15,21027.25,2902048.0,551.7,556.85,535.85,543.1,108280,28.845911,567420,79300.0,579.65,589.0,572.1,581.8,78520,31.545485,476240,79300.0
2026-03-04 14:37:00 +0530,21026.9,21026.9,21020.75,21022.85,2968597.0,542.45,543.4,521.75,535.95,128020,28.942799,567420,79300.0,584.35,595.9,581.8,587.55,94380,31.39815,505100,79300.0
2026-03-04 14:38:00 +0530,21023.2,21029.5,21022.95,21023.35,2814519.0,535.0,549.2,533.45,543.95,87000,29.321891,567420,79300.0,586.5,590.75,574.55,580.75,74240,31.099598,505100,79300.0
2026-03-04 14:39:00 +0530,21023.7,21039.35,21023.7,21038.25,3712132.0,551.25,572.0,543.95,565.8,151720,29.454981,567420,79300.0,573.0,582.0,562.0,576.3,91380,31.885415,505100,79300.0
2026-03-04 14:40:00 +0530,21038.25,21049.2,21038.25,21041.65,2214138.0,566.1,590.75,564.15,576.85,195880,29.338043,571760,79300.0,573.0,576.6,551.6,562.55,114680,31.826959,521000,79300.0
2026-03-04 14:41:00 +0530,21041.8,21050.6,21041.8,21049.95,3035866.0,523.95,563.95,517.75,562.85,237680,30.271136,518660,79400.0,605.0,610.45,585.0,585.4,89560,31.388035,269940,79400.0
2026-03-04 14:42:00 +0530,21050.1,21054.85,21049.2,21054.7,2353417.0,564.25,576.1,556.55,573.55,253460,30.257032,497900,79400.0,581.1,593.4,581.1,587.5,95140,32.092053,300340,79400.0
2026-03-04 14:43:00 +0530,21054.6,21073.35,21054.6,21073.35,3785626.0,580.9,630.3,573.55,622.2,429740,31.298648,497900,79400.0,578.0,587.5,562.1,568.15,156880,32.539166,300340,79400.0
2026-03-04 14:44:00 +0530,21074.3,21074.5,21067.2,21067.2,2869913.0,562.35,587.35,551.0,564.4,456840,30.757759,840040,79500.0,610.85,629.9,606.9,625.7,124700,33.123046,418800,79500.0
2026-03-04 14:45:00 +0530,21066.85,21068.85,21054.95,21056.0,2433010.0,627.4,643.8,595.2,617.0,243040,32.274637,447900,79400.0,583.8,599.05,575.4,590.1,164560,32.586904,344840,79400.0
2026-03-04 14:46:00 +0530,21055.45,21056.05,21026.35,21026.35,3945828.0,616.35,623.55,573.85,574.95,195220,31.498409,447900,79400.0,591.45,616.3,589.4,616.3,129660,32.55926,344840,79400.0
2026-03-04 14:47:00 +0530,21026.2,21050.5,21024.05,21050.5,2902351.0,574.85,613.7,564.05,611.9,200560,31.726467,447900,79400.0,616.85,619.05,588.85,591.45,120320,32.953457,344840,79400.0
2026-03-04 14:48:00 +0530,21050.95,21073.1,21050.95,21073.1,2556287.0,565.0,596.95,557.9,591.65,362280,31.840073,812380,79500.0,633.1,635.65,601.0,607.4,129020,32.590103,475200,79500.0
2026-03-04 14:49:00 +0530,21073.0,21084.55,21073.0,21074.5,4324177.0,652.4,674.1,622.1,633.65,280720,32.263481,438380,79400.0,566.4,587.95,556.05,580.75,96880,33.001085,373120,79400.0
2026-03-04 14:50:00 +0530,21075.05,21075.55,21063.95,21066.95,3072070.0,633.55,637.5,608.55,612.75,144780,31.890138,438380,79400.0,582.9,600.9,580.75,596.45,143740,33.163569,373120,79400.0
2026-03-04 14:51:00 +0530,21067.25,21075.95,21067.15,21069.95,2321649.0,619.0,635.15,608.0,620.8,133660,31.380533,416520,79400.0,595.25,598.85,581.15,590.8,69540,33.75144,397680,79400.0
2026-03-04 14:52:00 +0530,21070.3,21087.15,21067.45,21087.15,3815579.0,563.5,592.6,555.2,589.85,206760,31.533439,829660,79500.0,633.05,641.85,610.15,617.1,113080,33.388608,534680,79500.0
2026-03-04 14:53:00 +0530,21086.4,21089.75,21083.5,21085.2,2220205.0,591.8,591.8,567.3,580.1,194400,30.930525,829660,79500.0,616.7,632.0,615.1,625.5,81560,33.934707,534680,79500.0
2026-03-04 14:54:00 +0530,21084.8,21088.0,21082.45,21083.55,2103461.0,582.95,592.4,577.0,578.0,181440,31.053594,829660,79500.0,622.5,627.55,613.4,626.0,94060,33.748394,534680,79500.0
2026-03-04 14:55:00 +0530,21083.65,21089.55,21076.45,21088.2,4172850.0,577.9,602.55,565.1,589.55,208100,31.036644,829660,79500.0,625.25,631.35,608.65,620.05,77840,34.065702,534680,79500.0
2026-03-04 14:56:00 +0530,21088.25,21103.3,21088.2,21098.45,5939991.0,594.75,620.75,587.55,593.35,406740,31.777283,855440,79500.0,616.9,622.35,603.85,619.55,123160,33.537552,579520,79500.0
2026-03-04 14:57:00 +0530,21098.65,21099.1,21082.0,21084.7,3519944.0,593.8,605.85,568.2,585.75,243160,31.802271,855440,79500.0,619.2,634.4,617.0,629.15,111540,33.644291,579520,79500.0
2026-03-04 14:58:00 +0530,21084.45,21085.7,21070.15,21071.2,3878110.0,645.45,647.95,613.05,617.6,111880,31.817947,411300,79400.0,587.4,597.85,584.65,595.35,121740,33.556927,423480,79400.0
2026-03-04 14:59:00 +0530,21071.05,21080.5,21067.85,21078.05,4260729.0,615.3,632.35,605.2,619.7,126940,31.442775,394960,79400.0,595.45,600.7,580.9,591.2,148500,33.800427,435840,79400.0
2026-03-04 15:00:00 +0530,21078.35,21083.25,21035.15,21035.15,9450184.0,683.2,683.25,572.55,572.55,229060,30.724307,305780,79300.0,545.35,612.3,545.0,612.1,326100,33.300123,472000,79300.0
2026-03-04 15:01:00 +0530,21033.75,21037.5,21020.8,21027.35,5516424.0,576.45,591.85,559.35,591.85,166900,32.518592,302120,79300.0,611.85,642.05,583.5,585.9,368640,31.157096,483500,79300.0
2026-03-04 15:02:00 +0530,21027.0,21034.5,21016.4,21016.4,3776908.0,648.6,652.95,607.4,611.85,87900,31.477103,253600,79200.0,552.45,592.75,546.95,583.6,221240,33.177177,426100,79200.0
2026-03-04 15:03:00 +0530,21015.7,21023.4,21013.75,21019.0,4284747.0,615.85,624.4,595.1,603.25,114360,31.923802,253600,79200.0,580.15,593.75,567.9,576.3,205720,31.941045,426100,79200.0
2026-03-04 15:04:00 +0530,21018.7,21026.95,21018.7,21022.95,5276119.0,610.0,616.6,587.9,593.7,91060,31.687754,302880,79200.0,572.7,590.65,572.6,585.3,131680,32.175519,480100,79200.0
2026-03-04 15:05:00 +0530,21022.35,21031.5,21022.35,21023.4,4470976.0,595.45,612.6,576.65,579.8,129320,31.027409,302880,79200.0,585.5,588.85,540.05,585.0,260700,32.086754,480100,79200.0
2026-03-04 15:06:00 +0530,21022.2,21026.15,21014.05,21014.05,5412570.0,639.15,644.85,604.3,610.5,64880,31.261444,219220,79100.0,543.0,559.4,531.7,555.3,170100,31.919109,302680,79100.0
2026-03-04 15:07:00 +0530,21013.65,21016.85,21000.5,21000.5,4231552.0,610.0,615.55,585.05,585.45,65660,30.887573,226280,79100.0,556.1,567.4,544.2,563.15,221080,31.442144,328020,79100.0
2026-03-04 15:08:00 +0530,20999.8,21013.5,20999.2,21005.65,6530055.0,585.2,599.8,562.05,586.6,113120,30.735829,226280,79100.0,562.75,581.7,544.0,563.45,218340,31.678137,328020,79100.0
2026-03-04 15:09:00 +0530,21005.2,21008.25,21000.25,21000.25,4526262.0,586.3,597.5,554.1,554.3,75840,29.783773,252880,79100.0,563.35,575.55,558.85,573.25,139740,31.459227,354800,79100.0
2026-03-04 15:10:00 +0530,20998.35,21002.65,20994.4,20994.4,5253857.0,550.75,567.9,540.55,544.25,108880,29.760908,252880,79100.0,578.1,590.95,565.45,585.9,168740,31.649188,354800,79100.0
2026-03-04 15:11:00 +0530,20993.85,20999.05,20991.45,20992.5,5645722.0,604.1,617.45,586.15,609.45,133880,31.225191,634700,79000.0,547.4,553.85,537.75,541.0,349140,31.282364,1218840,79000.0
2026-03-04 15:12:00 +0530,20991.75,21004.4,20990.7,20993.65,5350452.0,547.4,571.5,541.6,554.85,112060,29.875971,275060,79100.0,579.6,592.6,557.0,571.75,177880,31.367708,346660,79100.0
2026-03-04 15:13:00 +0530,20992.8,21000.15,20992.8,20994.25,3687672.0,560.85,570.7,545.45,552.25,86520,30.492841,275060,79100.0,569.75,580.75,559.5,576.35,87720,30.884676,346660,79100.0
2026-03-04 15:14:00 +0530,20994.7,20999.1,20992.45,20992.9,5030322.0,554.4,560.85,549.1,550.15,56860,29.816353,275060,79100.0,577.25,582.25,565.3,573.85,68500,31.324177,346660,79100.0
2026-03-04 15:15:00 +0530,20992.7,20997.95,20989.35,20992.45,6385780.0,603.15,621.2,570.1,592.95,247960,30.633939,665500,79000.0,536.35,556.25,526.0,536.35,395100,30.813264,1151060,79000.0
2026-03-04 15:16:00 +0530,20991.7,21002.95,20991.7,21001.3,5484336.0,536.9,566.9,530.95,562.5,114000,30.235037,296000,79100.0,578.65,585.9,551.0,560.4,138820,30.873388,361280,79100.0
2026-03-04 15:17:00 +0530,21001.9,21007.35,21001.9,21004.85,4241174.0,566.0,569.4,554.6,567.25,110060,30.024425,296000,79100.0,557.9,569.35,557.9,559.9,76280,31.313919,361280,79100.0
2026-03-04 15:18:00 +0530,21005.0,21006.75,21001.0,21002.05,7595893.0,564.65,567.25,545.2,551.05,78280,29.728376,286320,79100.0,561.85,573.9,558.5,571.0,81780,31.370733,362460,79100.0
2026-03-04 15:19:00 +0530,21002.25,21003.35,20996.95,20997.2,6098434.0,611.5,620.0,596.9,607.35,97600,31.081998,669220,79000.0,531.85,548.4,528.15,540.75,193980,31.428619,1116000,79000.0
2026-03-04 15:20:00 +0530,20998.45,20999.45,20993.55,20993.55,7113690.0,605.5,613.15,595.2,607.5,117180,31.161118,656400,79000.0,543.75,550.1,538.85,538.85,232080,31.277124,1116000,79000.0
2026-03-04 15:21:00 +0530,20995.05,20996.5,20992.75,20992.85,5436981.0,605.55,610.55,584.4,585.9,102500,30.155644,656400,79000.0,541.15,547.75,535.6,543.0,181920,31.361403,1116000,79000.0
2026-03-04 15:22:00 +0530,20994.0,20996.45,20991.55,20991.55,5910502.0,595.25,601.5,569.95,577.1,117860,29.487628,656400,79000.0,538.9,546.95,535.65,543.1,155140,31.554234,1116000,79000.0
2026-03-04 15:23:00 +0530,20993.65,20997.9,20990.2,20996.2,5053451.0,520.6,538.4,517.8,532.05,64660,29.020792,280680,79100.0,583.9,583.9,558.6,568.95,68900,31.0219,342220,79100.0
2026-03-04 15:24:00 +0530,20997.9,21000.95,20993.9,20999.1,10876413.0,532.8,538.85,529.05,532.5,61040,28.481548,280680,79100.0,567.8,572.35,554.25,561.5,64080,31.181695,342220,79100.0
2026-03-04 15:25:00 +0530,20999.85,21002.15,20990.2,20990.65,12403574.0,533.55,543.9,527.6,534.5,83120,29.057247,280680,79100.0,564.0,577.5,561.5,575.4,75580,31.503053,342220,79100.0
2026-03-04 15:26:00 +0530,20992.95,20994.15,20989.3,20989.8,4687883.0,531.85,536.8,528.8,528.8,45280,28.630393,273140,79100.0,576.05,576.95,561.4,567.7,52780,31.213027,314580,79100.0
2026-03-04 15:27:00 +0530,20990.8,20993.0,20988.1,20989.8,5279034.0,529.25,543.0,528.8,542.3,69220,28.35505,273140,79100.0,568.95,570.35,546.25,547.3,66240,31.083616,314580,79100.0
2026-03-04 15:28:00 +0530,20991.05,20996.6,20989.75,20993.25,5181813.0,544.0,552.8,542.3,550.9,74560,27.960169,252680,79100.0,548.25,558.65,547.3,558.05,55420,32.482222,310000,79100.0
2026-03-04 15:29:00 +0530,20994.4,20997.9,20960.8,20973.75,10529741.0,551.0,591.2,542.55,572.95,104600,29.977792,252680,79100.0,558.8,559.0,545.3,549.1,89800,31.263163,310000,79100.0
2026-03-05 09:15:00 +0530,21142.0,21223.0,21140.05,21206.55,18954381.0,500.0,500.0,243.8,294.65,803400,23.477551,185000,79400.0,547.0,574.25,292.1,311.7,818800,28.731557,151400,79400.0
2026-03-05 09:16:00 +0530,21208.95,21226.9,21201.85,21222.65,13345133.0,198.3,287.9,185.9,270.05,1442380,22.595913,237960,79600.0,424.9,436.9,282.1,291.05,522600,25.708264,103720,79600.0
2026-03-05 09:17:00 +0530,21223.95,21228.7,21217.6,21225.25,8171184.0,267.4,285.0,257.75,276.1,1121920,21.238307,237960,79600.0,284.8,291.15,252.0,254.0,818640,24.258746,103720,79600.0
2026-03-05 09:18:00 +0530,21225.55,21229.3,21218.6,21223.9,9624378.0,334.85,334.85,270.0,289.35,1037200,24.323944,743920,79500.0,205.65,294.0,205.65,261.75,1372480,23.24636,499580,79500.0
2026-03-05 09:19:00 +0530,21225.65,21228.1,21216.15,21218.75,6002854.0,336.0,345.6,297.1,312.95,510400,24.532523,548660,79400.0,221.25,282.35,220.15,259.5,1004220,24.821768,251560,79400.0
2026-03-05 09:20:00 +0530,21217.3,21219.95,21202.6,21203.8,6889751.0,314.05,314.55,272.25,281.75,672780,23.3274,548660,79400.0,252.2,283.3,244.45,279.1,979800,25.194796,251560,79400.0
2026-03-05 09:21:00 +0530,21203.65,21221.3,21201.35,21221.3,8013696.0,281.4,311.4,263.25,281.35,610440,22.059721,1012530,79400.0,276.25,303.6,257.3,283.0,938200,26.689101,802720,79400.0
2026-03-05 09:22:00 +0530,21221.6,21240.75,21220.0,21239.95,5192541.0,235.35,274.1,234.15,257.0,1254020,21.317551,743920,79500.0,337.75,337.75,269.9,283.35,901900,25.444633,499580,79500.0
2026-03-05 09:23:00 +0530,21239.7,21242.1,21233.3,21237.1,4301536.0,256.6,267.2,238.6,248.5,836600,22.252491,743920,79500.0,280.95,301.2,272.75,279.95,794840,23.531814,499580,79500.0
2026-03-05 09:24:00 +0530,21237.85,21244.55,21236.5,21243.5,7153489.0,250.65,260.4,230.05,252.65,927220,21.395167,2435280,79500.0,274.4,290.3,243.35,247.75,841000,21.988526,1631680,79500.0
2026-03-05 09:25:00 +0530,21245.15,21245.2,21225.8,21242.3,6929560.0,259.1,259.1,235.7,252.65,887220,21.794345,2435280,79500.0,245.0,280.2,240.6,262.85,937100,22.940423,1631680,79500.0
2026-03-05 09:26:00 +0530,21241.95,21243.2,21223.45,21223.45,4470485.0,305.75,306.85,267.85,267.85,512000,22.319449,1159320,79400.0,212.3,255.75,210.9,255.75,773560,23.177888,1534140,79400.0
2026-03-05 09:27:00 +0530,21223.2,21223.2,21204.5,21204.95,5925095.0,319.3,326.3,276.7,279.3,471100,22.28847,619620,79300.0,212.65,269.5,209.15,269.5,1283100,25.4075,915940,79300.0
2026-03-05 09:28:00 +0530,21205.0,21215.15,21204.8,21211.3,3467310.0,230.05,252.15,225.15,241.4,672580,22.399728,1281080,79400.0,319.4,321.6,284.25,300.15,1193140,24.714612,1679820,79400.0
2026-03-05 09:29:00 +0530,21212.6,21213.3,21205.45,21213.3,5018302.0,293.15,302.95,285.45,300.45,248420,23.837559,843630,79300.0,251.9,258.35,232.1,245.15,683540,23.610067,1348760,79300.0
2026-03-05 09:30:00 +0530,21215.3,21221.0,21205.15,21205.15,3141823.0,246.85,254.85,227.15,227.15,521140,20.524638,1522360,79400.0,288.0,311.15,276.0,304.3,754360,25.811361,1563220,79400.0
2026-03-05 09:31:00 +0530,21204.95,21204.95,21182.4,21182.45,5548732.0,277.1,279.8,251.4,261.15,510940,20.441997,843630,79300.0,252.65,285.6,247.65,267.75,1035660,25.611221,1348760,79300.0
2026-03-05 09:32:00 +0530,21183.7,21201.6,21182.85,21199.0,5509790.0,212.6,251.45,208.25,242.05,796640,21.570773,1716620,79400.0,311.8,316.25,252.35,282.7,1025760,24.254781,1569240,79400.0
2026-03-05 09:33:00 +0530,21198.95,21207.45,21197.7,21200.5,2551718.0,240.9,253.05,233.7,233.7,613840,21.375447,1716620,79400.0,275.9,287.85,262.4,282.4,554440,23.709958,1569240,79400.0
2026-03-05 09:34:00 +0530,21201.6,21203.25,21188.9,21193.55,3775669.0,288.7,297.75,267.9,268.85,288180,22.039263,843630,79300.0,234.1,254.9,226.25,247.9,670600,23.142525,1348760,79300.0
2026-03-05 09:35:00 +0530,21195.15,21195.15,21185.4,21186.8,4715123.0,216.4,225.1,208.25,217.9,551460,20.616509,1930260,79400.0,299.2,318.35,291.95,302.5,719160,24.870936,1698220,79400.0
2026-03-05 09:36:00 +0530,21187.2,21187.2,21175.05,21178.2,4505124.0,220.1,228.85,211.1,219.0,352380,20.843381,1930260,79400.0,300.3,313.0,284.7,301.7,457780,24.69346,1698220,79400.0
2026-03-05 09:37:00 +0530,21178.7,21180.75,21171.75,21173.85,5503607.0,269.85,269.95,236.9,238.85,586520,22.355512,1176680,79300.0,252.3,295.55,252.3,289.7,1128320,23.985708,1536880,79300.0
2026-03-05 09:38:00 +0530,21174.4,21178.65,21161.5,21162.1,4972180.0,237.45,255.1,233.6,242.6,477360,22.725655,1176680,79300.0,275.55,302.55,263.15,290.5,1105620,24.047927,1536880,79300.0
2026-03-05 09:39:00 +0530,21163.1,21163.1,21152.35,21154.05,3585910.0,241.35,248.05,219.55,219.65,539520,20.458745,1176680,79300.0,289.15,299.55,277.2,298.25,675980,25.02931,1536880,79300.0
2026-03-05 09:40:00 +0530,21154.65,21159.3,21149.65,21150.7,3139007.0,272.9,289.65,270.1,276.3,265680,22.575033,686200,79200.0,248.2,251.75,237.3,247.25,653880,23.440362,1364540,79200.0
2026-03-05 09:41:00 +0530,21150.75,21172.65,21150.55,21172.5,4548251.0,179.15,239.0,177.7,235.0,744880,21.03021,2094000,79400.0,345.95,350.5,263.4,270.3,660280,23.389331,1490000,79400.0
2026-03-05 09:42:00 +0530,21173.2,21173.7,21159.65,21159.65,5282883.0,232.25,268.1,229.15,245.0,1400900,20.192189,2094000,79400.0,274.35,282.6,235.25,261.65,905480,24.321003,1490000,79400.0
2026-03-05 09:43:00 +0530,21160.1,21175.45,21159.7,21173.8,2300578.0,250.55,285.7,245.0,266.1,984940,22.243648,1986340,79400.0,255.5,261.65,229.0,244.9,652560,22.699249,1682680,79400.0
2026-03-05 09:44:00 +0530,21174.05,21174.9,21170.6,21174.4,2794128.0,219.05,240.65,214.8,234.0,1392320,21.972697,3511600,79500.0,295.2,298.9,269.25,278.25,607160,23.055638,1331660,79500.0
2026-03-05 09:45:00 +0530,21175.25,21186.7,21173.7,21179.5,4948754.0,234.45,259.45,226.05,226.05,1842060,19.687333,3511600,79500.0,273.2,278.25,250.0,273.05,1014940,24.260658,1331660,79500.0
2026-03-05 09:46:00 +0530,21180.25,21182.7,21172.1,21182.7,2949155.0,227.4,239.4,200.7,238.2,1637320,20.976429,3511600,79500.0,268.75,295.65,264.6,265.7,885980,23.42974,1331660,79500.0
2026-03-05 09:47:00 +0530,21183.4,21191.85,21182.75,21191.85,4198150.0,243.55,263.75,238.2,255.8,1409360,21.151063,3511600,79500.0,263.0,269.5,251.1,259.7,576340,24.249047,1331660,79500.0
2026-03-05 09:48:00 +0530,21192.0,21198.85,21191.65,21195.2,3507608.0,264.0,267.2,246.1,267.2,816740,23.402447,3511600,79500.0,255.2,273.6,252.2,253.9,632340,22.585949,1331660,79500.0
2026-03-05 09:49:00 +0530,21196.45,21198.2,21191.9,21193.7,2378861.0,265.4,277.65,240.0,240.0,1449860,20.259093,3511600,79500.0,254.2,272.8,251.3,272.05,551600,24.936216,1331660,79500.0
2026-03-05 09:50:00 +0530,21193.65,21200.85,21193.45,21200.85,3235161.0,245.6,271.25,240.0,262.15,929560,21.369572,3511600,79500.0,275.9,275.9,251.15,252.9,512280,24.05733,1331660,79500.0
2026-03-05 09:51:00 +0530,21201.7,21213.75,21200.1,21211.8,2508894.0,212.9,234.75,206.55,228.4,942920,20.712017,1776680,79600.0,303.4,310.05,277.5,277.5,393200,23.975925,749060,79600.0
2026-03-05 09:52:00 +0530,21212.5,21213.65,21202.4,21205.05,2671265.0,231.55,234.6,210.05,231.35,881400,21.360533,1776680,79600.0,271.45,294.8,267.3,273.1,412840,23.219338,749060,79600.0
2026-03-05 09:53:00 +0530,21206.3,21212.2,21204.9,21212.2,2330647.0,231.8,253.85,228.9,246.8,1210900,20.779591,1776680,79600.0,273.1,274.45,248.75,254.8,484160,23.562433,749060,79600.0
2026-03-05 09:54:00 +0530,21212.95,21216.95,21209.95,21216.4,1777003.0,243.0,258.3,237.8,250.6,888700,21.986451,1770720,79600.0,254.15,262.5,251.3,257.85,385020,23.03041,749060,79600.0
2026-03-05 09:55:00 +0530,21217.15,21220.75,21210.25,21220.3,2137246.0,247.15,272.6,238.85,247.3,1153480,21.89938,1770720,79600.0,255.75,266.35,250.45,265.35,512640,23.525832,749060,79600.0
2026-03-05 09:56:00 +0530,21221.05,21221.05,21201.6,21203.15,5855215.0,244.3,247.3,226.1,231.15,919400,22.124241,1805260,79600.0,266.4,286.35,264.15,277.45,597580,22.908811,1291320,79600.0
2026-03-05 09:57:00 +0530,21203.85,21203.85,21184.75,21194.4,4953944.0,232.15,239.9,216.75,238.5,730220,20.855909,1805260,79600.0,277.15,290.2,271.7,274.15,442000,24.633317,1291320,79600.0
2026-03-05 09:58:00 +0530,21194.95,21197.1,21190.65,21194.55,3836796.0,284.35,291.6,267.3,267.3,560280,21.800132,2364780,79500.0,226.9,239.4,225.8,234.55,558620,22.70878,2771760,79500.0
2026-03-05 09:59:00 +0530,21194.75,21196.05,21189.25,21189.75,2432629.0,215.1,227.15,207.65,208.45,592100,20.13618,2036180,79600.0,285.6,295.75,272.5,286.35,348120,23.771099,1352540,79600.0
2026-03-05 10:00:00 +0530,21190.95,21201.5,21190.1,21201.1,3198558.0,207.7,232.9,206.7,221.8,661680,21.321748,2036180,79600.0,289.05,289.25,268.9,275.65,380460,22.857244,1352540,79600.0
2026-03-05 10:01:00 +0530,21201.45,21212.05,21199.25,21203.2,3293161.0,223.8,242.95,221.8,230.15,670620,20.844587,2036180,79600.0,273.9,278.95,256.8,271.95,418260,23.846884,1352540,79600.0
2026-03-05 10:02:00 +0530,21204.05,21204.4,21189.95,21191.55,2119918.0,282.15,282.15,238.15,242.85,1025280,21.042811,2667390,79500.0,221.75,250.3,221.75,237.8,1025340,21.812388,3022760,79500.0
2026-03-05 10:03:00 +0530,21192.4,21195.05,21189.95,21193.95,1511545.0,250.3,254.85,239.05,239.05,490820,19.978329,2667390,79500.0,236.3,246.45,233.7,246.45,564820,23.296973,3022760,79500.0
2026-03-05 10:04:00 +0530,21193.9,21194.25,21187.55,21189.15,2532572.0,239.45,251.5,227.75,228.5,642920,19.366436,2667390,79500.0,246.3,253.0,239.15,247.15,630500,23.084423,3022760,79500.0
2026-03-05 10:05:00 +0530,21190.1,21196.3,21188.4,21196.2,4081330.0,181.0,215.5,178.55,215.45,781420,20.59042,2198660,79600.0,299.1,301.2,265.35,268.2,426500,22.54366,1435260,79600.0
2026-03-05 10:06:00 +0530,21196.65,21196.65,21192.3,21196.25,1677966.0,211.85,229.45,207.55,227.15,598120,21.372465,2198660,79600.0,270.9,279.85,251.35,254.7,318940,21.653192,1435260,79600.0
2026-03-05 10:07:00 +0530,21197.35,21204.25,21196.35,21202.2,2224695.0,226.1,237.9,210.05,219.7,828200,20.947908,2279660,79600.0,257.25,272.85,244.65,262.9,506180,22.162466,1481720,79600.0
2026-03-05 10:08:00 +0530,21202.55,21204.0,21195.05,21196.3,4422231.0,276.8,276.8,235.5,242.95,673300,19.999457,2826760,79500.0,212.15,235.5,212.15,229.5,666400,22.233473,3169680,79500.0
2026-03-05 10:09:00 +0530,21196.4,21197.9,21194.05,21196.9,1861526.0,244.2,257.2,239.65,248.1,444460,19.669366,2826760,79500.0,229.35,233.8,218.1,223.95,461540,22.459643,3169680,79500.0
2026-03-05 10:10:00 +0530,21197.4,21200.25,21195.7,21197.1,1502470.0,249.9,252.85,237.15,237.15,395320,19.868324,2868960,79500.0,222.85,234.9,222.0,234.9,414620,22.427621,3257800,79500.0
2026-03-05 10:11:00 +0530,21197.35,21197.35,21187.0,21188.05,2562168.0,234.8,237.15,209.0,210.45,1051640,18.833044,2868960,79500.0,237.15,252.2,234.9,252.2,1055900,22.716432,3257800,79500.0
2026-03-05 10:12:00 +0530,21188.85,21188.85,21183.95,21187.2,4591847.0,208.0,216.6,199.1,203.8,870540,19.598739,2986140,79500.0,252.25,259.85,244.55,257.65,1014500,21.830567,3257800,79500.0
2026-03-05 10:13:00 +0530,21187.8,21188.45,21183.55,21185.45,3192212.0,259.55,265.05,246.6,248.4,354840,20.094469,1060880,79400.0,208.65,218.55,200.65,215.0,815960,21.479428,2511460,79400.0
2026-03-05 10:14:00 +0530,21185.75,21185.75,21175.2,21175.8,3119644.0,243.9,255.85,232.7,234.1,389500,19.462899,1060880,79400.0,215.5,219.65,205.75,216.8,625780,21.08836,2511460,79400.0
2026-03-05 10:15:00 +0530,21176.65,21187.6,21175.0,21187.55,2394064.0,183.9,204.1,183.9,197.2,784020,19.464232,2986140,79500.0,269.1,269.1,247.15,256.1,719020,21.286917,3218920,79500.0
2026-03-05 10:16:00 +0530,21188.4,21190.65,21185.95,21189.45,1774992.0,197.7,203.5,189.4,199.05,626020,19.085196,2986140,79500.0,254.95,260.2,241.95,248.85,533460,21.260192,3218920,79500.0
2026-03-05 10:17:00 +0530,21190.15,21192.35,21186.3,21190.5,2911589.0,249.95,252.25,234.9,252.25,245040,20.555986,1220640,79400.0,199.15,212.85,195.7,198.05,504620,19.966625,2580800,79400.0
2026-03-05 10:18:00 +0530,21191.85,21191.85,21177.1,21180.25,3425217.0,200.1,201.3,188.15,192.3,509560,17.877037,2986140,79500.0,246.7,257.55,245.95,253.65,362200,22.385526,3218920,79500.0
2026-03-05 10:19:00 +0530,21181.25,21183.0,21170.15,21170.85,2844456.0,195.0,196.4,171.3,171.85,1107140,17.148575,2986140,79500.0,249.35,269.95,249.0,265.4,623980,22.282783,3218920,79500.0
2026-03-05 10:20:00 +0530,21171.35,21172.25,21166.05,21167.75,4237357.0,220.05,226.1,211.9,222.35,457260,17.718875,1287620,79400.0,214.35,233.0,211.65,215.9,1100260,21.778863,2719340,79400.0
2026-03-05 10:21:00 +0530,21168.5,21172.8,21167.4,21170.25,1964578.0,222.0,232.25,208.05,208.05,442420,17.416922,1356660,79400.0,217.15,230.45,209.6,229.95,735920,22.204765,2743580,79400.0
2026-03-05 10:22:00 +0530,21170.85,21170.85,21165.8,21165.8,1889057.0,205.25,209.1,197.75,197.8,641840,17.465705,1356660,79400.0,232.15,243.75,228.15,241.5,995220,22.366717,2743580,79400.0
2026-03-05 10:23:00 +0530,21165.4,21165.4,21161.75,21165.3,2796212.0,196.25,203.75,191.5,197.1,518620,19.286255,1592560,79400.0,242.35,245.05,232.6,240.45,664300,20.370839,2652160,79400.0
2026-03-05 10:24:00 +0530,21165.75,21169.6,21163.8,21167.65,1640574.0,195.5,207.65,190.8,198.45,501240,17.739623,1592560,79400.0,240.95,247.95,231.3,239.2,661420,22.011109,2652160,79400.0
2026-03-05 10:25:00 +0530,21168.2,21170.35,21162.6,21162.6,1737644.0,252.45,259.15,225.1,225.5,366960,19.438242,831420,79300.0,191.05,233.8,185.4,230.85,1110820,22.05927,2163580,79300.0
2026-03-05 10:26:00 +0530,21162.8,21162.8,21150.5,21151.05,2361622.0,220.35,227.6,208.25,211.35,869160,19.84068,931420,79300.0,234.6,282.75,230.85,272.95,1877260,24.270218,1976780,79300.0
2026-03-05 10:27:00 +0530,21152.15,21153.35,21148.1,21148.7,2124424.0,260.35,267.85,244.5,245.4,377160,20.272368,455780,79200.0,226.65,235.3,210.0,226.55,1205700,22.670556,1896200,79200.0
2026-03-05 10:28:00 +0530,21149.15,21150.15,21146.6,21147.65,2227229.0,247.7,256.85,240.95,243.05,376740,20.669237,455780,79200.0,223.7,227.9,214.2,225.15,822720,22.027487,1896200,79200.0
2026-03-05 10:29:00 +0530,21147.45,21159.15,21146.95,21153.45,2061389.0,196.3,230.9,193.2,226.35,1024620,18.471055,1323500,79300.0,270.0,272.4,221.55,222.35,1168860,22.348021,1713180,79300.0
2026-03-05 10:30:00 +0530,21153.9,21154.65,21146.95,21148.2,1916129.0,224.5,227.2,215.35,218.95,731440,20.44782,1323500,79300.0,223.85,241.2,221.6,238.85,884060,21.384655,1713180,79300.0
2026-03-05 10:31:00 +0530,21147.75,21156.15,21147.2,21155.75,2250135.0,219.55,247.8,217.2,243.3,651880,19.437519,1323500,79300.0,234.1,238.85,198.35,206.4,828460,21.450252,1713180,79300.0
2026-03-05 10:32:00 +0530,21155.75,21156.15,21147.5,21147.6,4258277.0,241.65,246.05,221.3,221.3,526020,19.076203,1323500,79300.0,205.4,228.4,202.85,227.0,650160,21.908682,1713180,79300.0
2026-03-05 10:33:00 +0530,21148.05,21148.05,21138.45,21139.0,2299058.0,220.95,221.3,207.55,216.0,407660,19.961086,1323500,79300.0,230.7,242.55,227.0,233.25,685500,21.191763,1713180,79300.0
2026-03-05 10:34:00 +0530,21139.3,21139.7,21132.2,21136.05,1525582.0,217.3,221.55,203.65,215.45,459220,19.658279,1323500,79300.0,230.35,241.15,223.25,230.35,555620,21.210276,1713180,79300.0
2026-03-05 10:35:00 +0530,21136.2,21154.45,21136.15,21153.6,2326839.0,170.2,215.85,170.2,210.5,1077360,19.547213,1961360,79400.0,277.75,282.35,220.2,224.55,696840,20.317553,1771220,79400.0
2026-03-05 10:36:00 +0530,21154.35,21154.35,21145.7,21149.85,1108881.0,211.6,227.75,196.8,216.75,1197880,19.632038,1961360,79400.0,226.8,239.05,204.55,215.35,815580,19.991613,1771220,79400.0
2026-03-05 10:37:00 +0530,21150.35,21160.5,21150.15,21160.5,1695456.0,169.5,194.3,169.4,191.65,1463540,19.195362,3793760,79500.0,269.55,269.55,230.7,235.95,741980,19.919307,1746980,79500.0
2026-03-05 10:38:00 +0530,21160.55,21161.15,21156.55,21158.25,1534871.0,192.5,199.0,181.55,192.4,1222120,18.433044,3793760,79500.0,235.85,241.9,224.4,228.0,597720,20.117782,1746980,79500.0
2026-03-05 10:39:00 +0530,21157.6,21162.3,21157.2,21162.3,1679267.0,196.05,208.7,186.25,204.1,1485520,16.688022,3793760,79500.0,224.25,229.7,213.0,213.15,667440,21.47916,1746980,79500.0
2026-03-05 10:40:00 +0530,21162.25,21165.8,21162.25,21164.15,1217005.0,209.55,222.05,204.1,207.5,1556680,18.302794,3584040,79500.0,210.25,214.85,202.75,214.75,934500,20.474209,2019740,79500.0
2026-03-05 10:41:00 +0530,21163.75,21168.3,21162.2,21168.3,1018061.0,207.5,229.9,204.95,218.8,1359720,18.572908,3584040,79500.0,214.75,216.05,196.8,204.95,921180,20.313691,2019740,79500.0
2026-03-05 10:42:00 +0530,21168.15,21169.4,21165.1,21168.4,1506374.0,173.85,203.85,171.5,201.6,1207500,20.32388,2251440,79600.0,252.35,254.85,228.4,237.6,462420,19.950849,995960,79600.0
2026-03-05 10:43:00 +0530,21168.35,21172.2,21166.9,21171.6,4442815.0,200.45,221.45,193.35,204.0,1529920,19.970621,2251440,79600.0,237.35,240.55,226.15,233.8,540720,20.264344,995960,79600.0
2026-03-05 10:44:00 +0530,21170.95,21171.25,21166.6,21167.0,1524529.0,204.35,220.75,199.95,211.6,1182560,19.123945,2251440,79600.0,235.85,235.95,218.6,225.45,527240,21.109397,995960,79600.0
2026-03-05 10:45:00 +0530,21167.4,21169.2,21158.35,21163.15,1730291.0,212.75,230.25,193.15,230.25,1229720,19.761694,2384420,79600.0,222.1,246.55,220.05,224.85,589580,22.104083,995960,79600.0
2026-03-05 10:46:00 +0530,21163.55,21166.2,21163.25,21164.45,1510793.0,227.25,232.85,216.5,219.2,1189900,19.025041,2384420,79600.0,226.85,230.15,219.2,228.35,454260,22.199528,995960,79600.0
2026-03-05 10:47:00 +0530,21164.55,21165.75,21161.1,21162.1,1638615.0,220.1,222.55,202.7,211.75,678560,18.54315,2384420,79600.0,228.0,242.95,225.65,235.9,397320,22.737536,995960,79600.0
2026-03-05 10:48:00 +0530,21162.1,21164.8,21161.05,21163.85,872841.0,213.6,226.7,211.6,219.75,576420,19.477815,2477560,79600.0,233.85,235.9,223.9,223.9,310860,21.477764,1576400,79600.0
2026-03-05 10:49:00 +0530,21164.05,21165.7,21155.7,21155.8,1539579.0,221.6,221.6,182.05,182.05,901900,18.022596,2477560,79600.0,224.15,255.2,223.9,255.2,478020,22.359304,1576400,79600.0
2026-03-05 10:50:00 +0530,21155.35,21155.35,21147.7,21149.1,2994032.0,183.05,201.15,174.4,191.65,985680,18.890215,2439760,79600.0,257.05,264.3,239.8,245.15,771880,21.486183,1752720,79600.0
2026-03-05 10:51:00 +0530,21148.95,21149.45,21138.75,21139.65,2563217.0,242.35,250.25,211.75,217.9,833240,19.146215,2693880,79500.0,197.6,216.25,192.05,212.4,972000,20.709206,3104220,79500.0
2026-03-05 10:52:00 +0530,21139.8,21141.1,21136.15,21138.85,2491997.0,221.6,234.2,217.9,233.25,462920,19.238794,2693880,79500.0,209.05,212.4,203.1,204.7,628000,21.218281,3104220,79500.0
2026-03-05 10:53:00 +0530,21138.65,21140.75,21136.5,21137.2,1995683.0,185.75,192.85,180.5,191.7,401600,19.34214,2536260,79600.0,255.5,258.8,242.8,244.5,284920,21.043922,1752720,79600.0
2026-03-05 10:54:00 +0530,21137.8,21142.2,21136.75,21140.65,1579491.0,191.9,205.15,185.85,205.15,677700,20.301938,2536260,79600.0,244.95,253.3,232.5,232.55,383780,20.284453,1752720,79600.0
2026-03-05 10:55:00 +0530,21140.85,21150.8,21140.85,21147.9,1996092.0,206.95,258.35,205.15,226.25,1915800,20.214332,2536260,79600.0,229.35,232.55,199.1,219.15,923700,21.141561,1752720,79600.0
2026-03-05 10:56:00 +0530,21148.05,21159.3,21148.05,21159.25,1943095.0,224.85,259.7,222.95,243.75,1301620,20.685028,2349120,79600.0,221.4,222.0,192.55,201.9,778660,20.628321,1824040,79600.0
2026-03-05 10:57:00 +0530,21159.2,21166.05,21159.2,21163.3,2047261.0,195.45,210.85,178.45,188.3,1057420,19.269176,1778780,79700.0,250.65,261.55,237.05,255.7,328020,21.904608,728540,79700.0
2026-03-05 10:58:00 +0530,21163.1,21163.55,21152.35,21158.5,1733464.0,190.2,192.75,163.8,188.85,889000,19.140893,2031460,79700.0,252.0,280.65,250.75,253.85,352560,21.966759,874660,79700.0
2026-03-05 10:59:00 +0530,21158.9,21163.55,21158.9,21160.6,1177110.0,187.4,198.55,176.65,193.9,947060,19.101776,2031460,79700.0,252.65,261.35,246.25,249.45,294640,22.143286,874660,79700.0
2026-03-05 11:00:00 +0530,21160.45,21165.65,21160.45,21163.4,1291858.0,193.55,198.7,180.25,190.75,729340,18.745628,2031460,79700.0,247.7,253.15,242.05,246.2,312240,21.941794,874660,79700.0
2026-03-05 11:01:00 +0530,21163.3,21165.35,21159.2,21159.4,1790127.0,244.5,248.2,215.1,215.1,725260,19.301408,2350120,79600.0,194.8,213.8,190.4,213.8,535300,20.721706,1824040,79600.0
2026-03-05 11:02:00 +0530,21159.35,21166.15,21155.5,21162.2,2443356.0,207.65,234.6,207.65,212.55,739320,19.578484,2350120,79600.0,218.3,218.55,200.1,217.35,580700,20.590623,1824040,79600.0
2026-03-05 11:03:00 +0530,21162.5,21164.45,21158.85,21160.1,2079834.0,216.3,225.95,195.9,204.15,733480,17.666181,2350120,79600.0,215.1,226.8,208.0,219.2,564540,21.857894,1824040,79600.0
2026-03-05 11:04:00 +0530,21160.5,21160.9,21152.5,21156.95,1141961.0,207.5,209.9,183.35,209.9,875580,18.188392,2366940,79600.0,218.5,234.3,210.2,210.2,717360,21.061694,2325920,79600.0
2026-03-05 11:05:00 +0530,21157.25,21159.55,21155.8,21157.3,1471672.0,207.7,213.9,196.15,199.3,623920,17.481852,2366940,79600.0,212.6,220.6,205.85,219.85,445880,21.735049,2325920,79600.0
2026-03-05 11:06:00 +0530,21157.0,21165.05,21156.35,21161.2,1866346.0,204.6,207.95,196.9,207.95,365780,18.607296,2431380,79600.0,217.75,222.5,211.65,214.25,299220,20.949756,2420600,79600.0
2026-03-05 11:07:00 +0530,21161.75,21174.8,21161.75,21165.85,2594472.0,211.0,246.7,207.95,217.5,1086240,19.398639,2431380,79600.0,211.2,214.25,184.7,203.25,842120,20.047999,2420600,79600.0
2026-03-05 11:08:00 +0530,21165.75,21169.55,21164.5,21168.8,1094997.0,215.1,234.1,210.5,214.35,631900,18.405203,2431380,79600.0,203.85,207.9,194.7,202.85,470740,20.678199,2420600,79600.0
2026-03-05 11:09:00 +0530,21168.5,21176.75,21168.5,21173.15,1360900.0,221.25,226.05,208.65,208.65,416480,16.814006,2431380,79600.0,201.15,211.0,197.45,209.65,292680,22.25771,2420600,79600.0
2026-03-05 11:10:00 +0530,21173.15,21180.7,21172.4,21180.6,1549260.0,214.25,222.0,204.3,220.0,440120,18.027785,2431380,79600.0,209.0,211.95,200.7,200.7,347880,21.326781,2420600,79600.0
2026-03-05 11:11:00 +0530,21181.1,21181.1,21176.45,21176.45,1824726.0,221.2,224.9,200.45,206.25,572740,17.768895,2431380,79600.0,201.0,216.45,198.15,211.5,516520,21.474123,2420600,79600.0
2026-03-05 11:12:00 +0530,21176.85,21178.65,21175.15,21175.5,1036451.0,209.4,214.8,202.25,205.1,341780,19.08725,2519140,79600.0,209.0,214.7,205.75,211.95,402980,20.212437,2593780,79600.0
2026-03-05 11:13:00 +0530,21176.75,21177.6,21171.9,21172.95,2842226.0,207.55,217.65,199.8,205.25,437760,17.63891,2519140,79600.0,211.3,211.95,200.0,205.2,456080,20.97416,2593780,79600.0
2026-03-05 11:14:00 +0530,21173.15,21174.0,21161.4,21161.55,4972655.0,208.45,213.3,191.15,191.2,454380,17.389379,2519140,79600.0,202.7,217.0,199.4,216.15,520380,21.04743,2593780,79600.0
2026-03-05 11:15:00 +0530,21161.45,21163.3,21155.6,21160.45,3993625.0,190.9,198.3,175.95,180.05,964760,17.382309,2609340,79600.0,215.75,228.55,210.0,221.0,786460,20.506799,2659980,79600.0
2026-03-05 11:16:00 +0530,21160.4,21167.65,21160.4,21166.25,1882750.0,182.7,196.55,179.55,191.85,512560,17.776519,2609340,79600.0,222.75,226.65,214.45,218.2,577240,20.992697,2659980,79600.0
2026-03-05 11:17:00 +0530,21166.55,21177.15,21166.55,21177.05,1890423.0,192.45,222.15,191.85,222.15,752180,19.214815,2682200,79600.0,218.15,218.2,193.4,193.4,557320,20.005374,2748540,79600.0
2026-03-05 11:18:00 +0530,21177.8,21183.45,21176.5,21176.5,2002977.0,224.4,235.55,212.8,220.3,722800,18.483279,2682200,79600.0,188.6,195.4,181.3,190.25,609080,20.221932,2748540,79600.0
2026-03-05 11:19:00 +0530,21177.55,21179.8,21173.2,21173.35,1096127.0,219.45,236.85,215.0,223.9,644180,19.822401,2682200,79600.0,190.75,193.75,179.65,189.1,543340,19.264483,2748540,79600.0
2026-03-05 11:20:00 +0530,21174.15,21174.15,21164.95,21165.65,1235462.0,223.85,228.95,210.1,211.35,511820,17.701082,2746460,79600.0,188.2,196.25,186.15,194.1,393740,20.5899,2886000,79600.0
2026-03-05 11:21:00 +0530,21166.85,21167.75,21162.85,21162.85,1518688.0,212.45,214.75,181.25,190.85,865340,17.690461,2746460,79600.0,193.7,219.65,192.7,212.25,679240,20.583874,2886000,79600.0
2026-03-05 11:22:00 +0530,21164.05,21164.3,21158.95,21159.75,1367367.0,191.0,193.65,180.4,181.1,556960,17.460796,2746460,79600.0,212.05,225.15,209.55,224.9,569400,21.129972,2886000,79600.0
2026-03-05 11:23:00 +0530,21160.55,21160.55,21153.0,21155.85,1668618.0,180.85,182.9,167.8,178.6,695460,17.465114,2746460,79600.0,222.6,233.1,218.75,223.95,682680,20.826455,2886000,79600.0
2026-03-05 11:24:00 +0530,21155.75,21156.7,21151.8,21152.25,2365658.0,177.85,184.35,172.8,177.3,412000,17.176033,2746460,79600.0,224.3,227.9,216.9,223.75,387260,21.009744,2886000,79600.0
2026-03-05 11:25:00 +0530,21153.45,21153.45,21148.25,21150.45,1863520.0,178.35,185.9,167.4,182.45,526700,17.68681,2894840,79600.0,223.45,232.5,215.3,216.55,507580,20.336739,2827580,79600.0
2026-03-05 11:26:00 +0530,21151.7,21151.75,21139.35,21140.2,3962588.0,182.5,188.0,162.05,171.4,616680,16.802968,2894840,79600.0,218.65,236.35,211.45,227.45,563940,21.236333,2827580,79600.0
2026-03-05 11:27:00 +0530,21140.85,21140.85,21134.3,21136.15,2370183.0,169.85,171.4,155.6,162.3,633020,16.696854,2894840,79600.0,228.05,241.2,227.45,231.8,606500,20.881174,2827580,79600.0
2026-03-05 11:28:00 +0530,21136.9,21136.9,21123.45,21125.1,2374501.0,211.65,211.65,174.5,177.1,1272820,17.341429,2758480,79500.0,181.65,218.2,181.65,213.4,1752060,20.01466,3711040,79500.0
2026-03-05 11:29:00 +0530,21125.9,21129.45,21122.5,21128.85,1607292.0,173.25,186.75,170.65,179.75,982460,17.591726,2758480,79500.0,213.5,224.75,205.6,215.15,1342280,20.218871,3711040,79500.0
2026-03-05 11:30:00 +0530,21130.25,21133.4,21126.0,21126.0,1695683.0,175.45,192.6,175.45,181.5,834720,17.72065,2758480,79500.0,219.1,219.8,202.15,215.15,1125980,20.291988,3711040,79500.0
2026-03-05 11:31:00 +0530,21127.3,21129.05,21118.55,21119.65,1580508.0,181.8,194.05,175.7,181.9,621540,17.077208,3050780,79500.0,212.8,221.0,203.9,215.85,799220,21.069918,3625220,79500.0
2026-03-05 11:32:00 +0530,21120.8,21120.8,21114.5,21118.25,1312209.0,183.6,183.6,173.35,180.2,434140,17.336397,3050780,79500.0,211.75,221.8,210.3,211.6,725780,20.279614,3625220,79500.0
2026-03-05 11:33:00 +0530,21118.8,21126.65,21118.3,21126.65,1341088.0,182.4,207.95,180.2,207.95,964000,17.721077,3050780,79500.0,210.15,211.6,172.25,172.25,1559500,18.637913,3625220,79500.0
2026-03-05 11:34:00 +0530,21127.7,21131.95,21121.3,21121.35,1795504.0,207.15,223.25,190.4,191.0,1174120,15.621876,3050780,79500.0,173.0,194.05,162.25,189.5,1241600,20.719284,3580440,79500.0
2026-03-05 11:35:00 +0530,21121.35,21121.35,21109.7,21111.7,1726458.0,190.35,194.15,164.6,175.6,1113880,16.159102,3050780,79500.0,189.4,219.95,189.1,210.4,1401260,20.976192,3580440,79500.0
2026-03-05 11:36:00 +0530,21112.75,21112.75,21096.95,21097.3,3851161.0,229.4,229.4,192.2,196.35,659960,17.495397,1121900,79400.0,160.7,194.75,160.7,194.75,1061280,20.159777,2748820,79400.0
2026-03-05 11:37:00 +0530,21098.7,21102.3,21095.95,21099.35,1641607.0,190.1,206.85,189.2,193.7,686840,17.458493,1121900,79400.0,191.6,202.5,180.0,195.35,1350000,20.050158,2748820,79400.0
2026-03-05 11:38:00 +0530,21099.55,21103.5,21098.05,21103.0,2052264.0,151.8,165.95,149.95,159.15,723540,16.049585,3346560,79500.0,247.85,250.95,227.35,232.2,882860,21.710133,3510800,79500.0
2026-03-05 11:39:00 +0530,21103.1,21106.65,21098.8,21100.1,1696140.0,159.9,169.5,155.75,166.5,717800,16.30857,3346560,79500.0,230.45,236.3,219.3,221.65,824460,21.188517,3096120,79500.0
2026-03-05 11:40:00 +0530,21101.2,21101.2,21096.05,21096.4,2285914.0,211.0,214.5,198.8,204.65,383760,17.848211,1312940,79400.0,174.7,188.7,170.85,180.95,628780,19.350925,2848440,79400.0
2026-03-05 11:41:00 +0530,21097.1,21099.15,21094.35,21099.15,2105512.0,204.55,220.7,199.65,219.0,389020,18.34111,1312940,79400.0,180.0,184.95,162.75,163.3,605940,18.430762,2848440,79400.0
2026-03-05 11:42:00 +0530,21100.4,21104.45,21099.3,21101.2,1927362.0,167.95,171.4,157.5,163.7,751340,16.242538,3651180,79500.0,214.4,221.8,203.6,215.6,823240,20.495249,3113360,79500.0
2026-03-05 11:43:00 +0530,21101.6,21101.7,21092.5,21093.6,1576030.0,163.8,163.8,149.2,160.55,799340,16.534273,3651180,79500.0,213.5,233.95,212.8,218.7,723600,20.205807,3113360,79500.0
2026-03-05 11:44:00 +0530,21095.1,21095.1,21090.65,21090.7,1710984.0,210.95,211.35,192.0,192.05,369540,16.162912,1506100,79400.0,168.85,185.5,168.65,185.5,646800,20.309256,3036400,79400.0
2026-03-05 11:45:00 +0530,21091.15,21091.15,21082.95,21083.1,2424640.0,188.7,199.0,183.2,191.35,587620,16.953981,1506100,79400.0,189.3,198.2,180.8,191.95,965200,20.22565,3036400,79400.0
2026-03-05 11:46:00 +0530,21083.95,21083.95,21076.2,21077.1,2075470.0,191.15,193.65,180.35,187.35,417420,17.785214,1506100,79400.0,191.15,203.4,186.45,193.35,744420,19.262357,3036400,79400.0
2026-03-05 11:47:00 +0530,21077.95,21077.95,21069.35,21069.55,1453950.0,189.25,195.65,183.9,188.15,419020,17.08978,1678440,79400.0,193.6,198.45,180.8,189.0,793220,19.597546,3033020,79400.0
2026-03-05 11:48:00 +0530,21071.0,21071.0,21059.45,21059.6,3366650.0,185.95,188.15,163.4,165.2,880960,17.856218,1678440,79400.0,189.35,222.3,188.45,221.0,1376680,19.702472,3033020,79400.0
2026-03-05 11:49:00 +0530,21059.2,21059.4,21052.9,21053.3,2231581.0,161.5,166.2,158.9,158.9,798080,16.155113,1678440,79400.0,226.15,230.3,216.85,224.15,1155360,21.220042,3033020,79400.0
2026-03-05 11:50:00 +0530,21053.75,21053.85,21050.5,21051.4,2651378.0,208.2,215.65,203.15,205.7,388300,18.105912,1037300,79300.0,180.2,186.55,173.5,185.85,1016680,20.057671,2344240,79300.0
2026-03-05 11:51:00 +0530,21051.3,21051.3,21046.55,21048.55,4233695.0,203.95,211.4,200.2,208.7,558520,19.656688,1037300,79300.0,187.8,192.0,181.5,185.1,1074780,18.87485,2344240,79300.0
2026-03-05 11:52:00 +0530,21050.0,21053.7,21047.3,21049.5,1941721.0,209.05,216.25,205.15,213.1,463780,19.05277,1368660,79300.0,186.0,191.55,175.0,181.2,899600,19.473458,2411700,79300.0
2026-03-05 11:53:00 +0530,21050.7,21050.7,21041.2,21043.65,2136443.0,210.85,217.7,206.8,215.65,352460,19.313428,1368660,79300.0,183.85,187.65,177.05,185.75,572980,19.945351,2411700,79300.0
2026-03-05 11:54:00 +0530,21044.15,21071.05,21042.5,21071.05,3297990.0,162.6,208.75,160.35,207.7,988240,20.242604,2281700,79400.0,236.8,240.55,169.9,170.55,1229640,16.843485,2499040,79400.0
2026-03-05 11:55:00 +0530,21072.1,21073.2,21067.85,21068.6,2122363.0,203.65,217.0,194.15,206.5,1406080,18.278248,2389540,79400.0,173.6,186.5,161.55,175.2,1081040,19.046869,2455820,79400.0
2026-03-05 11:56:00 +0530,21069.05,21069.05,21056.95,21057.5,1717489.0,203.15,206.5,172.8,172.8,943600,17.491362,2389540,79400.0,175.2,204.5,175.2,204.5,930500,19.563934,2455820,79400.0
2026-03-05 11:57:00 +0530,21058.3,21058.3,21043.95,21044.95,1558773.0,227.25,228.5,208.05,220.9,714100,19.332955,1355720,79300.0,160.0,186.5,158.9,180.2,1281600,19.967291,2474160,79300.0
2026-03-05 11:58:00 +0530,21046.75,21050.7,21045.45,21050.05,800831.0,168.55,186.25,167.25,179.95,642860,18.266726,2473180,79400.0,225.1,228.55,201.55,209.0,665520,20.002539,2560480,79400.0
2026-03-05 11:59:00 +0530,21051.15,21054.8,21048.95,21050.9,948689.0,179.65,195.5,176.3,180.75,691680,18.068316,2473180,79400.0,206.0,211.9,188.6,198.8,753240,19.317163,2560480,79400.0
2026-03-05 12:00:00 +0530,21052.1,21052.1,21049.1,21051.85,1463569.0,183.85,193.6,180.75,191.6,581540,17.057388,2567040,79400.0,197.65,199.15,186.65,186.65,550500,20.119236,2706560,79400.0
2026-03-05 12:01:00 +0530,21053.2,21063.5,21052.7,21061.75,1400838.0,144.3,154.75,141.95,148.25,1254800,16.102549,4679780,79500.0,238.7,240.6,223.45,234.25,725400,21.523095,2270440,79500.0
2026-03-05 12:02:00 +0530,21062.6,21064.4,21059.5,21060.75,2112362.0,198.3,198.9,183.6,186.65,527920,15.547046,2567040,79400.0,178.95,188.75,175.0,188.15,470540,21.197349,2706560,79400.0
2026-03-05 12:03:00 +0530,21060.95,21060.95,21054.7,21059.65,1070774.0,137.95,146.5,133.0,145.25,728320,15.60341,4729700,79500.0,242.3,254.95,229.55,230.5,510320,21.447194,2329620,79500.0
2026-03-05 12:04:00 +0530,21060.45,21070.2,21058.5,21069.25,1002318.0,188.65,194.9,179.75,183.7,492960,15.420237,2508540,79400.0,182.3,191.25,169.25,185.9,536180,20.899268,2878400,79400.0
2026-03-05 12:05:00 +0530,21070.7,21075.6,21070.25,21073.65,1025009.0,188.1,194.8,180.15,180.15,454640,15.019984,2508540,79400.0,182.75,191.0,173.35,190.8,648220,21.455504,2878400,79400.0
2026-03-05 12:06:00 +0530,21074.8,21074.8,21070.3,21071.1,1265393.0,180.85,192.85,178.85,181.55,704400,15.053807,2446300,79400.0,192.15,199.7,180.2,187.1,846920,21.205387,3080980,79400.0
2026-03-05 12:07:00 +0530,21072.1,21072.85,21067.1,21067.5,2284362.0,181.35,188.6,177.8,177.8,386800,17.08494,2446300,79400.0,188.7,197.95,180.0,197.95,661220,20.191451,3080980,79400.0
2026-03-05 12:08:00 +0530,21067.8,21075.75,21064.65,21075.5,2965056.0,175.9,186.2,173.8,178.9,560620,17.912246,2446300,79400.0,200.6,201.85,190.25,193.45,906240,19.074604,3080980,79400.0
2026-03-05 12:09:00 +0530,21076.65,21084.95,21075.05,21083.9,2053152.0,181.5,191.1,175.65,189.3,584500,17.934812,2422880,79400.0,190.2,197.8,177.0,177.4,913020,18.494539,3298860,79400.0
2026-03-05 12:10:00 +0530,21085.15,21094.35,21083.9,21094.35,3988734.0,191.6,204.55,185.8,202.6,755940,17.47348,2422880,79400.0,177.95,178.15,157.95,161.2,1177880,18.487941,3298860,79400.0
2026-03-05 12:11:00 +0530,21095.1,21109.95,21093.85,21109.55,8119036.0,154.45,174.35,150.5,169.65,1755260,16.383493,4321540,79500.0,209.35,212.85,182.2,186.65,980000,19.053882,2473120,79500.0
2026-03-05 12:12:00 +0530,21110.15,21113.45,21107.5,21108.8,8617534.0,171.0,183.0,161.15,173.85,1455620,16.511366,4321540,79500.0,184.8,194.5,172.65,182.5,834500,18.949567,2473120,79500.0
2026-03-05 12:13:00 +0530,21110.15,21110.15,21100.25,21100.7,11645733.0,175.25,176.4,152.8,153.0,1054540,15.662552,4321540,79500.0,182.25,198.15,179.9,198.15,611420,19.335143,2473120,79500.0
2026-03-05 12:14:00 +0530,21102.6,21119.6,21100.95,21118.7,22610463.0,153.4,177.85,150.75,176.55,1035660,17.499243,4445560,79500.0,198.05,200.6,169.8,170.1,624860,17.086232,2714360,79500.0
2026-03-05 12:15:00 +0530,21119.1,21119.1,21109.05,21111.0,20364244.0,173.5,176.55,154.0,154.25,900040,17.24157,4445560,79500.0,169.8,195.5,169.8,195.3,656500,17.543929,2714360,79500.0
2026-03-05 12:16:00 +0530,21111.8,21118.2,21107.6,21108.4,13247384.0,205.95,221.2,182.7,184.6,833460,16.273219,2137220,79400.0,146.2,161.4,136.0,159.6,793340,18.002701,3288440,79400.0
2026-03-05 12:17:00 +0530,21109.85,21113.3,21108.4,21113.0,11134457.0,181.95,193.4,180.85,185.35,600820,16.997557,2086580,79400.0,161.4,161.4,151.3,159.6,708900,17.469034,3374160,79400.0
2026-03-05 12:18:00 +0530,21113.6,21121.35,21112.85,21121.2,5475288.0,143.3,159.6,137.6,150.7,1020260,16.441958,4399760,79500.0,203.6,210.3,183.2,187.5,761760,17.364517,2830260,79500.0
2026-03-05 12:19:00 +0530,21121.55,21122.2,21117.6,21117.8,4587420.0,152.65,162.95,146.2,148.65,783820,16.863539,4657880,79500.0,186.35,193.95,177.95,192.05,622280,17.14609,2870440,79500.0
2026-03-05 12:20:00 +0530,21119.0,21135.85,21116.5,21134.45,7244518.0,148.7,179.85,147.85,177.25,1703580,17.355037,4657880,79500.0,190.4,192.05,156.2,161.55,1226080,16.6344,2870440,79500.0
2026-03-05 12:21:00 +0530,21134.75,21145.15,21134.75,21143.4,5793992.0,130.85,159.75,130.3,150.8,1913180,16.160564,3448200,79600.0,215.2,216.3,190.85,203.0,641200,19.296941,1495000,79600.0
2026-03-05 12:22:00 +0530,21144.65,21149.15,21142.8,21145.2,6949301.0,200.6,213.95,187.05,201.05,1446840,17.533709,3904000,79500.0,151.45,155.5,137.2,141.65,1008080,16.668162,3198780,79500.0
2026-03-05 12:23:00 +0530,21145.6,21148.45,21144.6,21145.2,6806637.0,151.65,157.85,147.1,150.4,895320,16.197488,3200480,79600.0,189.15,196.4,183.7,193.85,453300,18.364074,1631160,79600.0
2026-03-05 12:24:00 +0530,21145.5,21145.65,21135.85,21135.85,11712915.0,199.1,204.25,175.7,177.85,1081760,15.405964,3904000,79500.0,144.1,161.45,140.55,157.8,909940,18.179152,3198780,79500.0
2026-03-05 12:25:00 +0530,21137.05,21141.35,21136.8,21140.75,4679771.0,177.65,179.65,165.4,179.25,1056360,17.662249,3837260,79500.0,158.05,171.55,155.35,156.45,965500,16.18018,3297260,79500.0
2026-03-05 12:26:00 +0530,21141.6,21149.95,21141.45,21147.25,3178369.0,181.35,192.4,177.5,182.4,913180,16.182849,3837260,79500.0,156.5,157.35,145.9,152.4,590080,17.428266,3297260,79500.0
2026-03-05 12:27:00 +0530,21147.55,21152.6,21147.55,21151.5,2999314.0,185.65,197.45,183.9,188.9,657060,16.364801,3837260,79500.0,151.1,152.4,142.7,147.7,494740,17.379719,3297260,79500.0
2026-03-05 12:28:00 +0530,21151.75,21161.7,21151.65,21161.6,2405674.0,141.5,159.0,140.05,159.0,932220,17.626456,3366340,79600.0,199.75,199.75,178.0,178.0,390740,16.321364,1874440,79600.0
2026-03-05 12:29:00 +0530,21161.65,21167.35,21161.65,21162.95,3637338.0,162.45,166.65,154.5,159.25,1336000,15.429498,3366340,79600.0,176.55,178.0,170.05,170.05,689260,17.844186,1874440,79600.0
2026-03-05 12:30:00 +0530,21163.3,21173.15,21163.0,21172.35,5763549.0,165.6,174.05,159.25,168.65,1332740,14.17061,3057040,79600.0,168.6,172.25,163.85,165.15,679460,19.310452,2142100,79600.0
2026-03-05 12:31:00 +0530,21172.95,21174.05,21170.0,21173.0,1918127.0,170.75,175.2,163.45,165.4,1056020,15.605884,3057040,79600.0,167.0,170.25,160.55,168.3,732960,18.146024,2142100,79600.0
2026-03-05 12:32:00 +0530,21173.1,21173.35,21167.25,21169.1,2817495.0,165.5,171.05,155.75,167.1,972160,16.285778,3057040,79600.0,167.65,175.0,163.8,166.95,533740,17.568794,2142100,79600.0
2026-03-05 12:33:00 +0530,21169.25,21173.15,21167.75,21167.75,2006683.0,123.2,151.6,121.85,145.7,1884920,16.713195,2916200,79700.0,220.6,222.95,200.55,207.85,503020,18.99102,1125280,79700.0
2026-03-05 12:34:00 +0530,21167.75,21168.5,21152.1,21152.1,2618530.0,191.45,196.25,160.8,162.8,1152260,14.627275,2923640,79600.0,156.15,182.25,152.3,179.1,903860,19.975484,2504200,79600.0
2026-03-05 12:35:00 +0530,21152.45,21153.05,21145.55,21147.05,1533748.0,161.8,164.05,139.5,148.8,1226880,14.951721,2923640,79600.0,178.05,198.8,176.2,191.15,1034960,19.620207,2504200,79600.0
2026-03-05 12:36:00 +0530,21147.2,21147.65,21143.7,21146.1,1765916.0,147.6,148.8,133.8,146.1,894220,16.700921,2919500,79600.0,191.5,200.05,186.65,186.65,721100,17.047228,2597480,79600.0
2026-03-05 12:37:00 +0530,21146.6,21156.4,21146.6,21156.0,4781421.0,148.2,164.45,146.1,150.45,977860,16.302911,2919500,79600.0,180.45,186.65,170.3,182.1,625760,17.552983,2597480,79600.0
2026-03-05 12:38:00 +0530,21155.8,21157.9,21153.85,21157.9,976289.0,152.75,156.8,145.3,152.35,623040,15.970993,3132280,79600.0,179.9,189.05,175.5,180.9,440640,18.017484,2568160,79600.0
2026-03-05 12:39:00 +0530,21158.05,21166.1,21158.05,21164.4,1682089.0,155.05,166.35,152.35,160.9,662160,15.960443,3132280,79600.0,175.6,180.8,167.9,174.8,360580,18.307516,2568160,79600.0
2026-03-05 12:40:00 +0530,21164.5,21164.75,21153.1,21154.7,1155153.0,161.2,164.35,145.2,151.75,744620,14.796096,3132280,79600.0,173.6,188.7,170.2,182.8,500400,19.376942,2568160,79600.0
2026-03-05 12:41:00 +0530,21154.55,21156.15,21150.65,21153.5,3236978.0,151.05,160.2,141.25,160.2,677240,15.011823,3211980,79600.0,181.3,188.3,172.8,172.8,435580,18.984949,2648920,79600.0
2026-03-05 12:42:00 +0530,21153.95,21163.3,21153.95,21162.55,1140909.0,164.65,174.9,160.2,162.1,1057560,16.30255,3211980,79600.0,166.25,172.8,161.15,165.5,635480,17.24448,2648920,79600.0
2026-03-05 12:43:00 +0530,21162.8,21164.4,21156.8,21157.9,1209379.0,159.1,165.25,149.45,155.1,670160,16.056364,3211980,79600.0,169.15,173.9,164.9,169.85,399080,17.257062,2648920,79600.0
2026-03-05 12:44:00 +0530,21157.65,21158.4,21149.1,21149.55,796269.0,157.05,157.8,142.7,144.55,518440,14.284466,3211980,79600.0,168.5,182.9,168.5,180.25,454800,19.033765,2648920,79600.0
2026-03-05 12:45:00 +0530,21149.4,21151.1,21147.4,21149.2,1781452.0,198.7,200.05,182.0,182.55,804220,15.942266,2979000,79500.0,130.55,144.1,130.55,143.45,978580,17.301693,4373220,79500.0
2026-03-05 12:46:00 +0530,21149.35,21149.5,21131.55,21133.05,3118164.0,182.55,182.55,151.8,160.85,1252900,14.733962,2996700,79500.0,142.7,167.35,142.6,159.3,1854420,18.100743,4187920,79500.0
2026-03-05 12:47:00 +0530,21132.85,21137.3,21132.1,21134.8,1506955.0,161.7,167.9,154.8,164.35,748660,16.00387,2996700,79500.0,159.85,163.2,152.85,154.8,1057540,16.852985,4187920,79500.0
2026-03-05 12:48:00 +0530,21134.55,21137.3,21134.45,21137.3,749944.0,165.4,171.35,157.0,162.4,708780,14.071215,2996700,79500.0,154.3,159.25,147.95,153.45,839940,18.248005,4187920,79500.0
2026-03-05 12:49:00 +0530,21137.95,21148.0,21137.8,21147.8,1277950.0,162.95,173.15,160.55,167.45,647180,14.565497,3161920,79500.0,152.0,154.5,142.05,143.9,979200,17.312093,4250440,79500.0
2026-03-05 12:50:00 +0530,21148.05,21152.45,21145.9,21150.25,2216573.0,122.35,132.45,116.8,121.4,795240,14.07574,3453280,79600.0,194.8,203.7,180.7,194.3,536580,18.425176,2518380,79600.0
2026-03-05 12:51:00 +0530,21150.1,21155.95,21145.35,21155.55,2321396.0,121.3,143.7,113.15,134.45,1056920,15.253991,3453280,79600.0,196.15,207.4,169.35,177.85,827060,16.952378,2518380,79600.0
2026-03-05 12:52:00 +0530,21155.55,21159.5,21153.05,21159.5,1029549.0,137.8,144.3,125.7,142.95,853960,14.247444,3453280,79600.0,172.7,186.05,168.15,171.05,627000,18.2262,2521280,79600.0
2026-03-05 12:53:00 +0530,21159.75,21164.85,21158.1,21164.5,1345690.0,141.75,147.05,135.8,137.75,1059220,14.990257,3453280,79600.0,175.55,176.25,161.9,168.6,606020,16.71911,2521280,79600.0
2026-03-05 12:54:00 +0530,21164.45,21174.7,21164.0,21174.7,2129773.0,141.4,162.0,137.75,161.9,1128620,14.52961,3491820,79600.0,170.25,170.25,150.5,150.8,694900,17.697016,2521280,79600.0
2026-03-05 12:55:00 +0530,21174.75,21181.1,21174.75,21177.85,1306282.0,162.7,170.1,158.25,161.9,1161280,14.79583,3491820,79600.0,150.5,156.05,146.6,155.8,718320,18.023405,2652780,79600.0
2026-03-05 12:56:00 +0530,21177.65,21178.95,21174.35,21174.6,1854122.0,161.15,162.95,148.55,160.85,904200,14.885062,3491820,79600.0,155.7,164.8,152.2,156.35,607380,17.941102,2652780,79600.0
2026-03-05 12:57:00 +0530,21174.8,21179.4,21174.65,21176.3,927584.0,162.85,173.45,151.2,151.2,878540,15.798788,3419720,79600.0,154.7,164.1,150.55,164.1,535720,16.99159,2953720,79600.0
2026-03-05 12:58:00 +0530,21176.45,21176.65,21170.15,21170.2,999169.0,153.15,156.4,141.75,145.35,837700,16.168299,3419720,79600.0,163.2,171.85,160.55,167.65,571240,16.37725,2953720,79600.0
2026-03-05 12:59:00 +0530,21171.5,21178.75,21171.5,21176.7,1078110.0,146.65,165.25,145.35,156.55,758580,14.274576,3419720,79600.0,167.5,167.65,151.8,155.9,509580,18.127695,2953720,79600.0
2026-03-05 13:00:00 +0530,21176.9,21185.5,21176.9,21185.5,1314867.0,157.25,178.75,154.65,178.6,878540,16.819766,3419720,79600.0,153.7,158.25,140.2,141.05,750620,16.402539,2953720,79600.0
2026-03-05 13:01:00 +0530,21185.4,21186.35,21183.3,21183.5,1672776.0,176.4,178.6,157.5,158.45,980800,16.084802,3419720,79600.0,140.95,153.3,139.05,153.0,716580,16.430409,2953720,79600.0
2026-03-05 13:02:00 +0530,21184.1,21187.0,21182.8,21182.95,855921.0,157.1,165.8,155.25,157.65,636380,14.10326,3419720,79600.0,153.0,154.4,145.9,151.3,451820,17.980712,2953720,79600.0
2026-03-05 13:03:00 +0530,21183.3,21185.25,21168.95,21168.95,2702507.0,157.55,167.15,125.7,125.7,1077960,14.045839,3452480,79600.0,150.5,171.6,144.6,171.6,700560,17.036018,3299000,79600.0
2026-03-05 13:04:00 +0530,21169.4,21169.4,21154.55,21154.55,1675739.0,177.1,183.95,166.85,166.85,1026720,14.984538,2917580,79500.0,124.45,132.9,120.75,130.45,1609660,15.956037,4907580,79500.0
2026-03-05 13:05:00 +0530,21154.85,21158.95,21153.65,21155.15,1513472.0,118.5,130.2,118.5,126.2,782860,15.015595,3554220,79600.0,182.45,183.1,170.5,177.0,641940,16.65048,3242700,79600.0
2026-03-05 13:06:00 +0530,21155.3,21157.75,21154.05,21154.55,2189014.0,126.55,129.7,120.2,123.9,676020,14.674861,3554220,79600.0,176.7,181.55,172.0,177.8,473120,16.883484,3242700,79600.0
2026-03-05 13:07:00 +0530,21155.9,21158.25,21152.0,21155.8,1109345.0,123.55,134.45,121.4,122.25,708020,13.751225,3554220,79600.0,178.05,179.9,164.2,173.05,524540,17.250775,3242700,79600.0
2026-03-05 13:08:00 +0530,21156.95,21170.3,21155.9,21168.95,2228565.0,125.6,147.1,122.25,142.8,1013860,14.345582,3677900,79600.0,173.35,173.35,149.0,154.2,677860,16.879427,3185620,79600.0
2026-03-05 13:09:00 +0530,21168.4,21169.1,21163.45,21164.25,1590700.0,143.15,144.0,124.5,136.65,861160,15.740862,3677900,79600.0,154.2,167.25,152.6,155.6,584480,14.963333,3185620,79600.0
2026-03-05 13:10:00 +0530,21165.55,21166.3,21162.25,21163.25,2161071.0,136.15,136.95,126.05,134.0,509100,14.924429,3677900,79600.0,155.45,168.85,155.45,158.25,386800,15.862869,3185620,79600.0
2026-03-05 13:11:00 +0530,21164.1,21165.8,21158.8,21164.9,1100044.0,134.5,140.45,126.2,138.5,600380,15.5564,3765380,79600.0,158.75,167.2,153.15,156.0,406540,15.491646,3267020,79600.0
2026-03-05 13:12:00 +0530,21165.25,21176.6,21165.25,21175.25,1593533.0,137.8,155.0,136.8,136.8,1077040,14.77758,3765380,79600.0,155.7,156.0,138.8,151.85,856400,15.716193,3267020,79600.0
2026-03-05 13:13:00 +0530,21176.45,21176.45,21165.05,21166.1,1741312.0,191.35,191.75,157.9,163.7,1085180,14.679543,2971380,79500.0,106.0,125.85,106.0,121.6,1322400,15.2562,5135760,79500.0
2026-03-05 13:14:00 +0530,21167.8,21170.8,21164.45,21170.5,1377427.0,112.25,121.2,105.7,118.8,1087640,14.506985,3749900,79600.0,174.4,180.45,162.6,164.0,732240,15.26991,3248160,79600.0
2026-03-05 13:15:00 +0530,21171.5,21173.9,21169.85,21172.15,2075543.0,120.15,126.2,114.4,116.75,910260,13.859293,3749900,79600.0,162.2,166.15,153.1,166.0,560360,16.015146,3248160,79600.0
2026-03-05 13:16:00 +0530,21173.1,21173.1,21164.65,21165.5,2342676.0,116.75,120.2,99.0,103.15,1407240,12.541654,3749900,79600.0,163.15,184.6,159.5,182.25,825800,17.627681,3248160,79600.0
2026-03-05 13:17:00 +0530,21165.6,21166.2,21161.35,21165.9,2205804.0,149.6,164.35,147.25,156.2,813520,13.489068,3023520,79500.0,128.55,133.3,113.95,118.3,1397620,15.31906,5272540,79500.0
2026-03-05 13:18:00 +0530,21166.7,21167.15,21163.85,21164.05,1417535.0,156.85,159.6,139.4,139.4,738120,11.750159,3023520,79500.0,117.65,135.0,116.3,135.0,1003280,17.081632,5272540,79500.0
2026-03-05 13:19:00 +0530,21164.95,21164.95,21161.7,21163.7,1580626.0,138.15,156.7,138.15,155.35,1034160,15.289356,3278140,79500.0,135.2,135.2,122.7,122.7,1203080,14.277583,5390640,79500.0
2026-03-05 13:20:00 +0530,21165.05,21167.6,21142.5,21142.9,3776944.0,156.1,160.0,143.85,147.0,745100,15.005735,3278140,79500.0,123.0,136.3,118.9,134.6,1300340,15.020929,5390640,79500.0
2026-03-05 13:21:00 +0530,21143.65,21158.1,21142.05,21155.05,1489735.0,148.15,167.45,143.8,148.25,962980,13.606985,3278140,79500.0,134.25,137.45,116.55,130.0,1503320,15.913688,5390640,79500.0
2026-03-05 13:22:00 +0530,21155.05,21155.55,21151.4,21151.95,1641219.0,148.55,151.65,143.6,150.6,567520,14.020947,3549020,79500.0,127.7,132.15,126.1,127.25,701940,15.513747,5415760,79500.0
2026-03-05 13:23:00 +0530,21153.5,21174.95,21153.4,21174.95,2005395.0,153.25,162.1,149.55,161.5,634880,14.340716,3549020,79500.0,125.75,127.65,115.3,115.3,921600,14.948743,5415760,79500.0
2026-03-05 13:24:00 +0530,21176.4,21180.0,21173.45,21173.45,1337146.0,162.0,167.55,153.0,153.0,734680,13.205495,3466420,79500.0,114.4,120.1,109.1,120.1,1046720,15.661212,5456840,79500.0
2026-03-05 13:25:00 +0530,21173.6,21177.4,21170.8,21177.2,1426225.0,104.45,112.75,99.3,108.25,1064700,13.092851,4001620,79600.0,173.75,179.95,159.3,168.0,620260,16.409413,3127820,79600.0
2026-03-05 13:26:00 +0530,21177.65,21177.65,21162.65,21163.5,1579648.0,155.85,158.6,129.5,135.05,1042440,11.932428,3466420,79500.0,114.75,136.0,111.5,132.6,1171600,16.540364,5456840,79500.0
2026-03-05 13:27:00 +0530,21164.1,21170.9,21163.45,21169.6,1003679.0,138.55,140.6,127.8,139.65,1090880,13.244966,3578000,79500.0,130.5,133.5,121.8,123.15,1059300,14.876594,5465620,79500.0
2026-03-05 13:28:00 +0530,21170.85,21182.5,21170.7,21180.55,1147247.0,96.0,102.05,93.15,100.95,1094880,11.963495,4248260,79600.0,175.35,177.75,158.0,164.45,563540,16.513882,3070260,79600.0
2026-03-05 13:29:00 +0530,21181.2,21188.7,21180.8,21188.25,1229769.0,100.55,126.05,100.55,126.05,1901180,14.287797,4248260,79600.0,162.25,164.45,142.65,144.65,845480,14.826942,3070260,79600.0
2026-03-05 13:30:00 +0530,21190.15,21197.1,21189.55,21193.85,1462176.0,126.35,142.95,122.15,133.65,2249060,13.34223,4263460,79600.0,144.4,144.65,127.55,136.0,1462200,15.662311,3153360,79600.0
2026-03-05 13:31:00 +0530,21195.15,21197.55,21188.7,21191.4,1531493.0,133.95,141.6,125.25,140.2,1110160,13.511801,4263460,79600.0,136.4,143.45,132.25,134.35,871820,15.994109,3153360,79600.0
2026-03-05 13:32:00 +0530,21192.0,21193.4,21190.0,21193.4,851250.0,139.85,145.85,131.8,136.95,1358960,12.584102,4131480,79600.0,133.4,139.8,131.3,138.0,846920,16.908159,3632820,79600.0
2026-03-05 13:33:00 +0530,21194.05,21194.05,21172.75,21173.0,2859257.0,192.65,200.75,127.95,132.25,1577820,12.52016,3214700,79500.0,93.75,129.95,91.55,127.75,2479580,15.483198,5537240,79500.0
2026-03-05 13:34:00 +0530,21174.05,21177.85,21166.4,21177.85,1329746.0,131.85,144.25,117.7,135.45,1759640,11.437596,3214700,79500.0,130.4,137.2,110.0,112.6,2743760,14.997456,5537240,79500.0
2026-03-05 13:35:00 +0530,21178.9,21178.9,21172.75,21172.95,1414693.0,134.55,143.75,102.3,103.75,1628700,11.280189,3257420,79500.0,113.6,156.7,107.35,153.9,2341340,16.672862,5469320,79500.0
2026-03-05 13:36:00 +0530,21174.0,21175.25,21164.5,21173.9,1448757.0,100.0,109.4,80.65,103.5,3089540,11.411521,3257420,79500.0,158.4,195.4,148.95,159.45,3815640,17.147876,5469320,79500.0
2026-03-05 13:37:00 +0530,21174.65,21174.65,21163.8,21164.05,1632238.0,150.75,153.8,124.05,128.15,1004380,10.654091,1279880,79400.0,111.55,131.65,111.05,124.65,2019980,16.411356,4197520,79400.0
2026-03-05 13:38:00 +0530,21164.85,21172.35,21163.7,21167.65,788919.0,83.55,96.15,82.75,88.9,1793700,10.605702,4116960,79500.0,179.0,181.85,151.95,163.3,1554060,16.807364,4701220,79500.0
2026-03-05 13:39:00 +0530,21168.5,21170.0,21165.2,21167.1,1262399.0,89.65,94.0,83.3,88.0,1349380,11.426627,4116960,79500.0,164.65,175.5,158.45,168.2,998520,16.323498,4701220,79500.0
2026-03-05 13:40:00 +0530,21168.2,21171.5,21165.05,21165.35,1078399.0,86.65,100.85,82.9,86.8,1725120,11.282653,4576640,79500.0,166.55,178.0,146.9,171.85,1510880,16.771832,4576420,79500.0
2026-03-05 13:41:00 +0530,21167.05,21167.15,21163.2,21163.5,1098684.0,131.85,136.0,120.7,124.55,741660,11.003015,1935060,79400.0,117.2,128.4,112.2,124.2,1678920,15.903627,4296980,79400.0
2026-03-05 13:42:00 +0530,21165.0,21166.8,21163.05,21166.45,1113785.0,80.6,91.85,78.6,90.75,1532100,11.685835,4576640,79500.0,175.5,180.8,155.15,156.4,990260,15.182283,4576420,79500.0
2026-03-05 13:43:00 +0530,21167.3,21174.8,21164.4,21173.5,885606.0,90.75,105.85,88.0,99.75,2255240,11.589268,4732060,79500.0,156.5,162.2,131.2,141.8,1662180,14.835664,4387020,79500.0
2026-03-05 13:44:00 +0530,21174.0,21175.65,21168.05,21168.95,888706.0,100.25,101.2,88.7,92.8,1622860,10.980401,4732060,79500.0,140.1,153.2,137.55,146.85,1246240,15.255535,4387020,79500.0
2026-03-05 13:45:00 +0530,21170.3,21172.7,21167.8,21167.8,863199.0,90.95,100.6,85.8,86.25,1651360,11.330258,4732060,79500.0,153.85,160.8,138.35,160.15,1150760,15.525518,4387020,79500.0
2026-03-05 13:46:00 +0530,21168.3,21169.3,21162.65,21163.85,1034788.0,87.55,94.3,84.0,93.95,1274880,12.485696,5002500,79500.0,158.7,162.7,146.15,146.45,995300,13.675244,4492380,79500.0
2026-03-05 13:47:00 +0530,21165.25,21167.2,21163.55,21165.15,923964.0,94.3,99.5,91.0,99.0,1088960,11.092774,5002500,79500.0,145.95,152.7,139.1,139.1,719440,15.09389,4492380,79500.0
2026-03-05 13:48:00 +0530,21166.7,21169.0,21165.5,21165.75,1451685.0,99.5,118.15,99.0,105.4,2355700,9.864775,5002500,79500.0,138.85,140.2,117.9,128.15,1656200,15.704777,4492380,79500.0
2026-03-05 13:49:00 +0530,21167.45,21167.45,21160.15,21160.15,1310938.0,103.95,105.45,86.65,87.25,2117680,11.505089,4794000,79500.0,129.3,150.5,127.8,148.7,1370920,14.314594,4512660,79500.0
2026-03-05 13:50:00 +0530,21160.85,21160.85,21152.25,21152.75,1757841.0,88.25,88.8,73.8,79.8,2597380,10.176929,4794000,79500.0,146.6,170.25,145.0,159.25,1592640,16.107318,4512660,79500.0
2026-03-05 13:51:00 +0530,21153.35,21155.7,21149.8,21150.65,2040250.0,126.65,132.1,112.85,113.95,864900,11.587495,2015100,79400.0,106.05,123.7,103.55,122.3,1673880,14.499688,4872970,79400.0
2026-03-05 13:52:00 +0530,21151.35,21151.35,21146.15,21147.0,1100331.0,113.15,113.95,103.3,107.7,1409020,11.422117,2015100,79400.0,125.2,132.95,119.95,126.05,2367740,14.456299,4872970,79400.0
2026-03-05 13:53:00 +0530,21147.75,21147.75,21128.05,21128.05,5845512.0,107.65,109.4,98.6,100.7,1224900,11.818443,2015100,79400.0,123.25,138.3,123.25,134.6,1900740,14.25656,4872970,79400.0
2026-03-05 13:54:00 +0530,21128.8,21128.8,21121.7,21126.9,4665894.0,98.1,107.2,97.4,101.7,1172320,11.951295,2650580,79400.0,138.0,139.05,126.4,134.35,1911780,14.237275,4362060,79400.0
2026-03-05 13:55:00 +0530,21127.7,21128.55,21124.65,21125.85,1979472.0,100.35,102.8,90.0,97.05,1532940,12.119302,2650580,79400.0,134.4,157.9,131.6,150.8,2479600,15.346717,4362060,79400.0
2026-03-05 13:56:00 +0530,21125.7,21131.05,21122.25,21128.1,2281973.0,96.95,100.3,93.1,93.5,1052320,11.250457,2650580,79400.0,151.05,164.7,143.15,164.7,1777100,17.453056,4362060,79400.0
2026-03-05 13:57:00 +0530,21128.7,21131.8,21124.6,21124.9,2253918.0,145.1,150.4,131.95,135.55,880440,13.972259,1351700,79300.0,115.5,127.6,107.65,122.15,3236080,14.718487,4113400,79300.0
2026-03-05 13:58:00 +0530,21126.35,21138.4,21125.85,21137.5,1418176.0,134.6,148.3,132.35,140.95,898600,13.139711,1351700,79300.0,122.35,130.25,102.25,112.05,2550760,14.83706,4113400,79300.0
2026-03-05 13:59:00 +0530,21138.2,21139.1,21132.6,21133.0,1046068.0,141.4,144.65,135.95,136.4,576940,13.403409,1759560,79300.0,111.1,118.05,106.05,117.65,1576520,14.859327,3870060,79300.0
2026-03-05 14:00:00 +0530,21132.6,21132.6,21122.95,21123.05,1759016.0,134.1,136.4,115.65,122.95,1600700,11.549988,1759560,79300.0,117.7,136.4,117.0,129.2,2944260,16.469832,3870060,79300.0
2026-03-05 14:01:00 +0530,21123.65,21126.25,21120.45,21123.95,1398609.0,79.75,93.7,79.2,88.75,1869160,12.014689,3749640,79400.0,177.7,182.5,150.25,159.7,1589080,15.579826,3251980,79400.0
2026-03-05 14:02:00 +0530,21124.25,21130.0,21123.45,21129.1,1121425.0,135.15,149.65,131.75,141.25,1033300,12.70481,2243880,79300.0,111.9,114.6,90.9,97.35,2440260,13.650931,4086540,79300.0
2026-03-05 14:03:00 +0530,21129.25,21133.1,21128.3,21129.6,2022789.0,91.4,101.45,85.95,92.65,1931080,12.359517,3972860,79400.0,143.65,151.25,126.0,142.5,1415000,13.827523,3038260,79400.0
2026-03-05 14:04:00 +0530,21131.05,21136.45,21131.05,21133.65,1479056.0,92.5,96.4,87.6,90.7,1084180,11.470326,3972860,79400.0,141.6,150.45,136.4,145.95,1024280,15.037348,3038260,79400.0
2026-03-05 14:05:00 +0530,21133.3,21135.0,21127.45,21127.9,1337719.0,141.95,144.3,125.1,132.75,736720,13.112041,2243880,79300.0,96.7,116.55,96.3,107.95,2118280,13.847574,4086540,79300.0
2026-03-05 14:06:00 +0530,21127.9,21130.1,21123.75,21123.75,987010.0,131.7,132.9,115.65,119.35,924420,11.655445,2243880,79300.0,108.1,124.25,106.8,119.25,1874280,15.103845,4086540,79300.0
2026-03-05 14:07:00 +0530,21123.75,21136.35,21123.3,21136.35,1043991.0,75.65,94.6,72.15,94.45,1827160,11.779917,4252840,79400.0,170.65,177.35,135.0,135.0,1206240,14.030559,3082720,79400.0
2026-03-05 14:08:00 +0530,21136.7,21141.15,21132.2,21133.35,1342706.0,94.2,94.65,85.7,89.3,1398880,11.498238,4252840,79400.0,134.6,148.5,134.6,141.1,910760,14.411209,3082720,79400.0
2026-03-05 14:09:00 +0530,21133.15,21133.6,21112.1,21112.1,2599977.0,141.1,141.5,100.4,102.25,1398360,12.731907,2340020,79300.0,92.7,138.55,92.7,136.3,2943220,14.204427,4383660,79300.0
2026-03-05 14:10:00 +0530,21111.75,21112.9,21102.6,21102.6,2504466.0,101.5,105.4,86.2,87.85,2117280,11.881537,2712720,79300.0,136.75,152.0,122.0,149.0,3180900,14.765231,4216880,79300.0
2026-03-05 14:11:00 +0530,21102.1,21106.6,21097.1,21105.35,2429777.0,86.9,102.65,86.25,98.2,1561680,12.263154,2712720,79300.0,149.0,149.1,125.35,131.15,2419360,13.69719,4216880,79300.0
2026-03-05 14:12:00 +0530,21105.35,21110.35,21104.9,21106.9,1188986.0,98.85,107.5,97.9,103.0,1206700,11.55817,2712720,79300.0,129.7,135.45,115.25,121.15,1603280,13.904132,4216880,79300.0
2026-03-05 14:13:00 +0530,21106.9,21109.8,21104.25,21104.5,2846372.0,105.45,108.1,95.0,96.0,1206340,12.285966,2712720,79300.0,116.55,137.95,115.25,136.3,1452100,14.042672,4216880,79300.0
2026-03-05 14:14:00 +0530,21104.45,21105.25,21099.5,21100.6,2670969.0,96.7,104.45,92.9,101.55,1141260,12.806285,2712720,79300.0,135.7,143.55,120.55,124.35,1630580,12.841725,4216880,79300.0
2026-03-05 14:15:00 +0530,21100.85,21110.0,21100.2,21109.25,1578406.0,102.55,114.5,97.3,110.85,1473940,11.712077,3407340,79300.0,123.05,130.05,102.0,106.85,2083540,13.065982,4216880,79300.0
2026-03-05 14:16:00 +0530,21108.95,21115.3,21108.95,21109.6,2413088.0,109.35,123.4,96.95,98.55,1924220,9.691567,3407340,79300.0,105.4,128.3,93.6,126.95,2836600,15.931614,4195220,79300.0
2026-03-05 14:17:00 +0530,21110.0,21110.9,21099.1,21099.1,2130244.0,157.65,157.95,122.8,122.8,1117460,11.56652,1176000,79200.0,85.4,107.8,85.35,106.95,3997080,14.451924,4610260,79200.0
2026-03-05 14:18:00 +0530,21098.9,21100.1,21092.7,21093.85,2092054.0,120.35,133.8,120.35,130.15,1198500,11.442591,1554280,79200.0,106.9,110.7,97.25,106.65,3215480,15.190075,4702180,79200.0
2026-03-05 14:19:00 +0530,21093.55,21094.05,21083.55,21083.65,2703290.0,129.55,131.55,124.25,126.3,729880,13.382931,1554280,79200.0,106.05,112.15,102.0,105.1,2596460,13.107831,4702180,79200.0
2026-03-05 14:20:00 +0530,21083.65,21091.15,21082.25,21090.3,2144029.0,75.2,94.0,73.4,91.8,2240360,12.030136,3922660,79300.0,154.05,158.65,118.2,119.9,2389780,12.135079,3979940,79300.0
2026-03-05 14:21:00 +0530,21090.6,21095.25,21089.5,21094.4,1248555.0,91.2,110.4,87.35,105.55,2231620,12.693136,3922660,79300.0,121.9,129.65,102.95,107.75,1983020,11.794629,3979940,79300.0
2026-03-05 14:22:00 +0530,21094.45,21099.4,21093.3,21099.3,1039862.0,105.25,107.15,93.3,106.6,1449320,12.973105,3922660,79300.0,107.8,122.4,107.75,108.25,1352940,11.714371,3979940,79300.0
2026-03-05 14:23:00 +0530,21099.7,21124.15,21099.7,21123.6,2187338.0,108.15,139.5,97.85,130.15,3028420,12.847237,3922660,79300.0,107.4,110.85,74.5,81.9,3641920,11.350069,3979940,79300.0
2026-03-05 14:24:00 +0530,21123.65,21139.35,21123.65,21137.0,2228740.0,77.85,125.9,77.1,112.65,5364240,12.606721,4696360,79400.0,128.85,132.7,91.45,101.2,2039720,12.014246,2401860,79400.0
2026-03-05 14:25:00 +0530,21136.35,21136.55,21125.9,21131.7,1498088.0,113.7,128.5,96.2,116.55,4466300,13.190036,4696360,79400.0,97.15,115.5,91.5,100.55,2236520,11.840919,2401860,79400.0
2026-03-05 14:26:00 +0530,21131.6,21136.3,21130.45,21135.75,1984285.0,112.4,130.2,105.2,126.5,2692840,13.219111,3845480,79400.0,101.9,104.75,80.65,84.15,2161640,11.003879,3128520,79400.0
2026-03-05 14:27:00 +0530,21136.6,21140.35,21135.5,21139.9,1753127.0,127.7,130.85,110.9,117.25,2198700,10.326035,3845480,79400.0,81.9,91.0,78.6,87.95,2123160,12.90588,3128520,79400.0
2026-03-05 14:28:00 +0530,21140.15,21144.15,21139.15,21143.7,1193244.0,71.1,86.85,70.8,86.85,4210760,10.421995,6786340,79500.0,141.1,144.1,123.1,124.95,1394080,14.057398,2502540,79500.0
2026-03-05 14:29:00 +0530,21144.9,21150.85,21144.9,21148.8,1231972.0,84.35,94.1,79.2,83.3,4995940,10.628778,6566720,79500.0,121.5,131.5,114.15,125.8,2191920,13.523726,3322580,79500.0
2026-03-05 14:30:00 +0530,21149.0,21149.0,21134.75,21134.75,3707902.0,133.8,133.8,82.95,86.0,3712500,8.821499,3233940,79400.0,75.05,97.6,75.05,94.5,3626680,12.046123,3128520,79400.0
2026-03-05 14:31:00 +0530,21135.1,21135.1,21124.5,21124.5,1344022.0,88.8,91.3,71.4,80.65,3010980,11.125018,3233940,79400.0,95.2,107.45,91.3,102.75,3389880,9.984304,3128520,79400.0
2026-03-05 14:32:00 +0530,21124.5,21126.75,21121.25,21122.0,1602451.0,79.95,90.5,73.7,82.0,2241420,10.094876,3283560,79400.0,101.95,104.0,88.05,94.8,2433920,10.457798,4130320,79400.0
2026-03-05 14:33:00 +0530,21122.2,21125.75,21119.25,21125.6,1088985.0,81.35,88.15,75.75,82.9,1913040,8.692706,3283560,79400.0,94.4,100.15,85.7,91.7,1809200,11.590904,4130320,79400.0
2026-03-05 14:34:00 +0530,21125.8,21126.6,21121.3,21122.95,1329988.0,83.7,85.3,68.65,76.3,2452880,9.18304,3822080,79400.0,91.0,97.2,87.4,94.3,1622400,10.713498,4156160,79400.0
2026-03-05 14:35:00 +0530,21123.2,21129.95,21121.25,21128.9,1716653.0,73.45,86.35,71.4,77.15,2229080,10.980385,3822080,79400.0,94.65,96.55,81.7,91.0,2250680,8.372039,4156160,79400.0
2026-03-05 14:36:00 +0530,21129.5,21148.7,21129.1,21148.7,2798071.0,39.55,71.0,38.6,71.0,6322960,10.157001,7078760,79500.0,151.15,152.75,99.25,102.35,2228360,9.846185,2878320,79500.0
2026-03-05 14:37:00 +0530,21149.05,21167.35,21148.45,21167.0,4595469.0,69.5,116.1,67.05,110.25,8071740,11.730708,6388630,79500.0,99.75,103.25,70.25,70.25,3557720,9.300579,3488020,79500.0
2026-03-05 14:38:00 +0530,21167.95,21187.2,21167.95,21187.2,4426753.0,65.0,84.25,60.7,80.45,8420040,9.646687,5996660,79600.0,120.0,121.55,95.05,98.55,2553460,11.288076,1201500,79600.0
2026-03-05 14:39:00 +0530,21188.0,21200.5,21186.35,21199.35,3989030.0,43.55,81.3,41.5,73.55,9330840,10.727096,4695660,79700.0,162.25,167.0,125.95,133.05,1183500,13.168269,762400,79700.0
2026-03-05 14:40:00 +0530,21199.4,21232.6,21199.4,21232.6,7266293.0,42.65,130.15,42.65,130.15,9582180,14.367273,3579100,79800.0,202.5,202.75,97.2,98.15,1225040,12.304012,473640,79800.0
2026-03-05 14:41:00 +0530,21234.3,21258.15,21234.3,21251.5,12352840.0,92.85,181.9,76.25,138.85,7016740,15.434754,2608900,79900.0,142.55,204.15,106.45,151.8,1873440,18.542363,162640,79900.0
2026-03-05 14:42:00 +0530,21253.35,21262.35,21248.65,21256.85,4655618.0,147.5,148.85,97.7,132.05,3854600,16.041764,1624220,79900.0,143.95,163.95,124.15,135.05,1676620,15.236652,865580,79900.0
2026-03-05 14:43:00 +0530,21259.1,21260.5,21252.85,21255.95,4452475.0,131.2,140.85,103.0,119.7,2511880,15.915624,1624220,79900.0,139.65,150.7,126.25,136.8,1445060,14.017062,865580,79900.0
2026-03-05 14:44:00 +0530,21257.5,21265.2,21257.35,21261.25,4165133.0,175.45,178.75,135.6,135.9,2050440,14.304861,1624490,79800.0,88.05,106.45,80.0,89.4,2636160,12.060294,1762240,79800.0
2026-03-05 14:45:00 +0530,21260.55,21285.25,21255.1,21283.8,7580936.0,81.85,172.6,63.2,151.1,5393140,16.464128,1624220,79900.0,152.9,183.35,87.6,91.05,2203740,11.938179,865580,79900.0
2026-03-05 14:46:00 +0530,21284.05,21291.4,21279.15,21288.35,14495607.0,157.6,159.0,115.0,127.65,2722300,14.247308,1624220,79900.0,88.65,120.1,88.65,109.1,1850940,13.606046,865580,79900.0
2026-03-05 14:47:00 +0530,21289.0,21289.5,21272.15,21272.2,10211611.0,183.55,183.55,119.85,130.2,1958940,12.862315,1624490,79800.0,66.1,90.0,65.85,79.3,2700540,11.576494,2944240,79800.0
2026-03-05 14:48:00 +0530,21272.4,21286.95,21266.55,21286.95,4848430.0,82.2,132.4,70.35,130.65,4376640,14.552645,2184020,79900.0,131.9,147.0,91.35,91.35,1916440,11.62487,1662220,79900.0
2026-03-05 14:49:00 +0530,21287.4,21299.25,21284.25,21298.5,5516563.0,135.7,136.8,113.95,136.8,2470180,14.890515,2184020,79900.0,90.0,111.5,82.1,82.1,1852080,10.912079,1662220,79900.0
2026-03-05 14:50:00 +0530,21298.95,21319.95,21298.95,21318.75,10315183.0,86.85,146.35,80.05,130.95,8576800,14.99121,5600320,80000.0,130.7,140.95,93.65,98.35,2305540,12.11356,1378780,80000.0
2026-03-05 14:51:00 +0530,21318.85,21336.4,21317.4,21334.15,8571101.0,84.6,123.4,81.8,108.55,5683960,13.996014,2301000,80100.0,152.4,153.1,124.2,128.6,1036240,13.992222,430680,80100.0
2026-03-05 14:52:00 +0530,21334.45,21348.35,21330.2,21348.1,6943773.0,112.5,130.05,77.3,109.7,4745720,12.965552,2301000,80100.0,130.55,179.45,122.55,129.8,1268060,15.399736,430680,80100.0
2026-03-05 14:53:00 +0530,21348.15,21359.7,21347.25,21355.5,7848309.0,67.25,88.0,65.4,82.7,6293280,10.711365,2776300,80200.0,190.5,190.5,141.0,143.2,969400,16.005159,544020,80200.0
2026-03-05 14:54:00 +0530,21355.85,21365.1,21355.0,21364.55,5508066.0,50.25,88.6,48.65,83.75,8116780,12.088597,2463120,80300.0,206.95,209.2,147.8,170.4,804800,17.792023,212320,80300.0
2026-03-05 14:55:00 +0530,21365.25,21371.4,21346.4,21354.6,7608380.0,133.3,133.3,71.05,103.4,5323420,11.847441,2776300,80200.0,108.7,152.15,99.65,119.45,2471140,14.611425,544020,80200.0
2026-03-05 14:56:00 +0530,21355.05,21358.25,21350.8,21350.8,9600930.0,97.3,103.4,76.45,79.4,3822240,11.134186,2808720,80200.0,127.35,140.35,109.9,134.5,1679940,14.149865,1567240,80200.0
2026-03-05 14:57:00 +0530,21350.75,21356.7,21349.05,21350.3,10912675.0,136.2,155.45,121.45,122.85,2140480,12.668616,1439320,80100.0,82.0,89.8,60.1,80.7,2484000,11.411241,2396880,80100.0
2026-03-05 14:58:00 +0530,21350.0,21351.05,21338.15,21343.6,5543931.0,119.25,139.6,102.4,135.0,2886640,13.004418,1439320,80100.0,81.4,84.35,64.4,66.45,2771120,10.585724,2396880,80100.0
2026-03-05 14:59:00 +0530,21343.0,21367.75,21341.85,21361.4,4474065.0,37.0,81.55,36.3,81.55,7474760,10.489574,3676900,80300.0,187.95,188.9,81.35,84.4,1809140,9.267933,620440,80300.0
2026-03-05 15:00:00 +0530,21362.55,21369.25,21343.85,21347.75,8272198.0,141.3,141.6,45.4,60.85,8409180,7.634359,3665360,80200.0,45.95,131.25,44.65,101.25,6244080,11.744376,2025900,80200.0
2026-03-05 15:01:00 +0530,21348.55,21364.4,21348.55,21360.55,6714454.0,108.1,123.2,96.35,109.0,3271640,11.286592,1726440,80100.0,50.05,64.7,48.25,60.65,4606760,8.868442,3518880,80100.0
2026-03-05 15:02:00 +0530,21360.75,21361.4,21330.05,21334.5,8717394.0,176.85,183.85,121.55,146.25,2762240,14.311735,2259840,80000.0,31.75,65.75,28.55,43.4,10210720,7.901623,5297370,80000.0
2026-03-05 15:03:00 +0530,21333.5,21344.55,21330.5,21344.55,6320129.0,50.05,60.45,44.7,51.85,6709100,8.264519,4221740,80200.0,150.7,166.4,75.2,81.25,3091100,7.320255,3051560,80200.0
2026-03-05 15:04:00 +0530,21345.95,21347.25,21334.15,21336.1,6000362.0,109.45,111.55,28.55,29.5,8436340,3.647983,3188400,80100.0,38.3,85.85,35.05,71.35,5342920,8.495418,2853460,80100.0
2026-03-05 15:05:00 +0530,21336.3,21336.3,21322.8,21333.4,4848921.0,29.1,36.35,17.45,21.0,9398380,4.398816,3188400,80100.0,72.85,95.8,60.5,73.6,4452560,6.41868,2853460,80100.0
2026-03-05 15:06:00 +0530,21333.4,21344.5,21331.6,21344.5,4188201.0,20.85,34.0,18.35,28.05,8334720,4.179826,3188400,80100.0,72.85,77.35,52.25,54.7,4015280,5.719729,2853460,80100.0
2026-03-05 15:07:00 +0530,21346.3,21349.45,21337.4,21338.9,5239308.0,29.0,39.85,15.7,18.75,10168540,3.796595,4939500,80100.0,51.0,65.55,34.3,58.55,5772700,5.085443,3700240,80100.0
2026-03-05 15:08:00 +0530,21338.85,21340.75,21333.65,21338.0,5875291.0,78.65,80.0,58.05,61.5,4737240,6.794676,3193900,80000.0,14.95,32.05,14.3,24.65,13915980,3.595007,8427320,80000.0
2026-03-05 15:09:00 +0530,21338.15,21341.8,21327.65,21332.35,7855647.0,59.8,75.15,58.55,74.9,5405020,6.659776,3193900,80000.0,26.75,30.6,17.1,20.15,11471760,4.294201,8427320,80000.0
2026-03-05 15:10:00 +0530,21334.65,21335.4,21326.7,21330.15,5150852.0,14.0,14.3,6.4,8.2,11621480,2.758011,7660760,80100.0,55.15,77.35,55.05,68.15,3730760,5.548746,3321580,80100.0
2026-03-05 15:11:00 +0530,21330.5,21330.8,21309.4,21310.8,6830208.0,58.0,60.1,24.35,24.8,10602560,4.018923,4897760,80000.0,18.95,32.75,17.85,30.55,13182300,2.47614,9449060,80000.0
2026-03-05 15:12:00 +0530,21311.45,21311.45,21288.2,21288.7,5938426.0,93.55,103.75,54.3,57.55,4060340,8.844281,1648820,79900.0,6.65,22.25,5.7,19.55,16799880,0.0,6858700,79900.0
2026-03-05 15:13:00 +0530,21289.2,21293.65,21286.55,21290.5,5144960.0,56.1,67.0,46.4,48.3,4954160,8.307276,1648820,79900.0,17.7,20.7,11.25,17.6,15123840,0.0,6858700,79900.0
2026-03-05 15:14:00 +0530,21291.1,21299.55,21282.85,21287.6,7327911.0,140.0,156.05,138.1,147.3,851720,16.382409,816400,79800.0,4.75,6.85,4.2,6.0,6980560,1.942905,4236560,79800.0
2026-03-05 15:15:00 +0530,21287.35,21312.95,21287.35,21312.95,7242311.0,58.25,77.9,56.45,72.15,4302460,10.568408,2804260,79900.0,16.1,18.4,11.65,14.6,10010900,0.0,8271300,79900.0
2026-03-05 15:16:00 +0530,21312.25,21331.6,21311.25,21329.05,8652192.0,69.85,98.5,69.0,91.55,5112020,8.825969,2804260,79900.0,14.25,14.6,5.0,6.1,15562960,2.334431,8271300,79900.0
2026-03-05 15:17:00 +0530,21328.5,21330.8,21319.6,21321.15,5722779.0,95.2,115.15,91.55,102.3,3503660,10.376396,2804260,79900.0,5.55,6.1,2.95,3.7,13047100,1.825697,8271300,79900.0
2026-03-05 15:18:00 +0530,21320.75,21321.25,21308.8,21314.55,8928721.0,101.75,105.8,73.1,73.45,2740380,10.130755,2804260,79900.0,3.95,7.05,3.45,5.1,9499380,0.0,8271300,79900.0
2026-03-05 15:19:00 +0530,21315.25,21316.9,21311.6,21316.55,5574570.0,174.35,174.35,158.8,164.15,562680,20.026991,1024760,79800.0,2.1,3.2,1.9,2.9,5124080,0.570672,5633900,79800.0
2026-03-05 15:20:00 +0530,21315.6,21317.95,21312.6,21316.8,6868385.0,163.6,182.9,163.0,174.85,692880,20.184228,886000,79800.0,3.7,3.9,2.25,2.35,6669540,1.21302,6674700,79800.0
2026-03-05 15:21:00 +0530,21316.65,21324.95,21314.3,21321.2,6152793.0,174.35,191.65,172.4,181.45,622480,22.696842,886000,79800.0,2.25,2.8,1.15,2.05,5755040,0.0,6674700,79800.0
2026-03-05 15:22:00 +0530,21321.1,21324.45,21317.65,21319.7,4659292.0,181.65,188.8,179.95,183.75,414080,21.394361,886000,79800.0,2.05,2.15,0.7,1.05,5448700,0.915514,6674700,79800.0
2026-03-05 15:23:00 +0530,21319.65,21322.05,21314.35,21317.7,4754187.0,184.85,187.3,173.25,179.75,389300,21.65052,886000,79800.0,1.0,1.2,0.75,1.0,3521500,0.557123,6251740,79800.0
2026-03-05 15:24:00 +0530,21317.85,21325.6,21316.45,21324.65,11167153.0,181.6,195.65,181.3,190.7,468600,23.24369,886000,79800.0,1.0,1.1,0.4,0.4,4517340,0.32929,6251740,79800.0
2026-03-05 15:25:00 +0530,21324.3,21335.05,21320.8,21326.45,11940737.0,190.6,198.8,190.2,196.0,427380,22.504915,886000,79800.0,0.4,0.5,0.15,0.2,3110280,0.802219,6251740,79800.0
2026-03-05 15:26:00 +0530,21327.7,21330.7,21325.55,21327.1,3589921.0,97.15,105.95,95.95,104.55,1772340,13.210545,1961240,79900.0,0.35,0.4,0.1,0.15,5010680,0.0,6864120,79900.0
2026-03-05 15:27:00 +0530,21326.15,21328.55,21320.85,21321.85,5085961.0,105.0,112.9,104.55,110.0,1406660,13.26555,1961240,79900.0,0.15,0.15,0.05,0.1,3432540,0.226324,6864120,79900.0
2026-03-05 15:28:00 +0530,21322.4,21329.85,21317.1,21319.9,5975017.0,110.6,113.5,110.0,113.35,704280,14.425152,1961240,79900.0,0.1,0.1,0.05,0.05,1587700,0.0,6864120,79900.0
2026-03-05 15:29:00 +0530,21319.25,21327.75,21316.35,21322.35,5705885.0,113.65,115.4,111.4,115.35,697520,12.325007,1048960,79900.0,0.05,0.05,0.05,0.05,1484300,0.695554,4777240,79900.0
2026-03-06 09:15:00 +0530,21286.75,21287.5,21249.85,21270.2,13648573.0,1070.0,1070.0,813.75,838.8,210500,18.157669,202600,79500.0,862.0,862.25,776.1,828.9,241480,21.227498,275980,79500.0
2026-03-06 09:16:00 +0530,21269.95,21279.55,21262.2,21279.55,10030865.0,776.0,897.45,776.0,897.45,105500,19.341954,85380,79600.0,879.9,880.9,825.15,825.15,81340,21.274527,106960,79600.0
2026-03-06 09:17:00 +0530,21278.8,21280.15,21262.3,21271.45,9896431.0,889.8,897.45,845.9,858.55,98000,19.084213,85380,79600.0,824.85,851.55,817.9,838.45,88560,21.000922,106960,79600.0
2026-03-06 09:18:00 +0530,21270.5,21290.1,21268.0,21286.7,9268515.0,912.6,924.9,876.45,891.6,59640,19.168378,341740,79500.0,798.8,821.8,797.9,816.95,111000,21.162137,445920,79500.0
2026-03-06 09:19:00 +0530,21285.25,21296.3,21282.35,21291.65,6194894.0,882.35,891.6,872.3,875.95,50760,19.365505,341740,79500.0,820.05,844.75,812.45,842.6,102280,21.270066,445920,79500.0
2026-03-06 09:20:00 +0530,21292.3,21317.2,21287.55,21311.85,5680391.0,871.6,936.6,863.1,916.9,112300,19.43237,341740,79500.0,841.55,848.95,787.7,803.0,135360,21.124992,445920,79500.0
2026-03-06 09:21:00 +0530,21311.45,21351.95,21311.45,21351.25,5710956.0,861.45,881.6,854.55,869.45,67780,18.860429,172440,79600.0,836.45,848.05,816.0,816.0,69620,20.908055,192400,79600.0
2026-03-06 09:22:00 +0530,21351.85,21374.8,21351.85,21373.65,6462567.0,871.0,879.95,861.25,867.65,42380,18.989528,172440,79600.0,813.9,833.55,812.9,828.15,37720,21.045915,192400,79600.0
2026-03-06 09:23:00 +0530,21374.7,21391.15,21374.7,21380.15,6498326.0,871.95,880.55,857.65,876.4,38140,18.732237,172440,79600.0,823.95,835.55,820.0,824.85,39700,21.377576,192400,79600.0
2026-03-06 09:24:00 +0530,21379.7,21387.1,21366.8,21386.2,4310078.0,874.75,885.0,853.5,878.1,40000,18.72883,199660,79600.0,827.2,847.1,817.05,819.05,45400,21.279858,240680,79600.0
2026-03-06 09:25:00 +0530,21386.15,21413.4,21386.1,21413.1,5236552.0,823.2,874.0,814.05,867.3,62440,19.027123,146960,79700.0,863.8,873.5,833.45,843.45,28740,21.32548,126560,79700.0
2026-03-06 09:26:00 +0530,21412.4,21414.85,21399.85,21404.1,6030127.0,861.15,871.9,829.9,850.25,56400,18.962116,146960,79700.0,847.8,867.1,843.45,856.3,26580,21.32588,126560,79700.0
2026-03-06 09:27:00 +0530,21404.0,21410.25,21396.45,21405.7,5564527.0,846.4,864.25,833.0,864.25,35260,19.054974,174840,79700.0,857.1,867.0,841.1,841.1,25620,21.184278,152220,79700.0
2026-03-06 09:28:00 +0530,21405.85,21434.8,21405.85,21432.9,6430569.0,859.3,884.05,859.3,874.1,69260,18.895333,174840,79700.0,839.75,849.3,827.8,838.9,28300,21.483361,152220,79700.0
2026-03-06 09:29:00 +0530,21432.75,21433.3,21423.85,21432.55,3271058.0,875.35,884.0,858.0,874.85,33700,18.778576,174840,79700.0,839.75,855.0,833.45,839.75,27200,21.623195,152220,79700.0
2026-03-06 09:30:00 +0530,21432.1,21432.8,21420.9,21422.15,4802101.0,874.9,875.9,840.6,852.7,43120,18.812152,174840,79700.0,835.05,864.0,835.05,853.1,32220,21.44687,152220,79700.0
2026-03-06 09:31:00 +0530,21422.2,21431.8,21422.2,21430.45,6704173.0,857.7,862.8,842.0,852.7,24240,18.996595,174840,79700.0,854.6,865.8,848.45,853.2,27200,21.28427,152220,79700.0
2026-03-06 09:32:00 +0530,21431.7,21437.8,21422.8,21423.75,6563105.0,850.1,874.4,848.8,852.75,28940,18.840297,174840,79700.0,854.55,854.75,833.95,848.15,26680,21.309532,152220,79700.0
2026-03-06 09:33:00 +0530,21423.55,21429.9,21422.85,21425.85,7207857.0,854.25,879.0,851.85,862.0,29360,18.860613,174840,79700.0,847.25,849.85,828.8,847.95,16940,21.484967,152220,79700.0
2026-03-06 09:34:00 +0530,21425.25,21425.25,21400.2,21400.6,8329197.0,918.35,923.55,896.4,896.4,16700,19.092536,231580,79600.0,803.85,815.5,797.1,813.85,21580,21.237457,322460,79600.0
2026-03-06 09:35:00 +0530,21400.0,21400.75,21386.7,21393.6,5543707.0,893.05,916.5,873.6,906.1,40380,19.405859,241600,79600.0,813.65,828.45,801.0,809.9,48240,21.07419,332000,79600.0
2026-03-06 09:36:00 +0530,21393.05,21396.55,21386.65,21396.55,4608782.0,902.25,909.65,897.3,906.7,10720,19.303981,241600,79600.0,806.3,814.85,804.5,804.5,22800,21.048053,332000,79600.0
2026-03-06 09:37:00 +0530,21398.05,21413.25,21398.05,21412.5,3420330.0,853.0,894.65,850.2,887.35,44940,19.195493,225160,79700.0,848.3,848.8,810.0,820.55,46640,21.079157,210700,79700.0
2026-03-06 09:38:00 +0530,21412.35,21415.85,21407.85,21408.1,3038745.0,881.25,895.2,856.35,869.15,39260,19.127053,225160,79700.0,822.55,839.9,812.4,835.4,24860,21.111296,210700,79700.0
2026-03-06 09:39:00 +0530,21407.75,21408.8,21399.55,21402.5,3516347.0,921.7,926.95,881.85,894.4,26380,19.152739,241040,79600.0,793.3,825.0,790.4,818.35,44580,21.261465,342460,79600.0
2026-03-06 09:40:00 +0530,21402.75,21406.3,21396.4,21398.4,4069045.0,893.35,904.25,879.85,892.0,21160,19.173199,238120,79600.0,814.25,822.3,805.45,818.4,30740,21.197536,346020,79600.0
2026-03-06 09:41:00 +0530,21398.65,21410.05,21395.55,21408.8,2961616.0,832.2,870.0,825.25,853.85,22500,18.881852,243780,79700.0,864.45,869.55,823.9,836.2,29120,21.031039,223400,79700.0
2026-03-06 09:42:00 +0530,21409.7,21409.75,21398.35,21403.3,5033442.0,853.6,855.95,838.3,848.4,17400,18.886409,243780,79700.0,838.65,851.95,832.0,838.55,19620,20.967731,223400,79700.0
2026-03-06 09:43:00 +0530,21403.1,21409.55,21403.1,21409.55,2662612.0,849.7,879.9,848.4,871.9,23520,18.881695,253740,79700.0,838.85,838.85,814.0,818.35,22620,20.993142,230840,79700.0
2026-03-06 09:44:00 +0530,21409.05,21414.45,21408.5,21411.15,2991998.0,875.5,891.7,865.2,888.9,34420,19.113853,253740,79700.0,822.0,827.1,805.3,809.5,24740,20.934862,230840,79700.0
2026-03-06 09:45:00 +0530,21410.25,21413.9,21406.95,21411.2,3242332.0,883.95,905.4,874.05,877.35,54020,18.732316,255100,79700.0,812.4,822.55,802.75,822.45,26440,21.33714,248780,79700.0
2026-03-06 09:46:00 +0530,21411.35,21422.75,21408.3,21408.45,5300445.0,883.8,907.6,857.4,857.85,52440,18.739389,255100,79700.0,816.9,832.2,792.1,829.6,45260,21.097213,248780,79700.0
2026-03-06 09:47:00 +0530,21408.3,21424.45,21408.25,21424.4,2544159.0,864.4,887.4,857.15,882.75,29900,18.846246,255100,79700.0,827.6,833.65,807.4,809.9,22480,21.055833,248780,79700.0
2026-03-06 09:48:00 +0530,21424.05,21425.2,21419.05,21424.45,2591768.0,883.0,886.35,860.0,872.45,20700,18.933359,262820,79700.0,808.6,831.5,808.6,819.8,20560,21.003597,260180,79700.0
2026-03-06 09:49:00 +0530,21424.3,21425.25,21408.45,21409.95,3845233.0,873.45,873.45,841.85,851.75,32040,18.969806,262820,79700.0,820.75,842.9,819.8,834.85,35480,20.890709,260180,79700.0
2026-03-06 09:50:00 +0530,21409.8,21418.6,21409.8,21411.2,2288907.0,911.1,922.1,890.1,891.55,15500,18.845077,238360,79600.0,789.35,804.95,780.35,802.4,21300,21.110666,366580,79600.0
2026-03-06 09:51:00 +0530,21410.85,21425.0,21409.7,21422.4,2221628.0,833.05,861.75,831.15,845.3,25060,18.699726,265240,79700.0,849.4,851.65,830.0,842.15,28340,21.173886,258380,79700.0
2026-03-06 09:52:00 +0530,21421.9,21422.3,21408.15,21408.2,3587048.0,898.1,909.1,892.0,897.6,10100,19.113967,237540,79600.0,797.8,806.65,793.3,802.05,19680,20.99949,368600,79600.0
2026-03-06 09:53:00 +0530,21409.0,21410.85,21405.35,21405.45,5192145.0,894.55,898.8,883.5,883.5,17100,18.985433,237540,79600.0,803.5,810.8,798.65,809.3,22740,20.995456,368600,79600.0
2026-03-06 09:54:00 +0530,21405.4,21406.75,21399.55,21399.55,2822036.0,881.05,899.55,881.05,893.05,18340,19.117334,241520,79600.0,813.0,813.15,797.65,803.45,25160,20.940785,370980,79600.0
2026-03-06 09:55:00 +0530,21399.6,21400.45,21388.0,21389.25,2469849.0,891.0,893.8,879.45,886.4,15800,19.166558,241520,79600.0,801.9,815.0,801.9,808.3,27820,20.877983,370980,79600.0
2026-03-06 09:56:00 +0530,21389.4,21392.85,21386.2,21391.15,2758608.0,885.7,888.85,855.25,868.55,26540,19.292367,246420,79600.0,809.2,828.35,804.1,819.0,57160,20.64571,379320,79600.0
2026-03-06 09:57:00 +0530,21391.2,21394.9,21389.35,21392.75,3825151.0,870.25,882.05,860.5,872.25,14300,19.029935,246420,79600.0,818.6,827.2,810.0,819.3,35140,20.967852,379320,79600.0
2026-03-06 09:58:00 +0530,21392.45,21394.15,21381.0,21382.15,2309082.0,872.4,874.85,850.0,851.25,20000,19.063673,246420,79600.0,820.05,834.45,818.15,834.45,33340,20.851254,379320,79600.0
2026-03-06 09:59:00 +0530,21381.8,21382.65,21374.9,21382.25,2550037.0,908.5,919.85,901.7,914.6,18620,19.436431,430480,79500.0,790.0,794.1,779.3,786.6,52720,20.763147,650020,79500.0
2026-03-06 10:00:00 +0530,21381.9,21391.55,21381.9,21383.85,2574377.0,850.85,868.0,850.85,860.55,17260,19.05601,256140,79600.0,829.65,832.25,816.6,824.55,33460,20.827474,378740,79600.0
2026-03-06 10:01:00 +0530,21383.05,21383.4,21369.95,21370.4,3603011.0,860.45,860.55,845.3,850.0,16460,19.053032,256140,79600.0,823.9,837.3,823.65,835.1,30500,20.855452,378740,79600.0
2026-03-06 10:02:00 +0530,21370.1,21370.55,21360.15,21364.05,2857574.0,906.75,908.15,891.0,904.0,20580,19.375893,445820,79500.0,792.0,801.85,792.0,793.15,51140,20.760624,664120,79500.0
2026-03-06 10:03:00 +0530,21364.6,21384.3,21364.6,21378.85,2496628.0,848.0,878.55,845.5,866.4,35580,18.937745,267260,79600.0,830.95,835.0,800.05,814.75,55760,20.830567,371940,79600.0
2026-03-06 10:04:00 +0530,21378.3,21378.65,21358.3,21364.9,3204860.0,867.1,869.45,849.2,866.35,18300,19.114638,267700,79600.0,815.7,828.4,805.55,810.9,26100,20.582568,367680,79600.0
2026-03-06 10:05:00 +0530,21364.55,21365.25,21353.35,21353.95,1674545.0,863.95,866.35,845.0,845.0,22240,18.855509,267700,79600.0,810.95,833.7,809.5,831.8,30140,20.857177,367680,79600.0
2026-03-06 10:06:00 +0530,21354.05,21368.8,21354.05,21368.8,2864128.0,847.9,861.5,844.55,857.95,12880,19.025048,267700,79600.0,835.0,835.0,817.0,820.15,31680,20.707512,367680,79600.0
2026-03-06 10:07:00 +0530,21368.5,21376.05,21367.5,21376.05,2045677.0,858.65,879.0,857.95,876.55,19880,18.977036,275440,79600.0,822.45,822.45,796.05,799.9,34380,20.663595,376300,79600.0
2026-03-06 10:08:00 +0530,21376.15,21378.3,21374.55,21378.3,2850055.0,877.35,888.9,872.9,883.2,31080,18.871549,275440,79600.0,797.05,803.0,781.3,791.7,35300,20.699445,376300,79600.0
2026-03-06 10:09:00 +0530,21377.9,21386.2,21377.9,21381.75,5651905.0,883.45,898.15,873.45,884.95,34220,18.897469,275440,79600.0,790.65,805.55,778.0,797.15,37760,20.844521,376300,79600.0
2026-03-06 10:10:00 +0530,21381.9,21385.05,21378.4,21380.6,3920050.0,886.6,889.55,872.0,884.7,14340,18.815967,276760,79600.0,792.85,807.5,792.7,794.35,18680,20.844771,377280,79600.0
2026-03-06 10:11:00 +0530,21381.5,21383.95,21379.0,21382.65,4137059.0,883.0,885.05,872.5,879.65,9520,18.830797,276760,79600.0,798.55,807.8,795.15,801.05,13180,20.890035,377280,79600.0
2026-03-06 10:12:00 +0530,21383.0,21386.25,21381.35,21382.6,2693983.0,882.25,889.75,875.35,880.3,14460,18.942918,279460,79600.0,796.05,803.55,791.05,800.45,13500,20.794091,381680,79600.0
2026-03-06 10:13:00 +0530,21382.45,21383.75,21377.05,21377.35,2820234.0,881.4,881.95,862.45,879.5,19140,18.784024,279460,79600.0,797.8,806.65,790.45,790.45,19280,20.679179,381680,79600.0
2026-03-06 10:14:00 +0530,21377.85,21384.35,21377.5,21381.5,2971764.0,882.9,888.7,869.0,873.3,12940,18.696502,279460,79600.0,791.4,799.35,785.95,797.85,15140,20.805421,381680,79600.0
2026-03-06 10:15:00 +0530,21381.5,21389.2,21379.9,21388.7,2195754.0,872.0,889.95,868.0,885.8,14780,18.836339,279660,79600.0,799.0,802.8,783.0,785.65,19580,20.652694,385140,79600.0
2026-03-06 10:16:00 +0530,21388.55,21394.4,21383.25,21383.7,2995230.0,832.45,841.9,823.3,823.3,26440,18.378312,301200,79700.0,829.3,837.95,820.0,836.35,18760,20.905617,253120,79700.0
2026-03-06 10:17:00 +0530,21384.05,21387.55,21383.9,21386.15,1774726.0,829.1,841.0,823.3,841.0,12480,18.529798,301200,79700.0,831.2,836.35,822.15,824.4,5920,20.866812,253120,79700.0
2026-03-06 10:18:00 +0530,21386.4,21389.05,21385.8,21388.5,1560199.0,837.5,847.8,834.1,844.0,20640,18.502221,301200,79700.0,824.35,829.2,818.75,823.4,12840,20.933378,253120,79700.0
2026-03-06 10:19:00 +0530,21388.75,21390.3,21383.65,21386.1,1768678.0,844.25,847.4,832.95,847.4,23280,18.467023,301200,79700.0,824.2,833.75,821.5,821.5,11540,20.993198,253120,79700.0
2026-03-06 10:20:00 +0530,21386.05,21386.05,21376.25,21377.75,2893556.0,844.15,847.4,830.0,839.45,12800,18.479123,301200,79700.0,824.85,834.7,821.5,825.9,12120,20.920881,253120,79700.0
2026-03-06 10:21:00 +0530,21377.65,21381.55,21377.1,21381.45,1677427.0,837.8,843.0,828.1,831.7,13080,18.428586,301200,79700.0,826.1,837.0,822.4,832.5,15600,20.959557,270620,79700.0
2026-03-06 10:22:00 +0530,21381.35,21385.45,21379.8,21385.45,1216146.0,827.85,839.15,824.5,837.65,12360,18.608203,301200,79700.0,835.45,835.45,822.0,822.55,11760,20.690788,270620,79700.0
2026-03-06 10:23:00 +0530,21385.45,21388.3,21383.75,21388.3,1667309.0,837.6,842.0,829.1,839.1,11200,18.624334,320260,79700.0,822.6,831.0,819.9,819.9,10960,20.646451,275420,79700.0
2026-03-06 10:24:00 +0530,21388.6,21391.9,21387.2,21390.2,1802220.0,841.3,843.1,831.8,840.4,12880,18.582745,320260,79700.0,820.9,827.9,818.1,821.45,9760,20.750568,275420,79700.0
2026-03-06 10:25:00 +0530,21390.2,21401.0,21389.35,21400.8,2181446.0,842.95,848.5,836.0,848.2,22280,18.6217,320260,79700.0,822.95,826.6,816.2,817.0,9980,20.777922,275420,79700.0
2026-03-06 10:26:00 +0530,21400.3,21400.7,21389.05,21389.55,2227412.0,847.65,852.15,819.2,819.2,25140,18.327688,320200,79700.0,817.95,837.0,816.75,836.95,13660,20.897507,278900,79700.0
2026-03-06 10:27:00 +0530,21389.25,21390.15,21383.4,21389.3,1260793.0,875.0,876.6,856.0,876.6,27700,18.90236,288640,79600.0,794.7,805.0,791.7,795.3,39460,20.660308,391820,79600.0
2026-03-06 10:28:00 +0530,21389.45,21389.65,21384.45,21384.55,1039514.0,873.35,876.6,857.9,860.7,14780,18.719434,288640,79600.0,797.85,805.0,795.0,802.75,16960,20.668616,391820,79600.0
2026-03-06 10:29:00 +0530,21384.6,21384.7,21381.0,21382.7,1583144.0,859.85,872.0,855.6,864.25,10660,18.655183,281880,79600.0,804.0,806.5,793.0,793.85,21700,20.589071,391880,79600.0
2026-03-06 10:30:00 +0530,21382.6,21383.2,21369.05,21371.05,1743001.0,864.6,865.9,845.6,847.85,24080,18.696157,281880,79600.0,793.0,814.95,793.0,814.95,39400,20.712288,391880,79600.0
2026-03-06 10:31:00 +0530,21371.25,21372.25,21369.0,21369.95,1370400.0,847.6,859.25,844.85,853.9,21520,18.979313,284040,79600.0,816.3,816.3,806.05,813.55,29980,20.55588,387220,79600.0
2026-03-06 10:32:00 +0530,21369.4,21371.45,21368.2,21368.4,2080026.0,854.3,854.3,847.9,848.0,18860,18.794521,284040,79600.0,810.8,813.9,808.3,811.3,22780,20.54451,387220,79600.0
2026-03-06 10:33:00 +0530,21368.7,21369.05,21359.65,21359.65,1827576.0,904.15,906.9,895.35,896.2,14420,19.105335,474320,79500.0,769.65,777.55,768.65,776.4,32800,20.496072,709080,79500.0
2026-03-06 10:34:00 +0530,21359.65,21360.65,21354.75,21354.95,1262202.0,895.7,902.05,889.75,890.95,28360,19.132673,474320,79500.0,777.45,790.5,774.0,790.5,51260,20.703253,709080,79500.0
2026-03-06 10:35:00 +0530,21355.3,21356.2,21349.35,21351.8,1757460.0,889.6,890.95,872.95,885.5,63620,19.090413,474320,79500.0,789.4,806.0,789.4,794.9,85400,20.734294,709080,79500.0
2026-03-06 10:36:00 +0530,21351.4,21352.4,21340.15,21340.5,2293099.0,885.5,890.8,872.2,874.5,22980,19.161772,474320,79500.0,792.2,807.75,789.05,805.35,48680,20.693206,709080,79500.0
2026-03-06 10:37:00 +0530,21340.35,21351.85,21335.45,21350.9,1971756.0,874.8,893.65,870.0,886.75,33080,19.152331,501060,79500.0,807.95,809.0,785.5,792.6,59840,20.655622,724780,79500.0
2026-03-06 10:38:00 +0530,21350.6,21354.65,21349.85,21354.05,1961137.0,886.1,896.0,886.1,892.85,22640,19.016546,501060,79500.0,794.2,796.35,780.65,786.05,28900,20.743695,724780,79500.0
2026-03-06 10:39:00 +0530,21354.05,21360.75,21353.1,21357.55,1780812.0,892.8,903.45,880.05,887.45,26280,19.096977,501060,79500.0,786.65,799.5,771.5,792.65,36700,20.723254,719940,79500.0
2026-03-06 10:40:00 +0530,21357.4,21358.65,21352.65,21353.7,1265177.0,885.65,887.45,872.0,873.9,20360,18.94573,501060,79500.0,792.05,806.0,792.05,804.7,42660,20.863119,719940,79500.0
2026-03-06 10:41:00 +0530,21353.25,21354.15,21352.15,21353.25,1399543.0,873.6,882.35,873.15,880.7,18040,19.126927,501060,79500.0,803.35,805.55,797.05,799.15,32020,20.716199,719940,79500.0
2026-03-06 10:42:00 +0530,21353.2,21354.05,21350.75,21353.75,1183959.0,820.6,845.0,820.05,841.15,17120,18.759356,268720,79600.0,844.85,845.0,817.7,823.05,34060,20.728773,358620,79600.0
2026-03-06 10:43:00 +0530,21353.4,21354.35,21350.7,21353.15,1217905.0,841.45,846.0,836.55,836.55,16040,18.761402,268720,79600.0,821.75,830.75,816.85,828.6,17120,20.76144,358620,79600.0
2026-03-06 10:44:00 +0530,21353.7,21356.05,21351.05,21355.55,857543.0,892.0,894.9,881.25,881.85,17440,18.820211,505280,79500.0,786.55,793.6,785.65,792.95,24720,20.863592,719500,79500.0
2026-03-06 10:45:00 +0530,21355.25,21359.4,21354.5,21359.4,1586985.0,882.9,885.15,876.0,882.9,12420,18.904559,505280,79500.0,792.2,800.0,790.5,794.4,25060,20.849297,719500,79500.0
2026-03-06 10:46:00 +0530,21359.6,21362.1,21348.4,21348.6,1669184.0,882.1,892.45,873.0,877.3,15660,19.05794,505280,79500.0,793.9,805.15,786.05,798.6,32500,20.702585,719500,79500.0
2026-03-06 10:47:00 +0530,21348.3,21351.3,21343.6,21343.6,1716539.0,876.95,881.8,870.5,870.65,13020,18.942344,505280,79500.0,798.15,805.6,796.05,803.65,25460,20.787342,719500,79500.0
2026-03-06 10:48:00 +0530,21343.2,21343.75,21333.15,21335.7,1836161.0,871.15,871.15,850.05,854.3,40080,19.009931,517820,79500.0,805.75,823.8,803.65,818.35,86000,20.733084,727320,79500.0
2026-03-06 10:49:00 +0530,21335.55,21336.35,21295.8,21301.05,8326423.0,913.8,916.15,886.65,887.5,16560,19.126935,74980,79400.0,775.85,799.0,774.2,799.0,31120,20.916968,182340,79400.0
2026-03-06 10:50:00 +0530,21300.6,21322.6,21295.45,21321.35,6698363.0,885.7,909.9,873.1,907.3,23860,19.306142,87560,79400.0,799.05,815.6,779.3,790.65,50280,20.971677,189260,79400.0
2026-03-06 10:51:00 +0530,21322.0,21322.65,21314.65,21316.9,2358304.0,848.5,865.0,846.35,863.1,32200,19.162144,553480,79500.0,836.9,839.85,824.0,830.85,43620,21.088826,707640,79500.0
2026-03-06 10:52:00 +0530,21316.8,21326.1,21315.8,21316.15,2311908.0,865.05,889.85,863.1,869.5,56740,19.026856,553480,79500.0,829.5,830.85,791.3,816.75,80840,21.011258,707640,79500.0
2026-03-06 10:53:00 +0530,21315.75,21316.15,21305.7,21311.15,2645933.0,866.9,869.5,854.0,862.55,29760,19.220537,557880,79500.0,820.0,842.3,816.75,834.15,52720,21.107183,704240,79500.0
2026-03-06 10:54:00 +0530,21310.8,21314.9,21305.15,21305.45,1248891.0,861.4,869.05,856.25,858.65,12300,19.196102,557880,79500.0,835.25,840.0,824.2,838.65,30260,21.15452,704240,79500.0
2026-03-06 10:55:00 +0530,21305.25,21305.65,21293.3,21296.9,2264853.0,852.85,860.3,849.05,857.5,32680,19.212452,557880,79500.0,839.6,843.9,830.55,837.2,36620,21.082343,704240,79500.0
2026-03-06 10:56:00 +0530,21297.0,21298.1,21283.6,21286.8,2090129.0,912.9,913.4,895.8,903.2,7960,19.436777,94060,79400.0,794.45,810.65,791.95,802.45,29660,21.070041,198980,79400.0
2026-03-06 10:57:00 +0530,21286.55,21291.2,21286.55,21287.05,1089926.0,904.15,904.15,896.0,898.55,9140,19.360676,94060,79400.0,802.0,810.5,801.55,803.5,15360,21.066927,198980,79400.0
2026-03-06 10:58:00 +0530,21286.5,21290.1,21285.6,21290.0,2513223.0,897.95,905.2,893.0,904.65,8060,19.323697,101740,79400.0,803.8,810.0,791.35,792.2,21740,20.955898,205850,79400.0
2026-03-06 10:59:00 +0530,21290.6,21294.95,21288.3,21293.35,3467185.0,905.0,912.1,895.75,910.05,7480,19.365961,101740,79400.0,791.4,803.4,780.6,780.6,18780,20.754574,205850,79400.0
2026-03-06 11:00:00 +0530,21293.6,21320.5,21293.6,21316.55,2217899.0,855.1,882.8,852.15,874.9,44760,18.981109,578020,79500.0,825.8,829.9,792.3,806.4,63200,20.93395,693100,79500.0
2026-03-06 11:01:00 +0530,21316.75,21327.4,21316.75,21321.6,3253099.0,875.4,890.0,874.9,880.0,37220,18.809083,581760,79500.0,801.65,806.5,780.75,798.0,58960,20.98972,681420,79500.0
2026-03-06 11:02:00 +0530,21321.3,21327.35,21318.05,21327.15,2060969.0,824.5,847.15,822.15,844.85,35320,18.792586,303420,79600.0,842.5,842.5,805.85,817.65,30720,20.690463,337660,79600.0
2026-03-06 11:03:00 +0530,21327.0,21327.8,21316.9,21316.9,1225308.0,903.05,903.85,890.0,894.65,32140,19.03137,581760,79500.0,774.8,787.4,772.45,782.9,37300,20.742296,681420,79500.0
2026-03-06 11:04:00 +0530,21316.8,21317.5,21312.95,21314.65,1214367.0,837.95,853.45,836.3,849.95,35260,18.812097,305140,79600.0,826.4,829.0,807.45,810.0,21760,20.604013,340480,79600.0
2026-03-06 11:05:00 +0530,21314.6,21323.25,21314.2,21323.25,2431879.0,855.3,858.45,848.45,855.5,29640,18.729514,305140,79600.0,809.1,813.85,800.1,808.5,26800,20.761573,340480,79600.0
2026-03-06 11:06:00 +0530,21322.95,21325.3,21318.25,21318.9,1029810.0,859.0,863.4,855.5,857.55,29580,18.706123,293140,79600.0,806.9,810.9,800.0,807.65,19660,20.807104,340980,79600.0
2026-03-06 11:07:00 +0530,21318.8,21323.1,21317.4,21319.95,1337828.0,858.2,872.5,855.0,864.15,58480,18.712145,293140,79600.0,809.25,810.95,791.4,804.55,31120,20.867905,340980,79600.0
2026-03-06 11:08:00 +0530,21319.15,21319.5,21311.5,21312.1,1313057.0,866.35,869.7,843.3,848.6,25160,18.689837,293140,79600.0,804.6,823.2,801.65,819.25,27700,20.912972,340980,79600.0
2026-03-06 11:09:00 +0530,21311.95,21313.95,21305.1,21313.9,976560.0,849.2,859.05,836.0,858.0,30920,19.066134,294180,79600.0,822.15,831.75,807.75,812.95,52120,20.628542,348980,79600.0
2026-03-06 11:10:00 +0530,21313.95,21316.8,21311.0,21311.0,1043253.0,856.6,858.0,843.1,843.1,12240,18.821176,294180,79600.0,814.05,826.0,812.95,822.7,20160,20.763504,348980,79600.0
2026-03-06 11:11:00 +0530,21310.85,21313.85,21306.6,21306.65,1105755.0,899.85,911.3,885.5,886.85,13180,18.920499,574040,79500.0,780.25,789.65,773.3,788.6,22660,20.829975,702240,79500.0
2026-03-06 11:12:00 +0530,21306.7,21307.6,21301.45,21303.4,974019.0,884.85,891.0,874.05,880.55,25400,19.086444,566520,79500.0,788.2,795.95,786.95,791.5,46160,20.628309,719600,79500.0
2026-03-06 11:13:00 +0530,21303.15,21303.75,21296.65,21298.1,1038008.0,879.9,884.65,870.85,880.1,12940,18.882199,566520,79500.0,792.35,797.65,788.0,794.3,27580,20.86464,719600,79500.0
2026-03-06 11:14:00 +0530,21298.5,21299.25,21292.9,21294.85,1195679.0,878.35,882.0,873.25,881.2,10680,18.999974,566520,79500.0,794.95,797.6,789.7,789.95,16800,20.683818,719600,79500.0
2026-03-06 11:15:00 +0530,21295.05,21295.9,21291.65,21293.7,1579467.0,878.25,881.2,860.7,872.65,23040,19.049985,567140,79500.0,791.75,803.75,789.4,801.75,33660,20.745958,722420,79500.0
2026-03-06 11:16:00 +0530,21293.75,21299.95,21292.15,21292.35,1586293.0,872.65,884.3,862.15,866.75,32880,18.931049,567140,79500.0,800.35,802.55,782.0,798.9,57220,20.660627,722420,79500.0
2026-03-06 11:17:00 +0530,21292.45,21292.95,21285.95,21291.3,1366254.0,866.15,869.9,853.35,862.45,27080,18.934308,567140,79500.0,798.85,815.0,798.85,806.45,45820,20.749436,722420,79500.0
2026-03-06 11:18:00 +0530,21290.8,21296.75,21290.8,21292.0,1383551.0,863.05,865.95,840.0,845.1,21220,18.910815,567140,79500.0,810.0,827.35,802.7,825.0,40540,20.844309,722420,79500.0
2026-03-06 11:19:00 +0530,21291.6,21295.3,21289.3,21295.3,1172938.0,845.75,858.7,841.3,858.6,17780,19.011245,567140,79500.0,823.9,829.2,809.9,809.9,50700,20.685663,722420,79500.0
2026-03-06 11:20:00 +0530,21295.7,21304.4,21295.7,21304.15,1233367.0,858.45,870.75,856.95,867.2,25480,18.764382,567140,79500.0,808.85,811.4,791.65,796.75,38160,20.772432,722420,79500.0
2026-03-06 11:21:00 +0530,21304.35,21306.85,21302.95,21306.75,736734.0,865.9,873.65,865.0,867.65,18320,18.740315,567140,79500.0,795.3,799.9,789.1,795.85,20680,20.783175,722420,79500.0
2026-03-06 11:22:00 +0530,21306.5,21308.45,21300.75,21301.2,1954223.0,869.25,869.25,845.8,846.3,21880,18.577851,567140,79500.0,794.25,818.5,794.25,818.0,35700,21.009406,722420,79500.0
2026-03-06 11:23:00 +0530,21300.95,21304.45,21300.95,21301.8,6443899.0,845.05,857.25,845.05,852.05,13080,18.825334,567140,79500.0,819.3,819.3,810.45,813.6,24620,20.808468,722420,79500.0
2026-03-06 11:24:00 +0530,21301.7,21302.45,21294.0,21294.0,1138114.0,848.85,855.75,838.05,839.35,27880,18.869606,567140,79500.0,814.0,826.75,809.9,825.2,51500,20.774145,722420,79500.0
2026-03-06 11:25:00 +0530,21294.55,21295.05,21289.05,21293.3,6522706.0,836.9,845.95,833.95,837.55,18020,18.818721,567140,79500.0,827.8,834.1,821.1,829.2,37540,20.878877,722420,79500.0
2026-03-06 11:26:00 +0530,21292.9,21296.05,21290.85,21296.05,846852.0,895.55,898.2,888.0,895.35,5060,19.035806,94800,79400.0,783.5,794.8,783.5,785.65,15140,20.911012,220900,79400.0
2026-03-06 11:27:00 +0530,21295.1,21303.35,21294.75,21300.75,979778.0,836.7,846.35,835.0,844.3,27520,18.878035,567140,79500.0,828.0,832.0,814.45,815.9,34340,20.65795,722420,79500.0
2026-03-06 11:28:00 +0530,21301.1,21302.15,21296.85,21298.4,779906.0,901.9,903.0,890.0,891.15,6920,18.951108,94800,79400.0,773.1,792.85,772.85,791.5,17180,21.041574,224200,79400.0
2026-03-06 11:29:00 +0530,21298.05,21305.7,21298.05,21305.5,1626501.0,832.7,851.0,832.7,848.1,16700,18.835594,567140,79500.0,833.2,835.3,809.5,812.2,36500,20.693674,722420,79500.0
2026-03-06 11:30:00 +0530,21304.95,21308.7,21303.8,21304.05,1196728.0,848.1,860.0,844.1,849.65,37000,18.720625,567140,79500.0,814.95,815.65,797.4,810.75,39640,20.796799,722420,79500.0
2026-03-06 11:31:00 +0530,21304.25,21305.05,21295.0,21298.4,2600024.0,850.45,850.45,837.5,844.15,27980,18.693673,619160,79500.0,810.75,826.0,810.75,815.05,45680,20.808402,704880,79500.0
2026-03-06 11:32:00 +0530,21298.4,21310.7,21298.4,21309.0,1193441.0,846.3,858.8,844.15,853.0,24220,18.750448,619160,79500.0,811.4,815.05,796.25,804.0,37720,20.684172,704880,79500.0
2026-03-06 11:33:00 +0530,21308.85,21309.45,21303.1,21307.05,1345469.0,852.7,856.8,843.1,854.1,15720,18.753819,619160,79500.0,803.65,814.65,799.2,801.95,20940,20.657508,704880,79500.0
2026-03-06 11:34:00 +0530,21307.05,21311.15,21306.95,21311.15,1013549.0,857.0,865.0,854.1,863.15,22780,18.769727,619160,79500.0,800.85,801.95,787.15,789.65,37060,20.541763,704880,79500.0
2026-03-06 11:35:00 +0530,21311.0,21319.2,21311.0,21319.1,2472716.0,861.85,874.4,861.5,873.65,24240,18.762728,619160,79500.0,791.05,791.85,777.0,779.6,27160,20.527229,704880,79500.0
2026-03-06 11:36:00 +0530,21318.75,21322.65,21318.5,21318.8,4658200.0,876.75,876.9,862.9,863.75,30720,18.534996,619160,79500.0,776.5,791.25,774.35,788.2,36940,20.726992,704880,79500.0
2026-03-06 11:37:00 +0530,21319.05,21328.2,21319.05,21327.45,3432431.0,807.5,822.8,807.5,822.05,13420,18.499578,314080,79600.0,832.5,836.3,815.1,817.05,12120,20.519838,344500,79600.0
2026-03-06 11:38:00 +0530,21326.8,21330.65,21326.8,21330.05,2403967.0,874.5,879.0,869.4,869.4,14900,18.510301,619160,79500.0,774.85,783.8,770.1,783.15,22360,20.74705,704880,79500.0
2026-03-06 11:39:00 +0530,21329.8,21335.0,21329.8,21334.3,1468862.0,812.5,830.65,812.5,828.55,20540,18.632185,311900,79600.0,827.75,827.75,808.2,812.7,23680,20.440637,344500,79600.0
2026-03-06 11:40:00 +0530,21334.0,21341.3,21334.0,21341.3,2264463.0,828.5,838.1,821.1,838.1,21960,18.746125,311900,79600.0,812.05,818.8,804.0,804.0,20040,20.33865,344500,79600.0
2026-03-06 11:41:00 +0530,21341.75,21349.15,21341.75,21344.2,1585303.0,841.7,856.4,835.9,838.8,39200,18.403793,311900,79600.0,797.65,808.0,791.3,805.75,31420,20.703969,344500,79600.0
2026-03-06 11:42:00 +0530,21343.9,21350.7,21343.9,21345.9,1629104.0,841.6,854.15,838.8,840.4,28780,18.396701,297360,79600.0,802.9,805.75,793.1,805.15,21680,20.73171,344500,79600.0
2026-03-06 11:43:00 +0530,21345.4,21345.6,21327.2,21330.15,2661341.0,897.1,899.55,871.1,873.9,40200,18.732311,619160,79500.0,762.65,782.9,761.4,782.3,53320,20.638974,704880,79500.0
2026-03-06 11:44:00 +0530,21329.9,21331.25,21315.9,21316.55,1450435.0,872.75,873.9,848.0,850.35,38500,18.620014,619440,79500.0,783.0,800.0,781.55,798.0,66200,20.624182,746700,79500.0
2026-03-06 11:45:00 +0530,21316.1,21324.65,21312.9,21324.65,1250315.0,851.4,863.65,842.45,862.9,28120,18.82027,619440,79500.0,798.15,807.4,788.65,791.1,53700,20.549021,746700,79500.0
2026-03-06 11:46:00 +0530,21324.3,21326.6,21324.05,21325.4,1280723.0,866.05,870.75,862.0,865.3,15000,18.784094,619440,79500.0,787.35,791.1,775.05,788.15,32900,20.562233,746700,79500.0
2026-03-06 11:47:00 +0530,21324.95,21326.5,21324.4,21325.3,581147.0,864.5,871.35,861.9,870.8,14000,18.810011,619440,79500.0,787.65,792.25,780.0,780.0,21640,20.461024,746700,79500.0
2026-03-06 11:48:00 +0530,21325.6,21331.3,21324.95,21328.5,1135264.0,873.45,879.1,868.95,872.2,25540,18.690408,619440,79500.0,778.1,787.0,771.4,779.05,32720,20.572145,746700,79500.0
2026-03-06 11:49:00 +0530,21328.1,21336.2,21325.55,21336.05,919987.0,871.8,876.65,865.1,875.85,13480,18.832248,619440,79500.0,787.0,787.0,776.45,777.4,20660,20.487909,746700,79500.0
2026-03-06 11:50:00 +0530,21336.45,21344.4,21336.45,21338.2,1357687.0,876.0,881.0,867.3,867.75,21640,18.660237,619440,79500.0,778.65,784.55,772.0,783.05,19480,20.606217,746700,79500.0
2026-03-06 11:51:00 +0530,21338.15,21338.75,21330.65,21333.15,869369.0,865.45,867.95,856.0,866.75,19740,18.786384,619440,79500.0,781.9,787.95,780.2,780.7,23260,20.42217,746700,79500.0
2026-03-06 11:52:00 +0530,21333.5,21335.25,21326.1,21326.1,2041507.0,865.0,866.75,845.85,846.95,20420,18.545718,619440,79500.0,777.5,795.4,777.5,793.5,26240,20.526378,746700,79500.0
2026-03-06 11:53:00 +0530,21325.9,21327.3,21324.05,21327.3,1066822.0,846.1,855.05,843.0,852.6,17700,18.80486,619440,79500.0,794.95,799.35,790.9,793.45,28740,20.417587,746700,79500.0
2026-03-06 11:54:00 +0530,21327.35,21329.3,21326.2,21329.0,563720.0,852.3,857.4,848.35,856.95,12460,18.888054,619440,79500.0,793.55,797.4,787.9,788.7,15340,20.324508,746700,79500.0
2026-03-06 11:55:00 +0530,21329.4,21331.55,21324.65,21324.8,2216401.0,855.0,858.0,850.3,852.65,8460,18.743932,619440,79500.0,789.85,795.0,786.3,790.95,12240,20.416851,746700,79500.0
2026-03-06 11:56:00 +0530,21325.2,21330.4,21320.2,21321.0,1406031.0,854.35,861.75,840.0,841.4,20420,18.740241,619440,79500.0,791.9,804.5,778.85,803.45,31420,20.481216,746700,79500.0
2026-03-06 11:57:00 +0530,21320.75,21324.45,21319.6,21324.45,1162143.0,840.75,855.55,838.4,853.95,17800,18.618776,619440,79500.0,802.55,804.5,785.35,785.35,30580,20.424335,746700,79500.0
2026-03-06 11:58:00 +0530,21324.4,21326.9,21324.4,21325.2,1693923.0,854.4,863.0,851.55,857.9,19480,18.789906,619440,79500.0,788.2,792.4,779.15,788.8,24720,20.441698,746700,79500.0
2026-03-06 11:59:00 +0530,21325.5,21328.0,21324.4,21326.6,825211.0,857.25,864.95,857.0,863.6,17260,18.7476,619440,79500.0,787.15,789.0,779.9,784.35,22740,20.493629,746700,79500.0
2026-03-06 12:00:00 +0530,21326.6,21327.75,21324.45,21325.75,2239978.0,858.5,863.6,846.55,857.2,18000,18.693304,624680,79500.0,784.55,796.7,784.35,788.15,24720,20.50022,728880,79500.0
2026-03-06 12:01:00 +0530,21325.8,21327.65,21321.45,21321.45,1055878.0,855.95,857.2,837.4,837.4,19560,18.67227,624680,79500.0,788.05,804.0,786.45,803.75,23560,20.473579,728880,79500.0
2026-03-06 12:02:00 +0530,21322.1,21322.8,21319.0,21319.65,5460997.0,837.4,839.0,832.55,835.05,24260,18.79329,624680,79500.0,803.95,809.65,803.2,807.75,41400,20.410915,728880,79500.0
2026-03-06 12:03:00 +0530,21319.5,21320.45,21315.3,21315.3,988904.0,835.45,842.0,832.85,838.55,26080,18.751589,614940,79500.0,808.7,814.0,804.05,810.55,36860,20.593597,709700,79500.0
2026-03-06 12:04:00 +0530,21315.55,21316.5,21311.55,21311.9,2143524.0,838.55,839.7,832.15,833.8,11800,18.826431,614940,79500.0,810.5,813.25,806.6,811.35,15980,20.443622,709700,79500.0
2026-03-06 12:05:00 +0530,21312.3,21313.05,21307.35,21307.7,1336153.0,834.6,840.0,830.0,833.75,18120,18.787507,614940,79500.0,812.6,816.5,805.5,811.55,24840,20.484871,709700,79500.0
2026-03-06 12:06:00 +0530,21307.6,21310.5,21304.35,21305.55,1181623.0,833.4,840.0,826.55,835.6,22740,18.803893,614940,79500.0,814.2,820.85,805.45,811.1,32220,20.501526,709700,79500.0
2026-03-06 12:07:00 +0530,21305.75,21308.8,21305.05,21307.4,1126948.0,838.55,847.4,834.35,844.6,27500,18.760625,614940,79500.0,807.0,813.15,790.1,797.25,54660,20.405529,709700,79500.0
2026-03-06 12:08:00 +0530,21307.4,21313.9,21305.0,21313.4,2113392.0,844.9,858.5,837.0,858.5,24920,18.931666,614940,79500.0,796.75,806.2,781.35,782.25,39860,20.192531,709700,79500.0
2026-03-06 12:09:00 +0530,21313.55,21322.2,21313.55,21321.35,1253200.0,858.15,865.0,856.85,862.45,35480,18.743847,621400,79500.0,783.75,785.7,774.4,779.55,52300,20.377941,720240,79500.0
2026-03-06 12:10:00 +0530,21321.3,21327.8,21320.8,21325.2,1218601.0,864.2,871.65,858.6,858.6,24080,18.680513,621400,79500.0,778.9,790.2,770.0,790.2,26920,20.609814,720240,79500.0
2026-03-06 12:11:00 +0530,21324.85,21326.35,21322.05,21324.55,2857861.0,856.4,865.2,848.4,854.15,14660,18.751575,620740,79500.0,789.4,793.55,780.0,790.75,23680,20.469162,721760,79500.0
2026-03-06 12:12:00 +0530,21324.2,21325.0,21312.05,21313.0,1296945.0,852.2,855.05,826.05,836.45,25400,18.832628,620740,79500.0,789.95,816.7,786.55,809.9,45280,20.477433,721760,79500.0
2026-03-06 12:13:00 +0530,21312.85,21315.1,21308.1,21308.1,1215531.0,835.65,839.7,832.0,836.4,14460,18.872762,620740,79500.0,809.75,818.95,806.2,816.3,25860,20.594972,721760,79500.0
2026-03-06 12:14:00 +0530,21308.0,21309.15,21305.95,21307.75,719927.0,839.15,839.15,828.2,836.15,11540,18.822228,623120,79500.0,813.65,819.7,807.35,810.8,18880,20.505988,719960,79500.0
2026-03-06 12:15:00 +0530,21308.05,21308.95,21305.7,21306.55,879325.0,893.8,897.0,885.95,885.95,7620,19.012514,119060,79400.0,768.2,777.2,764.45,777.0,13700,20.62964,230940,79400.0
2026-03-06 12:16:00 +0530,21306.85,21312.6,21305.55,21312.0,1131231.0,830.25,845.7,830.1,841.2,19960,18.868267,623120,79500.0,819.25,822.0,799.1,801.0,35360,20.343416,719960,79500.0
2026-03-06 12:17:00 +0530,21312.35,21313.95,21310.75,21312.2,773633.0,841.8,845.0,838.7,838.7,15440,18.733919,629600,79500.0,803.65,810.45,796.0,808.0,22140,20.580274,711680,79500.0
2026-03-06 12:18:00 +0530,21312.05,21315.5,21310.8,21315.25,1823722.0,837.95,847.45,837.25,845.05,15020,18.910502,629600,79500.0,807.95,809.5,793.95,800.2,20080,20.373462,711680,79500.0
2026-03-06 12:19:00 +0530,21315.6,21321.6,21314.5,21315.05,1254201.0,843.25,855.9,833.9,835.3,30340,18.686191,629600,79500.0,798.0,809.2,783.9,809.2,42280,20.582701,711680,79500.0
2026-03-06 12:20:00 +0530,21315.3,21315.65,21309.25,21309.95,1543548.0,891.7,893.5,884.25,888.0,6580,18.983962,125000,79400.0,765.05,774.55,763.7,770.65,16060,20.553509,234200,79400.0
2026-03-06 12:21:00 +0530,21309.45,21311.75,21307.6,21310.1,697650.0,828.0,840.0,828.0,837.25,7800,18.838477,629600,79500.0,816.0,816.0,804.5,804.5,24200,20.378659,711680,79500.0
2026-03-06 12:22:00 +0530,21310.05,21311.15,21306.6,21307.05,1336968.0,836.0,837.5,827.75,831.85,9000,18.700336,638920,79500.0,807.55,818.0,805.55,815.1,15060,20.642504,714580,79500.0
2026-03-06 12:23:00 +0530,21306.75,21307.85,21301.45,21302.6,1602417.0,889.5,890.15,876.05,882.25,8560,18.999719,126440,79400.0,769.85,781.8,769.85,781.0,19840,20.676568,235820,79400.0
2026-03-06 12:24:00 +0530,21303.2,21308.9,21301.95,21308.5,1384445.0,881.85,895.0,879.6,891.9,5340,19.058796,126440,79400.0,781.65,781.9,766.45,770.2,13740,20.566753,235820,79400.0
2026-03-06 12:25:00 +0530,21308.2,21309.25,21302.85,21303.1,725280.0,893.5,893.5,879.05,880.35,4980,19.14562,130800,79400.0,772.85,785.65,770.2,783.05,16440,20.564475,240580,79400.0
2026-03-06 12:26:00 +0530,21303.25,21307.9,21303.0,21306.65,644003.0,880.7,887.4,880.35,880.9,4460,19.089554,130800,79400.0,784.45,786.95,778.45,786.1,12300,20.699744,240580,79400.0
2026-03-06 12:27:00 +0530,21306.0,21306.9,21302.2,21302.4,905002.0,879.0,882.7,873.0,877.4,6760,19.190741,130800,79400.0,788.95,800.0,785.35,797.4,29880,20.81194,238380,79400.0
2026-03-06 12:28:00 +0530,21302.2,21303.2,21291.9,21292.9,1336428.0,876.55,878.75,843.8,855.0,42040,19.28161,130800,79400.0,795.4,843.9,793.7,840.0,88780,21.275565,238380,79400.0
2026-03-06 12:29:00 +0530,21293.35,21294.7,21288.75,21288.9,1616004.0,851.05,860.55,849.65,851.9,23680,19.305838,130800,79400.0,842.75,851.35,834.7,844.25,51520,21.289719,238380,79400.0
2026-03-06 12:30:00 +0530,21288.6,21294.25,21288.55,21292.4,948255.0,853.6,868.75,851.9,868.5,17280,19.229114,130800,79400.0,841.75,844.25,809.95,816.5,44020,21.054315,224200,79400.0
2026-03-06 12:31:00 +0530,21293.0,21296.85,21292.75,21293.0,822587.0,867.75,876.95,865.0,866.0,16520,19.123965,130800,79400.0,815.55,817.85,795.45,816.3,33840,21.091631,224200,79400.0
2026-03-06 12:32:00 +0530,21292.55,21293.0,21289.5,21291.4,884919.0,867.6,867.6,857.05,860.0,13460,19.210919,130800,79400.0,814.4,825.0,813.15,820.9,27840,20.998104,224200,79400.0
2026-03-06 12:33:00 +0530,21291.95,21295.45,21291.5,21293.5,849937.0,861.55,866.4,856.2,864.7,7960,19.194671,130800,79400.0,818.1,824.0,809.6,815.9,15520,20.99565,229860,79400.0
2026-03-06 12:34:00 +0530,21293.25,21295.55,21293.0,21293.75,858412.0,863.2,872.8,863.2,870.6,8260,19.228414,130800,79400.0,813.0,815.9,800.0,808.65,26880,20.919544,229860,79400.0
2026-03-06 12:35:00 +0530,21293.55,21294.55,21291.6,21292.65,1203237.0,871.5,879.05,868.95,869.5,9320,19.114062,130800,79400.0,807.5,809.95,795.55,808.85,14720,21.004026,229860,79400.0
2026-03-06 12:36:00 +0530,21293.0,21297.05,21292.5,21296.65,900415.0,872.45,875.0,865.4,871.0,6800,19.183933,161060,79400.0,803.5,814.05,800.2,808.85,16060,20.976266,237340,79400.0
2026-03-06 12:37:00 +0530,21296.8,21298.05,21292.0,21292.9,928028.0,871.5,871.55,860.1,868.9,6860,19.225232,161060,79400.0,807.05,815.4,807.05,812.6,13520,20.987218,237340,79400.0
2026-03-06 12:38:00 +0530,21293.35,21295.75,21291.85,21295.65,1538094.0,865.15,868.9,861.0,867.05,7840,19.275961,166440,79400.0,813.45,820.0,812.5,815.95,15960,20.985056,243100,79400.0
2026-03-06 12:39:00 +0530,21295.5,21297.2,21293.8,21293.8,571809.0,867.35,868.0,857.75,862.6,8960,19.370128,166440,79400.0,813.9,823.8,810.05,821.65,12780,20.94355,243100,79400.0
2026-03-06 12:40:00 +0530,21294.05,21294.95,21289.05,21290.85,1569807.0,863.05,863.75,854.55,861.9,18660,19.382713,166440,79400.0,822.0,822.0,810.35,810.35,25980,20.647914,243100,79400.0
2026-03-06 12:41:00 +0530,21290.75,21293.55,21289.9,21293.0,988071.0,861.7,866.75,858.3,863.65,16500,19.152389,166440,79400.0,810.25,816.2,804.0,805.5,23140,20.777778,258600,79400.0
2026-03-06 12:42:00 +0530,21293.65,21302.5,21293.15,21300.85,1699422.0,866.4,877.7,863.65,873.95,16160,19.219892,166440,79400.0,805.55,810.15,785.0,798.2,25240,20.763647,258600,79400.0
2026-03-06 12:43:00 +0530,21300.7,21301.65,21295.75,21298.6,975996.0,871.6,873.95,860.05,865.85,8240,19.124593,166440,79400.0,799.65,811.9,796.4,805.5,15900,20.853428,258600,79400.0
2026-03-06 12:44:00 +0530,21298.6,21305.7,21297.65,21304.1,1067758.0,866.95,878.0,865.85,875.2,9280,19.138778,166440,79400.0,801.95,805.5,777.0,789.8,22440,20.663393,258160,79400.0
2026-03-06 12:45:00 +0530,21304.25,21306.5,21302.55,21302.55,599732.0,876.25,878.0,868.55,868.6,21740,19.070338,166440,79400.0,790.95,801.2,780.3,801.2,17320,20.86033,258160,79400.0
2026-03-06 12:46:00 +0530,21303.15,21303.8,21291.4,21291.8,1034635.0,868.75,873.1,856.45,859.95,10040,19.024834,192180,79400.0,799.6,812.65,797.35,809.7,23380,20.923287,266300,79400.0
2026-03-06 12:47:00 +0530,21291.75,21292.45,21285.9,21290.15,3037754.0,859.85,867.75,850.55,867.3,13920,19.271414,192180,79400.0,807.35,822.85,796.8,797.6,33720,20.572541,266300,79400.0
2026-03-06 12:48:00 +0530,21290.0,21297.8,21289.2,21294.75,969945.0,869.0,875.75,865.7,872.0,11640,19.116896,192180,79400.0,799.0,807.15,782.0,795.0,16060,20.748362,266300,79400.0
2026-03-06 12:49:00 +0530,21294.75,21295.7,21289.05,21292.25,1038240.0,872.0,873.55,864.6,871.25,5500,19.261507,199560,79400.0,797.9,807.0,788.8,788.8,15340,20.458291,265480,79400.0
2026-03-06 12:50:00 +0530,21292.7,21298.1,21291.8,21298.1,834287.0,869.9,875.75,867.95,875.75,15860,19.192958,199560,79400.0,791.25,797.25,786.7,787.95,11500,20.595371,265480,79400.0
2026-03-06 12:51:00 +0530,21298.2,21310.25,21298.2,21308.05,1403312.0,875.65,892.2,873.95,887.05,25780,19.289816,199560,79400.0,786.85,787.95,762.75,774.0,29520,20.414298,265480,79400.0
2026-03-06 12:52:00 +0530,21308.05,21309.75,21304.8,21305.85,854101.0,890.0,890.0,882.2,888.55,15060,19.182764,215100,79400.0,774.5,783.8,770.0,772.85,14520,20.51207,272900,79400.0
2026-03-06 12:53:00 +0530,21306.0,21306.8,21296.55,21297.8,1044525.0,888.05,889.95,867.35,876.8,16400,19.160235,215100,79400.0,774.35,792.0,772.85,789.05,14080,20.678575,272900,79400.0
2026-03-06 12:54:00 +0530,21297.9,21299.15,21294.85,21295.2,906181.0,878.95,878.95,869.35,875.55,12080,19.245718,217400,79400.0,788.85,797.2,785.9,797.2,18560,20.775394,277600,79400.0
2026-03-06 12:55:00 +0530,21295.15,21297.7,21294.8,21295.0,3828566.0,874.3,880.4,873.35,878.15,7120,19.394332,217400,79400.0,799.1,806.1,791.6,799.2,17340,20.749683,277600,79400.0
2026-03-06 12:56:00 +0530,21295.15,21296.2,21290.3,21291.05,871111.0,878.25,882.1,868.0,882.1,7480,19.391592,217400,79400.0,795.75,806.65,790.0,790.0,16000,20.616641,277600,79400.0
2026-03-06 12:57:00 +0530,21291.3,21295.1,21291.3,21292.8,703234.0,885.5,894.6,878.0,887.2,15780,19.272758,221440,79400.0,783.45,797.25,774.3,785.0,22160,20.708899,285060,79400.0
2026-03-06 12:58:00 +0530,21292.6,21294.5,21291.4,21293.5,5531130.0,889.4,894.5,885.9,886.55,11440,19.081817,221440,79400.0,785.9,790.15,780.1,785.0,10980,20.861758,285060,79400.0
2026-03-06 12:59:00 +0530,21293.6,21297.35,21293.1,21296.9,2264496.0,885.85,892.75,881.45,891.15,8700,19.268964,221440,79400.0,786.7,794.25,783.85,784.6,8160,20.788616,285060,79400.0
2026-03-06 13:00:00 +0530,21296.8,21301.3,21296.8,21301.3,792895.0,892.1,899.2,888.35,896.8,14240,19.378594,224940,79400.0,783.15,792.0,775.0,775.8,14880,20.601588,286340,79400.0
2026-03-06 13:01:00 +0530,21301.45,21310.85,21301.45,21310.75,1223840.0,898.0,903.45,891.15,899.25,14200,19.264,224940,79400.0,775.2,781.4,767.15,771.7,18640,20.653189,286340,79400.0
2026-03-06 13:02:00 +0530,21310.55,21311.85,21295.7,21295.7,1209587.0,901.6,901.6,870.9,870.9,16100,19.14858,224940,79400.0,775.0,799.9,771.7,799.9,19080,20.843866,286340,79400.0
2026-03-06 13:03:00 +0530,21295.3,21295.6,21287.9,21289.5,1326229.0,870.35,877.15,865.25,870.7,11340,19.437411,223410,79400.0,798.6,808.35,798.15,804.0,29040,20.684188,287420,79400.0
2026-03-06 13:04:00 +0530,21289.05,21292.75,21288.8,21292.2,850743.0,873.3,883.6,869.9,881.55,9100,19.43773,223410,79400.0,804.45,807.85,785.0,787.35,17280,20.517204,287420,79400.0
2026-03-06 13:05:00 +0530,21292.85,21295.1,21290.3,21295.1,1826495.0,883.15,883.6,871.85,881.1,5200,19.370485,226380,79400.0,787.05,803.9,787.05,790.8,10640,20.651817,289520,79400.0
2026-03-06 13:06:00 +0530,21295.0,21301.3,21294.05,21299.7,773138.0,882.0,896.75,880.0,893.6,9820,19.438439,226380,79400.0,792.65,796.15,777.4,784.75,14880,20.711219,289520,79400.0
2026-03-06 13:07:00 +0530,21299.35,21300.35,21293.8,21294.25,922644.0,894.0,895.9,879.05,879.05,7140,19.406963,226380,79400.0,786.0,797.75,780.85,794.45,12280,20.668248,289520,79400.0
2026-03-06 13:08:00 +0530,21295.2,21295.5,21291.4,21292.45,884539.0,878.45,879.1,870.0,875.85,9280,19.480508,226380,79400.0,796.4,804.7,794.45,799.55,13640,20.659628,292500,79400.0
2026-03-06 13:09:00 +0530,21292.45,21293.8,21291.2,21291.55,802479.0,875.35,875.85,868.65,872.8,7340,19.538473,226380,79400.0,799.85,809.85,799.55,803.95,22060,20.650198,292500,79400.0
2026-03-06 13:10:00 +0530,21291.55,21293.35,21290.95,21293.25,970255.0,874.7,876.9,869.0,875.0,4680,19.568136,226380,79400.0,804.75,810.95,801.5,802.95,16960,20.649066,292500,79400.0
2026-03-06 13:11:00 +0530,21293.3,21296.7,21292.25,21296.7,1242303.0,872.4,883.5,871.05,883.5,5560,19.494467,232900,79400.0,804.1,807.95,789.2,789.8,12960,20.581902,292120,79400.0
2026-03-06 13:12:00 +0530,21296.25,21298.5,21293.2,21294.5,1091082.0,883.15,885.05,871.65,878.55,8200,19.498469,232900,79400.0,786.65,804.9,786.65,800.0,11800,20.720513,292120,79400.0
2026-03-06 13:13:00 +0530,21294.75,21300.1,21294.55,21298.9,1371265.0,877.95,881.35,874.5,875.5,3960,19.37948,232900,79400.0,801.3,802.0,793.65,801.75,4320,20.805096,291760,79400.0
2026-03-06 13:14:00 +0530,21298.55,21301.6,21298.45,21300.7,747473.0,878.35,884.0,875.5,877.15,5100,19.415191,232900,79400.0,801.35,801.75,788.4,797.15,11580,20.700046,291760,79400.0
2026-03-06 13:15:00 +0530,21300.7,21302.8,21299.65,21302.8,1130271.0,879.0,881.9,875.4,875.75,3460,19.353847,232900,79400.0,799.9,801.2,794.8,797.65,6360,20.738577,291760,79400.0
2026-03-06 13:16:00 +0530,21302.55,21308.05,21301.3,21307.85,1321808.0,877.3,887.7,873.2,875.45,8320,19.308304,242420,79400.0,800.0,802.05,787.85,799.0,7000,20.806915,291200,79400.0
2026-03-06 13:17:00 +0530,21307.75,21307.9,21302.4,21303.35,747880.0,874.85,876.35,868.0,875.75,7340,19.482164,242420,79400.0,801.0,808.05,798.95,806.7,10880,20.846724,291200,79400.0
2026-03-06 13:18:00 +0530,21303.25,21303.25,21297.8,21298.35,779743.0,873.3,878.2,866.5,872.15,6580,19.41273,242420,79400.0,806.65,812.75,801.75,808.9,15920,20.886433,291200,79400.0
2026-03-06 13:19:00 +0530,21298.25,21300.8,21298.15,21300.5,947736.0,870.0,873.8,867.0,871.05,3240,19.29038,244680,79400.0,811.4,811.4,799.9,804.35,9060,20.864183,288000,79400.0
2026-03-06 13:20:00 +0530,21300.65,21305.3,21300.55,21303.2,2870724.0,870.15,877.35,866.4,866.4,6960,19.308853,244680,79400.0,803.0,811.0,795.35,809.4,15200,20.871909,288000,79400.0
2026-03-06 13:21:00 +0530,21303.15,21308.5,21302.05,21308.15,1181959.0,867.45,880.0,866.4,875.0,7300,19.334475,244680,79400.0,810.15,810.15,791.0,791.4,8420,20.601751,288720,79400.0
2026-03-06 13:22:00 +0530,21308.4,21318.3,21308.4,21317.85,1591571.0,882.0,893.45,875.0,890.9,22300,19.321021,244680,79400.0,787.95,791.4,773.5,779.45,26200,20.661631,288720,79400.0
2026-03-06 13:23:00 +0530,21317.9,21323.85,21317.8,21322.25,1186603.0,891.35,901.1,888.0,900.0,14640,19.346812,244680,79400.0,779.75,785.45,770.0,775.2,15980,20.72708,288720,79400.0
2026-03-06 13:24:00 +0530,21322.45,21322.45,21308.8,21308.85,2057084.0,899.5,900.0,882.65,886.0,9260,19.225664,244580,79400.0,775.35,790.9,774.9,788.45,10160,20.862917,288440,79400.0
2026-03-06 13:25:00 +0530,21308.95,21312.6,21307.95,21310.05,1432573.0,886.55,897.05,883.55,895.2,11840,19.367941,244580,79400.0,787.85,788.7,776.1,784.4,13940,20.835802,288440,79400.0
2026-03-06 13:26:00 +0530,21309.8,21312.65,21309.4,21311.75,985446.0,894.9,900.0,892.55,894.25,5580,19.314321,244580,79400.0,781.65,787.2,779.6,785.65,10680,20.894333,288440,79400.0
2026-03-06 13:27:00 +0530,21311.7,21316.7,21311.0,21316.15,757836.0,893.6,899.5,888.65,895.9,4060,19.308892,242180,79400.0,786.25,788.6,778.35,782.9,6440,20.868817,288340,79400.0
2026-03-06 13:28:00 +0530,21316.5,21317.55,21311.2,21312.9,584121.0,895.6,898.0,880.0,886.45,10940,19.293453,242180,79400.0,780.65,793.0,780.65,788.0,11220,20.811094,288340,79400.0
2026-03-06 13:29:00 +0530,21313.0,21317.8,21311.95,21316.45,953187.0,887.45,899.3,885.3,892.75,8000,19.216797,242180,79400.0,792.0,792.0,776.15,782.9,13560,20.88669,288340,79400.0
2026-03-06 13:30:00 +0530,21316.3,21318.15,21312.35,21312.35,920196.0,890.45,896.5,878.45,879.35,7600,19.262797,245120,79400.0,783.6,795.0,782.65,795.0,11720,20.861787,289460,79400.0
2026-03-06 13:31:00 +0530,21311.95,21311.95,21302.2,21302.45,976252.0,880.15,880.15,865.9,872.0,14620,19.383726,245120,79400.0,791.4,811.95,791.4,811.95,29200,21.00963,289460,79400.0
2026-03-06 13:32:00 +0530,21302.35,21302.35,21295.1,21297.0,1077445.0,867.8,872.0,855.0,866.45,17820,19.341112,248760,79400.0,810.7,825.5,810.7,825.0,41940,21.244769,287760,79400.0
2026-03-06 13:33:00 +0530,21296.65,21296.95,21289.7,21290.65,1346364.0,866.75,868.75,860.7,861.85,17200,19.550908,248760,79400.0,823.6,836.95,823.6,833.6,37020,21.164664,287760,79400.0
2026-03-06 13:34:00 +0530,21290.7,21290.7,21282.95,21286.85,2273060.0,857.95,870.0,852.8,867.65,18700,19.784757,248760,79400.0,838.0,869.35,833.35,844.7,62740,21.347755,287760,79400.0
2026-03-06 13:35:00 +0530,21286.8,21287.65,21284.65,21287.3,931171.0,921.3,928.3,919.85,922.05,9080,19.906422,78440,79300.0,803.85,823.15,799.0,817.2,39260,21.789455,190120,79300.0
2026-03-06 13:36:00 +0530,21287.45,21292.35,21285.45,21291.9,1136842.0,860.3,885.0,858.0,885.0,18600,19.993773,245760,79400.0,858.5,870.0,816.0,816.0,48680,20.851315,278360,79400.0
2026-03-06 13:37:00 +0530,21292.05,21328.05,21292.05,21328.05,2076315.0,824.75,876.9,824.75,876.9,114160,19.697473,739380,79500.0,863.2,864.0,803.15,808.45,97240,20.714666,661420,79500.0
2026-03-06 13:38:00 +0530,21328.35,21328.5,21312.15,21312.8,824036.0,934.65,934.65,887.1,894.35,33340,19.526229,234420,79400.0,768.55,805.9,763.7,800.6,41780,21.098704,272240,79400.0
2026-03-06 13:39:00 +0530,21312.85,21313.25,21306.3,21310.25,772128.0,894.5,894.7,870.35,887.9,13880,19.469599,234420,79400.0,799.2,819.45,791.8,798.75,37220,20.970153,272240,79400.0
2026-03-06 13:40:00 +0530,21310.05,21315.2,21307.65,21314.9,551825.0,890.1,904.1,881.05,902.0,19160,19.590203,232520,79400.0,799.0,813.45,791.6,794.5,24240,21.06008,281380,79400.0
2026-03-06 13:41:00 +0530,21314.95,21316.55,21314.5,21315.3,600544.0,901.65,902.6,889.6,889.6,9960,19.520588,232520,79400.0,795.8,807.05,794.5,806.0,11260,21.14031,281380,79400.0
2026-03-06 13:42:00 +0530,21315.25,21315.6,21312.3,21313.15,678506.0,891.35,891.35,878.9,884.2,12240,19.563177,232520,79400.0,806.6,822.85,805.75,812.1,20660,21.137722,281380,79400.0
2026-03-06 13:43:00 +0530,21313.4,21319.5,21312.8,21318.75,893972.0,886.7,905.0,884.2,898.4,14140,19.724468,236580,79400.0,816.3,816.3,794.45,806.4,21100,21.16139,286020,79400.0
2026-03-06 13:44:00 +0530,21318.4,21318.6,21313.25,21313.65,841443.0,898.8,901.65,885.2,888.2,5100,19.577269,236580,79400.0,805.15,814.7,802.9,810.4,14480,21.173445,286020,79400.0
2026-03-06 13:45:00 +0530,21313.0,21313.0,21304.7,21305.5,2766858.0,886.0,888.2,872.65,878.75,15000,19.730345,236580,79400.0,809.5,826.3,809.5,820.0,29680,21.068641,286020,79400.0
2026-03-06 13:46:00 +0530,21305.3,21306.65,21303.25,21304.5,934101.0,880.5,884.8,873.95,877.85,6460,19.795826,242600,79400.0,819.85,826.2,815.0,825.15,21800,21.116316,291660,79400.0
2026-03-06 13:47:00 +0530,21304.4,21304.4,21298.95,21299.95,810250.0,877.8,878.55,866.0,866.0,16880,19.67523,242600,79400.0,825.65,841.85,823.0,839.3,30920,21.309672,291660,79400.0
2026-03-06 13:48:00 +0530,21299.5,21299.6,21296.0,21299.05,826904.0,926.85,929.15,918.75,921.1,7020,19.938599,87460,79300.0,798.5,810.6,797.0,805.85,28380,21.495826,199020,79300.0
2026-03-06 13:49:00 +0530,21299.0,21309.4,21297.85,21308.8,1026400.0,922.4,933.0,912.0,931.35,10480,20.137522,87460,79300.0,807.0,827.35,794.45,804.25,32680,21.501049,199020,79300.0
2026-03-06 13:50:00 +0530,21308.4,21337.05,21308.25,21336.25,1976388.0,869.9,883.9,866.5,876.85,19960,19.784828,251680,79400.0,847.5,849.3,818.15,830.0,32680,21.229889,291200,79400.0
2026-03-06 13:51:00 +0530,21335.8,21339.4,21334.3,21336.25,2385013.0,877.1,882.1,867.1,867.1,8820,19.707697,251680,79400.0,829.8,846.2,823.25,841.5,18060,21.365846,285260,79400.0
2026-03-06 13:52:00 +0530,21336.2,21337.25,21331.4,21332.1,1017294.0,928.35,928.65,912.5,914.4,12140,20.073424,94240,79300.0,799.9,820.0,797.7,820.0,25060,21.589808,200400,79300.0
2026-03-06 13:53:00 +0530,21332.3,21333.0,21326.85,21328.3,927193.0,913.7,917.25,911.5,912.9,6900,20.159537,94240,79300.0,818.7,825.0,815.15,824.1,38720,21.583985,200400,79300.0
2026-03-06 13:54:00 +0530,21328.45,21329.55,21325.9,21328.9,1025229.0,915.7,921.15,911.5,920.25,9580,20.309484,99300,79300.0,819.5,829.3,812.0,819.35,38600,21.495622,201500,79300.0
2026-03-06 13:55:00 +0530,21328.65,21329.05,21323.85,21324.2,1534188.0,918.1,920.25,912.7,914.5,7740,20.191253,99300,79300.0,819.05,830.0,817.05,821.4,28960,21.529192,201500,79300.0
2026-03-06 13:56:00 +0530,21324.05,21325.0,21316.3,21318.15,976905.0,915.7,918.1,904.05,911.2,10560,20.4067,99300,79300.0,821.85,843.55,816.7,842.45,38820,21.778362,201500,79300.0
2026-03-06 13:57:00 +0530,21318.05,21320.9,21316.25,21317.35,844225.0,910.65,919.5,905.2,913.75,10060,20.614148,105460,79300.0,846.7,864.55,838.5,853.25,51500,21.910395,201880,79300.0
2026-03-06 13:58:00 +0530,21317.15,21320.2,21315.9,21316.1,1412721.0,911.9,922.1,911.9,914.25,9360,20.847952,105460,79300.0,855.2,857.95,829.9,857.95,31360,21.825083,201880,79300.0
2026-03-06 13:59:00 +0530,21315.85,21316.65,21302.85,21303.4,1470321.0,974.25,978.75,969.4,972.95,8020,21.182491,36920,79200.0,814.3,829.0,814.3,827.85,36500,22.110005,130680,79200.0
2026-03-06 14:00:00 +0530,21302.65,21304.65,21299.55,21300.1,1075950.0,970.0,983.05,969.0,978.65,10480,21.452066,36920,79200.0,833.75,866.85,822.5,864.7,59700,22.890331,130680,79200.0
2026-03-06 14:01:00 +0530,21299.9,21312.6,21295.95,21311.8,2350088.0,922.9,958.1,919.35,956.4,50280,21.234772,113340,79300.0,900.05,935.5,856.55,856.65,194200,22.365865,225880,79300.0
2026-03-06 14:02:00 +0530,21312.25,21319.15,21311.0,21319.15,1264773.0,958.4,958.4,943.4,952.85,30020,20.880922,127160,79300.0,856.9,871.6,841.05,849.05,43080,22.419026,212260,79300.0
2026-03-06 14:03:00 +0530,21319.15,21321.25,21314.2,21315.4,3261133.0,954.3,955.4,937.75,949.05,16880,20.959394,127160,79300.0,846.55,864.4,841.5,855.0,27840,22.41649,212260,79300.0
2026-03-06 14:04:00 +0530,21315.55,21316.0,21309.65,21310.05,831925.0,948.65,949.05,932.6,932.65,16400,20.89856,127160,79300.0,854.55,878.4,854.55,878.4,26260,22.687264,212260,79300.0
2026-03-06 14:05:00 +0530,21309.4,21313.6,21308.6,21312.05,1750741.0,931.05,944.3,930.1,943.95,11700,20.914869,134400,79300.0,880.85,883.45,855.55,859.25,27680,22.45454,222420,79300.0
2026-03-06 14:06:00 +0530,21312.0,21312.35,21302.0,21302.8,8466930.0,942.05,943.95,934.7,937.8,7880,21.062777,134400,79300.0,861.5,883.5,859.25,881.35,22020,22.72744,222420,79300.0
2026-03-06 14:07:00 +0530,21302.4,21310.3,21301.85,21308.9,3613899.0,939.25,947.6,936.5,945.6,8620,20.994862,138960,79300.0,879.5,881.35,856.4,866.95,16960,22.609696,221360,79300.0
2026-03-06 14:08:00 +0530,21308.6,21312.5,21306.55,21311.1,3934514.0,946.0,951.5,943.0,949.5,10180,20.997901,138960,79300.0,866.6,871.9,846.85,854.55,20220,22.392625,221360,79300.0
2026-03-06 14:09:00 +0530,21311.15,21315.15,21310.8,21314.65,1270552.0,952.0,962.0,949.5,959.35,21620,20.802037,138960,79300.0,853.85,854.55,832.55,837.85,27400,22.367343,221360,79300.0
2026-03-06 14:10:00 +0530,21314.45,21320.6,21314.05,21319.65,1855077.0,901.0,915.0,899.9,915.0,27960,20.631103,262900,79400.0,873.0,881.85,860.0,860.0,28560,22.063054,228460,79400.0
2026-03-06 14:11:00 +0530,21319.55,21323.55,21318.45,21319.3,1232700.0,915.0,919.95,906.15,915.45,33660,20.497638,262900,79400.0,864.0,866.95,851.55,859.05,35440,22.171816,228460,79400.0
2026-03-06 14:12:00 +0530,21319.6,21321.85,21317.65,21320.4,1277389.0,916.95,923.7,911.7,922.0,32360,20.488548,262900,79400.0,860.7,864.45,840.35,845.0,19780,21.983627,228460,79400.0
2026-03-06 14:13:00 +0530,21320.75,21322.05,21319.45,21321.75,2688814.0,921.7,929.6,918.55,927.75,22260,20.397431,263420,79400.0,846.2,852.0,832.95,838.35,23580,22.027368,237760,79400.0
2026-03-06 14:14:00 +0530,21322.0,21324.9,21313.2,21314.55,2557328.0,927.65,932.45,893.9,898.55,36340,20.541702,263420,79400.0,837.05,870.8,828.7,865.0,41000,21.913429,237760,79400.0
2026-03-06 14:15:00 +0530,21314.6,21320.25,21314.25,21319.6,1851629.0,900.8,931.65,897.4,928.2,40420,20.648598,258420,79400.0,865.2,866.55,834.1,840.4,21360,21.870062,242980,79400.0
2026-03-06 14:16:00 +0530,21319.2,21326.15,21318.45,21326.15,1868583.0,930.0,950.0,928.2,950.0,46220,20.729886,258420,79400.0,836.6,840.4,817.35,817.35,35300,21.704751,242980,79400.0
2026-03-06 14:17:00 +0530,21326.35,21331.3,21324.55,21324.65,1589782.0,953.7,959.85,926.2,926.2,35760,20.370042,258420,79400.0,812.8,840.0,811.65,838.4,26580,22.028576,242980,79400.0
2026-03-06 14:18:00 +0530,21324.5,21330.9,21324.45,21330.1,1117225.0,925.45,939.55,923.6,935.45,15860,20.67011,256260,79400.0,841.7,843.25,830.05,832.2,14100,21.814003,252900,79400.0
2026-03-06 14:19:00 +0530,21329.9,21340.85,21329.4,21339.8,2498125.0,936.0,950.0,933.45,942.5,18220,20.557188,256260,79400.0,832.2,833.6,821.05,827.1,16260,21.939462,252900,79400.0
2026-03-06 14:20:00 +0530,21339.9,21341.25,21336.5,21337.95,1802494.0,941.5,956.45,931.1,948.1,22240,20.806257,256260,79400.0,827.3,838.3,816.4,826.5,21800,21.828648,252900,79400.0
2026-03-06 14:21:00 +0530,21338.25,21338.7,21334.1,21334.5,2473432.0,950.55,950.55,935.25,948.6,13020,20.855899,259320,79400.0,825.4,833.8,821.1,821.1,11060,21.667743,266660,79400.0
2026-03-06 14:22:00 +0530,21334.3,21338.3,21334.3,21335.45,1217033.0,946.5,954.75,945.0,951.05,19640,20.817407,259320,79400.0,818.75,823.75,816.15,817.95,10100,21.678642,266660,79400.0
2026-03-06 14:23:00 +0530,21335.9,21339.2,21331.65,21332.35,4895518.0,949.95,954.45,930.0,932.6,18400,20.585629,259320,79400.0,817.95,833.0,813.0,829.55,16420,21.774701,266660,79400.0
2026-03-06 14:24:00 +0530,21332.15,21339.1,21332.15,21338.45,2522787.0,932.6,957.3,932.6,956.85,19600,20.866426,259720,79400.0,828.35,830.0,808.65,814.0,21180,21.666289,274080,79400.0
2026-03-06 14:25:00 +0530,21338.55,21342.3,21334.85,21334.9,4101617.0,957.05,959.4,923.1,924.5,35180,20.421332,259720,79400.0,810.5,834.35,810.0,832.6,24320,21.825239,274080,79400.0
2026-03-06 14:26:00 +0530,21334.45,21341.8,21334.45,21339.5,1327531.0,924.2,942.0,924.2,931.1,15620,20.484301,256320,79400.0,831.2,832.8,823.6,827.95,16820,21.799507,278260,79400.0
2026-03-06 14:27:00 +0530,21339.65,21340.6,21334.15,21339.85,3330729.0,931.25,932.0,912.75,930.2,24000,20.613209,256320,79400.0,830.9,845.0,827.95,833.95,36260,21.814666,278260,79400.0
2026-03-06 14:28:00 +0530,21339.75,21342.1,21335.55,21335.65,1284849.0,930.5,936.85,913.0,920.7,13340,20.613705,256320,79400.0,831.8,847.95,831.7,845.75,28040,21.898185,278260,79400.0
2026-03-06 14:29:00 +0530,21335.65,21336.9,21331.45,21331.7,3017097.0,921.05,921.05,907.1,908.5,14840,20.403511,257900,79400.0,845.35,849.0,837.0,844.2,26580,21.787536,278260,79400.0
2026-03-06 14:30:00 +0530,21332.25,21337.4,21332.25,21334.45,2189034.0,909.0,922.9,907.95,914.15,15340,20.363265,257900,79400.0,843.7,844.2,832.1,840.7,18560,21.862617,278260,79400.0
2026-03-06 14:31:00 +0530,21334.3,21336.5,21328.95,21329.75,1279162.0,915.35,920.0,893.9,902.05,19820,20.255336,257900,79400.0,837.75,852.4,830.8,847.0,21340,21.852757,278260,79400.0
2026-03-06 14:32:00 +0530,21329.8,21336.55,21329.45,21331.4,2226698.0,899.25,919.9,894.1,894.1,15960,20.02579,266020,79400.0,849.2,851.05,826.25,847.75,21340,21.906612,282160,79400.0
2026-03-06 14:33:00 +0530,21331.15,21331.95,21322.5,21322.5,3863500.0,895.95,906.9,891.05,900.65,13960,20.228607,266020,79400.0,847.75,853.45,841.05,849.15,20400,21.902751,282160,79400.0
2026-03-06 14:34:00 +0530,21322.3,21324.0,21317.25,21317.7,1886611.0,899.55,900.65,887.05,895.85,11780,20.352221,265600,79400.0,849.35,857.0,848.0,855.7,24800,21.847114,276100,79400.0
2026-03-06 14:35:00 +0530,21317.7,21319.2,21311.95,21312.8,5109435.0,898.15,898.15,884.65,887.4,13620,20.257508,265600,79400.0,855.5,866.8,853.0,866.4,36780,22.008111,276100,79400.0
2026-03-06 14:36:00 +0530,21312.65,21319.15,21310.65,21316.25,4908478.0,886.45,905.25,886.45,902.75,15380,20.393703,265600,79400.0,867.95,869.9,852.0,854.2,29760,21.928597,276100,79400.0
2026-03-06 14:37:00 +0530,21316.4,21322.45,21315.55,21315.75,1396389.0,905.0,915.5,896.05,897.75,19220,20.311734,263940,79400.0,853.7,861.95,835.45,859.9,28340,22.033457,270780,79400.0
2026-03-06 14:38:00 +0530,21316.0,21316.55,21311.25,21311.9,2047364.0,897.65,899.6,882.7,890.0,10160,20.359062,263940,79400.0,861.8,868.0,858.5,866.35,20240,21.978157,270780,79400.0
2026-03-06 14:39:00 +0530,21312.65,21313.5,21299.55,21300.25,4136304.0,947.6,948.8,931.4,938.7,12720,20.785626,112700,79300.0,823.9,854.1,823.1,846.1,53880,22.214796,243660,79300.0
2026-03-06 14:40:00 +0530,21299.8,21301.25,21290.25,21294.25,3897157.0,936.05,938.7,921.3,931.65,12320,20.951736,110960,79300.0,844.7,876.2,844.7,863.75,51060,22.345917,237220,79300.0
2026-03-06 14:41:00 +0530,21294.25,21295.45,21289.25,21289.4,2899455.0,930.0,933.35,917.7,920.5,16040,21.057151,110960,79300.0,863.0,893.9,863.0,893.05,42620,22.71784,237220,79300.0
2026-03-06 14:42:00 +0530,21288.7,21289.1,21279.75,21282.95,3977539.0,978.05,980.1,958.0,967.4,15120,21.14066,50760,79200.0,853.15,867.6,847.3,857.7,40620,22.849868,155780,79200.0
2026-03-06 14:43:00 +0530,21282.5,21283.2,21278.5,21279.1,2911240.0,966.9,967.4,949.55,950.3,11040,21.024598,50760,79200.0,858.2,876.0,857.7,868.4,31120,22.852295,155780,79200.0
2026-03-06 14:44:00 +0530,21278.75,21281.7,21275.05,21279.25,4945431.0,949.1,974.75,949.1,960.7,10760,20.9974,50760,79200.0,872.05,889.55,850.0,872.0,76060,23.184558,155780,79200.0
2026-03-06 14:45:00 +0530,21278.8,21279.65,21270.05,21271.8,2799522.0,963.55,967.25,956.65,963.3,21160,21.445707,50760,79200.0,867.9,892.15,867.9,888.65,56320,23.254703,155780,79200.0
2026-03-06 14:46:00 +0530,21271.95,21288.2,21270.6,21287.95,5505110.0,904.4,930.0,902.75,930.0,27320,21.232208,130540,79300.0,926.8,934.7,878.65,883.8,39240,22.555624,221240,79300.0
2026-03-06 14:47:00 +0530,21287.45,21293.0,21278.95,21278.95,4496050.0,988.15,997.65,925.25,925.25,49920,20.5717,50760,79200.0,848.0,924.7,828.6,924.2,76300,24.078096,155780,79200.0
2026-03-06 14:48:00 +0530,21274.5,21275.15,21223.75,21235.2,14573034.0,1029.5,1043.5,858.7,969.0,90420,21.662609,149360,79000.0,848.1,1065.35,839.25,982.25,252560,25.573426,313520,79000.0
2026-03-06 14:49:00 +0530,21234.65,21243.1,21230.45,21234.6,5147493.0,906.8,990.4,905.35,966.6,44260,22.289438,40960,79100.0,1020.85,1036.75,960.05,1011.8,45540,25.617839,111620,79100.0
2026-03-06 14:50:00 +0530,21234.35,21244.25,21230.35,21242.6,3075823.0,968.75,1040.65,958.9,1020.25,64840,22.829428,40960,79100.0,1006.2,1027.5,942.45,960.5,53700,25.062532,111620,79100.0
2026-03-06 14:51:00 +0530,21242.95,21258.5,21242.55,21258.5,4157443.0,1023.0,1032.6,1005.15,1020.45,28480,22.643203,72840,79100.0,960.65,996.05,958.9,961.05,45520,25.246509,117000,79100.0
2026-03-06 14:52:00 +0530,21258.6,21263.9,21255.1,21263.05,4820873.0,972.8,985.0,956.6,985.0,24660,22.623902,84180,79200.0,998.55,1028.05,965.55,965.55,33040,24.549046,136560,79200.0
2026-03-06 14:53:00 +0530,21263.25,21271.0,21260.15,21267.3,2652140.0,987.55,989.55,967.6,967.6,37200,22.017006,89860,79200.0,965.95,991.8,959.9,976.25,36380,24.979356,141560,79200.0
2026-03-06 14:54:00 +0530,21266.9,21267.75,21250.05,21250.3,4519315.0,1031.35,1033.95,1003.15,1004.45,8680,22.352012,84540,79100.0,929.2,969.6,923.05,969.6,27220,25.376078,125420,79100.0
2026-03-06 14:55:00 +0530,21250.25,21250.75,21240.0,21241.95,5474834.0,1004.85,1019.15,1000.8,1015.25,7100,22.761874,84540,79100.0,965.3,985.0,949.75,972.6,32320,25.321088,125420,79100.0
2026-03-06 14:56:00 +0530,21242.4,21242.8,21228.5,21228.5,4151074.0,1016.55,1019.2,995.95,995.95,6920,22.687478,87480,79100.0,971.85,996.55,968.6,996.55,21660,25.551993,132260,79100.0
2026-03-06 14:57:00 +0530,21228.1,21228.1,21217.1,21217.75,4886976.0,991.0,1011.15,985.45,995.2,12200,22.715369,87480,79100.0,1000.35,1010.0,981.0,1000.4,31960,25.606238,132260,79100.0
2026-03-06 14:58:00 +0530,21217.35,21218.6,21213.15,21213.7,3250425.0,1060.3,1065.25,1040.0,1046.35,10280,23.270582,194600,79000.0,960.0,992.75,952.45,992.75,48240,26.094082,332540,79000.0
2026-03-06 14:59:00 +0530,21213.25,21216.6,21207.35,21207.35,3437249.0,1046.6,1061.05,1041.75,1044.65,9080,23.126984,197420,79000.0,991.7,992.75,960.8,983.1,46420,25.951299,345200,79000.0
2026-03-06 15:00:00 +0530,21207.85,21211.6,21200.2,21207.75,5710030.0,1047.45,1060.0,1004.65,1051.6,26080,23.245156,197420,79000.0,973.65,1014.05,937.25,946.9,97880,25.117669,345200,79000.0
2026-03-06 15:01:00 +0530,21208.4,21208.4,21192.25,21192.5,4110296.0,1049.2,1054.25,1007.3,1007.3,29720,22.995998,209500,79000.0,952.4,989.3,946.35,972.9,68940,25.01879,348260,79000.0
2026-03-06 15:02:00 +0530,21193.95,21207.45,21193.95,21197.75,3634509.0,1007.9,1028.6,975.45,975.45,45520,22.306923,209500,79000.0,961.6,980.0,941.2,980.0,74380,25.116802,348260,79000.0
2026-03-06 15:03:00 +0530,21197.15,21205.1,21194.9,21201.25,4740775.0,971.65,1002.2,971.65,992.4,34440,22.501701,209500,79000.0,984.95,984.95,922.6,944.55,72780,24.453644,348260,79000.0
2026-03-06 15:04:00 +0530,21201.3,21201.6,21193.0,21194.25,3722945.0,995.85,998.7,965.55,979.0,24720,22.51215,231200,79000.0,940.75,968.0,937.25,957.05,46800,24.455866,374400,79000.0
2026-03-06 15:05:00 +0530,21194.3,21194.8,21185.6,21189.2,8431247.0,1034.55,1037.75,1013.3,1022.55,5780,22.624431,36040,78900.0,915.9,944.25,910.8,925.6,30340,24.592848,82660,78900.0
2026-03-06 15:06:00 +0530,21189.4,21189.5,21180.05,21181.2,3482126.0,1023.4,1023.65,1002.3,1003.7,9840,22.539894,36040,78900.0,929.3,938.25,920.0,938.25,22820,24.575065,82660,78900.0
2026-03-06 15:07:00 +0530,21181.4,21182.7,21174.25,21181.25,4369589.0,1003.25,1032.3,1000.0,1030.0,9920,22.795866,37900,78900.0,937.05,939.75,897.8,904.0,30520,24.080234,77920,78900.0
2026-03-06 15:08:00 +0530,21182.0,21182.9,21170.55,21171.15,3879238.0,1032.2,1032.2,1006.6,1010.65,16840,22.357507,37900,78900.0,901.8,932.85,901.8,921.65,25760,24.483835,77920,78900.0
2026-03-06 15:09:00 +0530,21171.65,21181.2,21168.25,21168.9,4367850.0,961.35,979.15,954.95,973.55,25040,22.484693,268880,79000.0,957.0,964.45,933.7,951.4,35400,24.234935,384320,79000.0
2026-03-06 15:10:00 +0530,21169.35,21172.75,21166.75,21171.0,4099501.0,975.45,982.3,969.2,973.6,28000,22.350525,268880,79000.0,950.6,964.0,940.9,959.4,29600,24.555599,384320,79000.0
2026-03-06 15:11:00 +0530,21170.1,21172.65,21165.1,21170.6,4114275.0,1032.3,1034.8,1018.6,1032.9,4640,22.859204,47980,78900.0,917.9,937.3,917.9,927.6,17560,24.671559,80540,78900.0
2026-03-06 15:12:00 +0530,21170.0,21174.4,21169.05,21169.05,5128267.0,1027.95,1032.9,1010.0,1011.4,12700,22.57647,49040,78900.0,929.05,948.0,925.65,948.0,19780,24.960485,77240,78900.0
2026-03-06 15:13:00 +0530,21170.95,21173.4,21166.45,21170.3,6936753.0,1010.6,1011.4,981.35,982.7,18040,22.39621,49040,78900.0,950.0,982.0,945.95,974.8,43000,25.154114,77240,78900.0
2026-03-06 15:14:00 +0530,21174.15,21189.9,21172.6,21186.4,8825004.0,990.55,1008.6,981.1,1000.0,13720,22.670993,49040,78900.0,970.0,982.0,952.3,953.4,30500,24.767103,77240,78900.0
2026-03-06 15:15:00 +0530,21185.45,21188.7,21173.95,21174.35,5866627.0,1007.1,1007.25,958.4,958.4,56180,22.169319,49040,78900.0,954.1,1007.3,953.4,1007.3,64240,25.618574,77240,78900.0
2026-03-06 15:16:00 +0530,21173.5,21175.65,21164.05,21171.05,7576724.0,1014.95,1034.8,1004.55,1034.8,15820,23.026806,26900,78800.0,965.0,984.25,925.6,930.9,45760,24.715563,61500,78800.0
2026-03-06 15:17:00 +0530,21170.25,21184.85,21170.25,21183.85,7255010.0,975.55,1001.05,972.25,990.8,17440,22.596964,49040,78900.0,976.25,984.75,926.5,940.4,24300,24.323226,77240,78900.0
2026-03-06 15:18:00 +0530,21184.0,21186.95,21173.75,21183.95,8896125.0,987.9,1002.75,981.6,995.05,14980,22.684114,62400,78900.0,940.75,958.0,936.4,940.95,14620,24.353858,67960,78900.0
2026-03-06 15:19:00 +0530,21183.15,21188.15,21178.2,21178.2,7021159.0,999.2,1002.85,986.7,990.55,13180,22.765174,62400,78900.0,940.5,959.15,931.0,956.5,29160,24.56266,67960,78900.0
2026-03-06 15:20:00 +0530,21177.7,21192.4,21177.7,21190.85,6567052.0,998.0,1012.95,990.55,1000.25,18100,22.2853,60640,78900.0,948.05,956.5,904.75,925.05,27060,24.437816,72980,78900.0
2026-03-06 15:21:00 +0530,21190.75,21193.2,21179.95,21180.35,6062805.0,1002.8,1014.55,967.65,990.05,12060,22.220479,60640,78900.0,926.35,929.7,901.4,918.4,17540,24.116471,72980,78900.0
2026-03-06 15:22:00 +0530,21179.85,21182.3,21172.2,21172.7,3808611.0,988.7,992.45,970.0,973.45,9020,21.959975,60640,78900.0,915.45,940.8,915.45,928.3,17620,24.232393,72980,78900.0
2026-03-06 15:23:00 +0530,21171.65,21174.1,21170.5,21172.75,4770469.0,974.9,993.15,973.45,984.0,8300,22.211734,57540,78900.0,930.4,940.0,920.45,929.7,15740,24.273777,71680,78900.0
2026-03-06 15:24:00 +0530,21171.8,21179.45,21169.4,21179.45,8888547.0,987.85,989.3,976.1,978.9,5420,21.985285,57540,78900.0,930.15,935.6,924.3,927.85,12280,24.32169,71680,78900.0
2026-03-06 15:25:00 +0530,21177.65,21190.75,21176.7,21183.2,12029981.0,982.4,986.1,954.95,957.9,12100,21.439119,57540,78900.0,924.35,932.35,906.7,918.0,20680,24.11402,71680,78900.0
2026-03-06 15:26:00 +0530,21182.25,21187.4,21181.7,21183.7,4506602.0,956.55,959.9,927.5,949.9,12960,21.318584,57300,78900.0,921.25,921.25,905.0,907.35,14500,23.79091,68920,78900.0
2026-03-06 15:27:00 +0530,21183.55,21194.05,21181.35,21193.2,3633177.0,896.85,929.35,896.25,919.3,25240,21.05615,276100,79000.0,953.35,954.15,894.35,916.55,45860,23.530364,356360,79000.0
2026-03-06 15:28:00 +0530,21192.1,21196.2,21190.0,21194.3,3981934.0,918.35,926.55,917.45,919.7,19360,20.901834,272820,79000.0,917.95,923.6,915.55,920.1,19760,23.767498,356360,79000.0
2026-03-06 15:29:00 +0530,21194.05,21197.6,21182.15,21193.95,4844960.0,923.35,923.55,899.2,902.15,25600,20.402409,272820,79000.0,920.9,923.3,883.8,894.0,27800,23.199171,356360,79000.0
2026-03-09 09:15:00 +0530,20790.05,20793.75,20679.4,20718.15,33407454.0,921.45,1073.15,921.45,1000.0,45940,32.293922,0,77100.0,450.05,1033.75,450.05,1003.95,97660,34.368036,27580,77100.0
2026-03-09 09:16:00 +0530,20716.4,20716.4,20639.7,20640.05,21052535.0,1100.6,1128.2,1068.75,1078.0,30640,35.242449,5460,76900.0,918.35,1105.25,911.1,1077.75,105240,36.680454,44380,76900.0
2026-03-09 09:17:00 +0530,20636.9,20636.9,20571.5,20572.75,14904367.0,1167.4,1185.5,1139.45,1162.2,13660,37.489465,0,76700.0,982.05,1082.55,972.0,1060.9,89340,36.840198,50900,76700.0
2026-03-09 09:18:00 +0530,20572.75,20577.5,20527.9,20529.25,18563932.0,1189.25,1209.4,1152.55,1155.55,13000,36.96234,8520,76600.0,1015.1,1089.4,987.05,1076.45,44360,37.741981,89440,76600.0
2026-03-09 09:19:00 +0530,20529.35,20537.3,20509.0,20529.25,13030183.0,1105.65,1185.9,1100.0,1151.05,50660,37.471517,24920,76700.0,1120.75,1153.65,1068.4,1100.4,90940,37.84544,81960,76700.0
2026-03-09 09:20:00 +0530,20530.2,20544.4,20514.65,20527.65,21817057.0,1157.4,1159.25,1111.4,1117.55,42660,36.94793,24920,76700.0,1083.8,1106.2,1059.15,1071.95,72160,36.334184,81960,76700.0
2026-03-09 09:21:00 +0530,20528.2,20530.7,20484.95,20486.95,14205253.0,1178.1,1179.7,1140.0,1151.15,19840,37.525787,35300,76600.0,1031.45,1094.45,1031.2,1075.5,38340,37.072773,115060,76600.0
2026-03-09 09:22:00 +0530,20487.95,20493.65,20469.0,20469.0,11584699.0,1144.55,1191.15,1138.65,1138.65,23680,36.716065,35300,76600.0,1054.75,1075.5,1022.8,1065.15,40080,37.096681,115060,76600.0
2026-03-09 09:23:00 +0530,20468.05,20477.15,20452.45,20477.15,8549194.0,1137.45,1146.05,1125.1,1141.35,20260,37.400926,35300,76600.0,1067.8,1100.05,1065.15,1067.45,32740,36.62564,115060,76600.0
2026-03-09 09:24:00 +0530,20479.25,20479.45,20432.5,20434.35,9294345.0,1188.7,1199.55,1139.85,1139.85,26480,36.934765,47460,76500.0,1038.5,1054.55,1032.4,1044.05,46100,36.329932,198940,76500.0
2026-03-09 09:25:00 +0530,20434.35,20445.8,20423.55,20437.5,8474950.0,1138.15,1155.1,1122.7,1149.55,31360,37.069495,47460,76500.0,1045.6,1052.8,1027.4,1036.45,46080,36.258553,198940,76500.0
2026-03-09 09:26:00 +0530,20435.7,20442.85,20429.8,20437.05,7102895.0,1144.05,1149.55,1098.6,1110.8,25620,36.765707,47460,76500.0,1038.95,1075.4,1036.45,1060.05,51460,36.122186,198940,76500.0
2026-03-09 09:27:00 +0530,20437.4,20472.45,20433.35,20464.5,8197067.0,1105.2,1147.65,1101.65,1145.0,28020,37.182356,86080,76500.0,1062.75,1077.5,1026.6,1047.55,54880,36.399215,226440,76500.0
2026-03-09 09:28:00 +0530,20465.5,20501.65,20457.95,20496.75,9703498.0,1091.05,1118.25,1079.95,1110.05,16960,36.183593,95860,76600.0,1090.15,1099.75,1038.35,1038.45,25340,35.845933,148500,76600.0
2026-03-09 09:29:00 +0530,20496.45,20496.45,20478.3,20489.0,9639714.0,1108.55,1116.65,1091.6,1104.9,20080,36.488802,117580,76600.0,1047.4,1077.65,1038.45,1064.0,20760,36.258316,146060,76600.0
2026-03-09 09:30:00 +0530,20488.35,20547.95,20488.3,20540.15,11411829.0,1048.3,1095.0,1046.95,1090.75,31520,35.32965,110320,76700.0,1103.0,1109.7,1012.5,1012.5,30180,35.093089,117040,76700.0
2026-03-09 09:31:00 +0530,20540.55,20575.5,20529.4,20570.45,8672307.0,1035.3,1062.45,1023.25,1055.9,25320,34.6916,103240,76800.0,1063.5,1084.7,1006.0,1013.7,26100,34.553755,88240,76800.0
2026-03-09 09:32:00 +0530,20569.9,20570.1,20528.8,20528.8,10115738.0,1106.05,1110.25,1040.0,1040.0,47420,34.358192,110320,76700.0,969.65,1023.7,936.6,1020.75,77520,34.694747,117040,76700.0
2026-03-09 09:33:00 +0530,20527.7,20553.35,20516.65,20552.95,9204674.0,1106.5,1142.0,1088.85,1139.0,32640,36.183888,117580,76600.0,981.05,1037.4,976.45,991.7,59940,35.206584,144320,76600.0
2026-03-09 09:34:00 +0530,20553.95,20556.05,20524.65,20535.65,7956392.0,1087.0,1104.2,1072.05,1093.65,18240,35.750534,110320,76700.0,1037.35,1059.9,1015.0,1022.6,22380,35.155591,117040,76700.0
2026-03-09 09:35:00 +0530,20536.15,20536.3,20520.2,20525.1,6160974.0,1094.25,1098.85,1073.0,1084.15,18860,35.550545,127620,76700.0,1016.35,1043.15,1012.3,1027.4,19820,35.211527,129120,76700.0
2026-03-09 09:36:00 +0530,20524.45,20541.8,20517.8,20537.8,5316941.0,1137.7,1142.25,1121.3,1134.95,12680,35.989673,124440,76600.0,990.0,997.9,968.9,984.95,27440,35.052879,157940,76600.0
2026-03-09 09:37:00 +0530,20537.3,20554.6,20533.8,20551.9,3776565.0,1073.7,1091.25,1072.35,1077.05,11520,35.574555,127620,76700.0,1029.8,1045.0,1015.25,1023.75,18720,34.85389,129120,76700.0
2026-03-09 09:38:00 +0530,20552.0,20578.65,20548.8,20569.8,6617857.0,1076.25,1103.15,1075.15,1080.0,15700,35.037517,127620,76700.0,1021.05,1027.75,987.2,1005.0,21240,34.832071,129120,76700.0
2026-03-09 09:39:00 +0530,20569.6,20582.25,20562.1,20563.15,7722498.0,1079.15,1101.5,1075.3,1079.3,18060,35.177198,127620,76700.0,1015.35,1017.9,986.15,1014.05,19280,34.989694,129120,76700.0
2026-03-09 09:40:00 +0530,20562.05,20566.35,20552.85,20554.6,5104946.0,1076.2,1089.45,1068.9,1069.55,15620,35.038266,148720,76700.0,1020.0,1020.35,995.95,1011.95,16900,34.74896,142980,76700.0
2026-03-09 09:41:00 +0530,20555.6,20555.85,20528.1,20535.35,4762616.0,1132.85,1138.95,1114.7,1123.8,10820,35.905927,131440,76600.0,968.1,999.0,965.7,985.2,36120,34.830953,163340,76600.0
2026-03-09 09:42:00 +0530,20535.85,20542.35,20528.8,20532.9,3222018.0,1124.95,1130.45,1105.0,1111.35,9340,35.514981,131440,76600.0,985.55,996.3,970.9,982.1,29860,34.708562,163340,76600.0
2026-03-09 09:43:00 +0530,20533.05,20541.9,20517.3,20537.15,3254789.0,1113.5,1126.4,1093.65,1101.5,11040,35.515725,136680,76600.0,984.4,1010.8,976.5,998.9,30920,34.975302,172260,76600.0
2026-03-09 09:44:00 +0530,20537.15,20542.2,20517.75,20517.75,4673445.0,1102.75,1109.7,1092.85,1093.5,10280,35.6189,136680,76600.0,997.35,1027.25,991.15,1025.7,21720,35.536969,172260,76600.0
2026-03-09 09:45:00 +0530,20517.0,20521.45,20495.0,20495.0,6608890.0,1150.0,1159.3,1118.8,1118.8,11260,35.905183,114740,76500.0,987.05,1025.0,970.0,1021.3,43780,36.008233,249140,76500.0
2026-03-09 09:46:00 +0530,20494.7,20503.3,20487.55,20502.85,5887863.0,1061.7,1080.35,1054.45,1077.0,14780,35.673794,145760,76600.0,1066.6,1068.5,1035.2,1036.9,30340,35.351252,172080,76600.0
2026-03-09 09:47:00 +0530,20503.3,20534.15,20503.3,20534.15,7042777.0,1079.15,1109.25,1075.9,1102.3,13960,35.592595,145760,76600.0,1041.3,1041.3,1000.9,1009.55,24200,35.314208,172080,76600.0
2026-03-09 09:48:00 +0530,20534.25,20553.45,20534.25,20553.45,5963039.0,1052.0,1081.6,1043.25,1080.2,16020,34.977489,165220,76700.0,1051.85,1054.65,1008.5,1009.95,16980,35.127832,142080,76700.0
2026-03-09 09:49:00 +0530,20553.4,20554.85,20544.75,20545.3,3887829.0,1080.0,1084.95,1070.05,1073.0,13100,35.054966,165220,76700.0,1011.1,1029.4,1001.85,1029.1,10320,35.479116,142080,76700.0
2026-03-09 09:50:00 +0530,20545.4,20545.4,20531.15,20532.3,3636090.0,1072.6,1077.4,1066.8,1073.7,4820,35.355186,165220,76700.0,1024.3,1033.5,1018.05,1029.1,9660,35.224547,142080,76700.0
2026-03-09 09:51:00 +0530,20532.5,20547.05,20522.6,20546.65,4310838.0,1075.05,1085.65,1051.15,1080.35,11540,34.963335,165220,76700.0,1027.45,1043.35,1007.25,1009.65,14300,35.155911,142080,76700.0
2026-03-09 09:52:00 +0530,20547.55,20563.6,20546.45,20546.55,3348418.0,1079.85,1105.0,1079.8,1084.6,29680,35.064875,165220,76700.0,1007.6,1015.7,989.0,1015.7,35940,35.404088,142080,76700.0
2026-03-09 09:53:00 +0530,20546.35,20550.4,20541.7,20545.95,2547002.0,1087.7,1097.75,1083.35,1090.15,9440,35.368742,165220,76700.0,1013.4,1015.7,1004.0,1012.95,10020,35.209381,142080,76700.0
2026-03-09 09:54:00 +0530,20545.15,20551.05,20532.65,20550.3,3650657.0,1091.45,1099.0,1074.85,1099.0,11880,35.307803,178700,76700.0,1012.9,1027.1,999.7,1001.15,18500,35.151277,154560,76700.0
2026-03-09 09:55:00 +0530,20549.6,20556.6,20542.75,20555.15,4118332.0,1096.15,1103.65,1089.95,1098.45,10780,35.181691,178700,76700.0,1002.3,1016.9,998.0,1002.65,20020,35.307227,154560,76700.0
2026-03-09 09:56:00 +0530,20554.95,20568.05,20553.15,20565.75,2722447.0,1097.9,1105.25,1097.0,1105.25,19220,35.465848,181720,76700.0,1003.25,1005.7,990.95,996.7,23120,35.06301,154260,76700.0
2026-03-09 09:57:00 +0530,20566.2,20588.05,20566.2,20586.05,2377047.0,1103.1,1107.55,1094.1,1100.6,18380,35.035489,181720,76700.0,998.5,1007.0,991.0,1001.0,19220,35.464595,154260,76700.0
2026-03-09 09:58:00 +0530,20586.1,20586.85,20565.3,20570.75,4883876.0,1103.0,1105.6,1070.1,1083.65,20160,35.33645,181720,76700.0,1001.8,1028.2,995.5,1014.6,25220,35.125168,154260,76700.0
2026-03-09 09:59:00 +0530,20570.35,20577.2,20569.55,20569.7,3480125.0,1085.95,1094.95,1077.65,1077.65,8080,34.828539,191720,76700.0,1011.25,1014.65,997.0,1008.6,12780,35.215648,162560,76700.0
2026-03-09 10:00:00 +0530,20569.15,20598.4,20567.5,20586.45,2839226.0,1077.1,1086.6,1071.7,1071.8,10420,34.82884,191720,76700.0,1011.85,1019.0,998.35,1019.0,19800,35.388912,162560,76700.0
2026-03-09 10:01:00 +0530,20586.6,20608.85,20577.45,20577.45,4090588.0,1068.75,1101.65,1065.85,1084.3,13340,34.959681,191720,76700.0,1020.85,1020.85,985.0,1003.1,28400,35.129741,162560,76700.0
2026-03-09 10:02:00 +0530,20576.95,20576.95,20540.0,20541.4,5286223.0,1087.3,1087.3,1056.35,1062.05,13580,34.877026,199320,76700.0,1002.3,1027.3,1001.65,1027.3,20960,35.328633,176420,76700.0
2026-03-09 10:03:00 +0530,20541.0,20541.65,20535.6,20537.2,2010416.0,1063.95,1066.0,1046.8,1065.1,10580,35.047057,199320,76700.0,1025.3,1039.65,1021.4,1030.0,17020,35.362397,176420,76700.0
2026-03-09 10:04:00 +0530,20537.0,20551.7,20534.75,20546.55,4124730.0,1062.6,1073.1,1045.7,1059.25,8000,35.176505,199320,76700.0,1026.45,1042.4,1021.1,1037.45,11280,35.309151,176420,76700.0
2026-03-09 10:05:00 +0530,20546.55,20557.5,20545.45,20554.1,2233170.0,1059.7,1073.2,1057.4,1067.85,7200,34.898382,199320,76700.0,1036.8,1037.45,1016.85,1021.55,8780,35.319403,176420,76700.0
2026-03-09 10:06:00 +0530,20554.6,20590.85,20554.6,20590.8,5476931.0,1069.15,1108.3,1067.85,1099.6,11760,34.971425,199320,76700.0,1020.8,1021.55,982.25,982.25,20920,34.922167,176420,76700.0
2026-03-09 10:07:00 +0530,20591.95,20592.7,20587.7,20588.25,2458854.0,1040.6,1059.3,1040.1,1053.45,20840,34.699742,203500,76800.0,1034.45,1039.95,1022.95,1025.95,13620,35.122829,134380,76800.0
2026-03-09 10:08:00 +0530,20588.35,20591.4,20584.2,20585.0,2615686.0,1054.5,1075.5,1053.45,1075.5,19460,34.83207,203500,76800.0,1024.2,1025.95,1008.2,1009.75,19940,35.156977,134380,76800.0
2026-03-09 10:09:00 +0530,20586.05,20590.0,20576.95,20582.05,2327582.0,1079.85,1090.0,1070.25,1078.65,25520,34.386753,203500,76800.0,1008.65,1011.0,995.5,999.75,27820,35.335,134380,76800.0
2026-03-09 10:10:00 +0530,20582.25,20589.35,20572.6,20588.5,2024471.0,1023.65,1049.5,1023.65,1045.0,20940,34.222778,117420,76900.0,1045.2,1050.25,1020.9,1023.45,24820,35.154173,80880,76900.0
2026-03-09 10:11:00 +0530,20589.0,20603.6,20589.0,20601.05,2719469.0,1044.55,1060.15,1044.55,1054.25,21660,34.260402,117420,76900.0,1020.9,1023.45,1003.7,1010.6,22900,34.986042,80880,76900.0
2026-03-09 10:12:00 +0530,20600.65,20603.75,20597.2,20602.55,2054801.0,1051.4,1051.85,1035.15,1044.7,27540,34.301508,140140,76900.0,1014.65,1031.5,1008.0,1023.15,28540,35.073691,110040,76900.0
2026-03-09 10:13:00 +0530,20602.5,20603.65,20585.55,20586.05,2335908.0,1100.75,1107.85,1077.45,1078.05,11360,34.287054,211660,76800.0,983.0,997.2,975.8,991.3,16740,35.150057,175660,76800.0
2026-03-09 10:14:00 +0530,20585.65,20590.25,20581.95,20583.65,1642728.0,1085.55,1089.2,1070.25,1074.95,13980,34.541266,211660,76800.0,992.8,1007.3,991.3,1007.3,25800,35.367061,175660,76800.0
2026-03-09 10:15:00 +0530,20584.2,20584.2,20559.05,20559.05,3754845.0,1128.0,1135.0,1078.9,1078.9,12260,34.639507,178960,76700.0,966.5,1006.9,965.0,1006.8,36120,35.476288,206320,76700.0
2026-03-09 10:16:00 +0530,20559.1,20568.35,20555.1,20564.85,2412216.0,1079.0,1098.9,1072.1,1093.95,15760,35.029917,178960,76700.0,1006.6,1015.9,995.9,996.25,39000,35.234309,206320,76700.0
2026-03-09 10:17:00 +0530,20565.65,20572.1,20545.3,20546.1,5131965.0,1093.2,1108.35,1064.15,1066.0,11100,34.875312,178960,76700.0,999.4,1027.0,983.45,1027.0,23680,35.548172,206320,76700.0
2026-03-09 10:18:00 +0530,20545.55,20546.15,20539.3,20540.8,2529369.0,1065.7,1073.0,1051.65,1072.2,22680,35.242882,178960,76700.0,1024.9,1038.5,1015.0,1015.0,35200,35.001497,206320,76700.0
2026-03-09 10:19:00 +0530,20541.7,20552.45,20537.85,20552.45,2866983.0,1069.35,1072.2,1054.0,1058.5,8560,34.82692,178960,76700.0,1015.0,1032.05,1015.0,1027.35,12920,35.381403,206320,76700.0
2026-03-09 10:20:00 +0530,20551.95,20569.15,20550.15,20569.15,1755051.0,1061.4,1072.25,1054.05,1070.5,8580,34.475344,178960,76700.0,1025.6,1030.45,975.85,975.85,24720,34.358524,206320,76700.0
2026-03-09 10:21:00 +0530,20571.1,20613.2,20571.1,20608.8,3976665.0,1098.65,1106.6,1070.5,1085.95,25480,34.658208,194900,76700.0,977.8,1001.7,971.25,1000.1,25540,35.490961,210060,76700.0
2026-03-09 10:22:00 +0530,20608.2,20608.2,20561.95,20562.35,1690187.0,1082.4,1088.1,1075.35,1080.2,7220,34.32362,194900,76700.0,998.45,1009.5,981.85,993.05,16400,35.387888,210060,76700.0
2026-03-09 10:23:00 +0530,20561.85,20561.95,20539.1,20540.65,2551094.0,1080.15,1083.45,1060.5,1077.6,13600,34.473398,195120,76700.0,994.85,1007.5,992.65,1005.55,18300,35.600143,207940,76700.0
2026-03-09 10:24:00 +0530,20540.25,20542.95,20536.6,20542.55,1496871.0,1080.75,1082.0,1067.7,1075.0,5520,34.35071,195120,76700.0,1002.5,1009.0,997.5,1000.65,13720,35.473736,207940,76700.0
2026-03-09 10:25:00 +0530,20542.45,20543.35,20528.65,20528.65,2161350.0,1071.85,1076.7,1051.45,1051.7,9100,34.45921,195120,76700.0,1001.05,1023.9,995.95,1023.9,17420,35.436987,207940,76700.0
2026-03-09 10:26:00 +0530,20527.95,20550.2,20525.55,20550.2,2018984.0,1052.0,1082.15,1049.85,1076.05,10320,34.327336,195120,76700.0,1023.8,1028.0,986.4,989.25,20920,35.156385,207940,76700.0
2026-03-09 10:27:00 +0530,20549.7,20551.75,20546.45,20549.9,1121790.0,1023.9,1034.95,1023.6,1034.95,6460,34.380075,224620,76800.0,1034.5,1039.15,1026.5,1030.15,9160,35.112598,179800,76800.0
2026-03-09 10:28:00 +0530,20550.1,20552.85,20548.0,20549.75,1103850.0,1030.75,1036.75,1025.4,1033.55,6940,34.28695,224620,76800.0,1030.9,1040.35,1025.0,1027.0,12960,35.057423,179800,76800.0
2026-03-09 10:29:00 +0530,20549.95,20551.65,20540.25,20540.65,1152738.0,1029.8,1038.1,1029.05,1032.25,5540,34.155085,226260,76800.0,1027.95,1037.85,1022.85,1034.7,8420,35.407544,190140,76800.0
2026-03-09 10:30:00 +0530,20540.2,20540.2,20525.25,20525.65,1439759.0,1029.55,1035.3,1020.3,1023.65,8820,33.947113,226260,76800.0,1034.3,1035.15,1024.1,1032.7,7320,35.269244,190140,76800.0
2026-03-09 10:31:00 +0530,20525.5,20525.5,20505.9,20507.1,2510195.0,1079.75,1079.9,1046.05,1046.05,12960,34.022791,194420,76700.0,986.0,1015.25,986.0,1012.0,16360,35.306766,214960,76700.0
2026-03-09 10:32:00 +0530,20506.65,20507.2,20493.0,20493.15,2421276.0,1046.65,1055.9,1035.0,1043.55,10200,34.429798,194420,76700.0,1011.6,1029.85,1006.5,1025.65,24100,35.312424,214960,76700.0
2026-03-09 10:33:00 +0530,20492.15,20507.35,20490.5,20507.3,2344039.0,1039.75,1070.0,1038.15,1067.6,19020,34.555375,194420,76700.0,1029.95,1033.55,995.25,1002.5,31920,35.180042,214960,76700.0
2026-03-09 10:34:00 +0530,20507.35,20507.65,20489.5,20490.0,1623854.0,1068.8,1070.0,1049.15,1052.65,5900,34.604041,195800,76700.0,1002.1,1026.65,998.2,1024.95,10500,35.42786,214220,76700.0
2026-03-09 10:35:00 +0530,20489.85,20494.85,20484.7,20494.4,1378404.0,1050.0,1062.1,1040.05,1056.0,20020,34.425022,195800,76700.0,1026.85,1030.0,1010.85,1018.4,26140,35.48761,214220,76700.0
2026-03-09 10:36:00 +0530,20494.3,20496.65,20487.65,20496.65,2226535.0,1057.85,1068.0,1044.4,1063.05,19600,34.686132,195800,76700.0,1020.2,1028.15,1000.4,1000.4,22000,34.865539,214220,76700.0
2026-03-09 10:37:00 +0530,20496.8,20505.8,20495.0,20502.25,2144424.0,1007.1,1040.0,1006.9,1040.0,19140,34.44511,238260,76800.0,1050.95,1051.0,1013.8,1015.0,26240,34.771169,199280,76800.0
2026-03-09 10:38:00 +0530,20502.6,20511.95,20495.2,20498.75,2743819.0,1058.0,1067.2,1034.9,1037.45,23780,34.277443,238260,76800.0,1002.5,1018.45,982.8,1018.1,26540,34.960203,199280,76800.0
2026-03-09 10:39:00 +0530,20498.4,20499.5,20489.25,20492.55,1724965.0,1094.35,1099.0,1080.0,1092.7,10000,34.763664,208900,76700.0,974.55,987.2,967.4,969.8,17500,34.700698,225100,76700.0
2026-03-09 10:40:00 +0530,20492.5,20499.15,20489.55,20489.85,1542681.0,1032.15,1048.7,1027.2,1035.75,7740,33.968276,243960,76800.0,1014.3,1019.65,994.5,1010.6,11500,34.959239,199280,76800.0
2026-03-09 10:41:00 +0530,20490.35,20495.6,20482.65,20493.15,1392956.0,1089.85,1096.6,1074.9,1080.0,5260,34.47551,208900,76700.0,976.1,982.0,967.9,979.25,10580,34.905814,225100,76700.0
2026-03-09 10:42:00 +0530,20492.85,20506.6,20492.85,20504.15,1508460.0,1021.7,1038.05,1016.9,1038.05,4380,34.184998,247380,76800.0,1024.1,1026.85,1001.45,1004.45,7500,34.634154,199280,76800.0
2026-03-09 10:43:00 +0530,20503.8,20509.5,20501.45,20501.45,1142682.0,1038.95,1050.0,1031.9,1046.6,7740,34.091686,247380,76800.0,1001.1,1007.95,985.5,993.45,15900,34.62841,199280,76800.0
2026-03-09 10:44:00 +0530,20500.2,20500.2,20484.1,20490.75,1690138.0,1044.05,1049.85,1028.5,1045.85,8260,34.013362,247380,76800.0,992.0,1009.35,990.8,994.0,8320,34.70307,199280,76800.0
2026-03-09 10:45:00 +0530,20490.5,20491.95,20476.75,20477.45,1416444.0,1046.4,1049.55,1030.4,1036.85,11760,34.067912,247380,76800.0,993.7,1011.9,990.05,1006.25,9180,34.7875,199280,76800.0
2026-03-09 10:46:00 +0530,20477.5,20484.1,20470.6,20471.75,1401556.0,1037.25,1045.0,1025.25,1029.1,6360,33.815992,247380,76800.0,1004.85,1011.65,996.35,1006.9,8800,34.807297,199280,76800.0
2026-03-09 10:47:00 +0530,20471.1,20472.0,20451.15,20452.4,3076950.0,1088.55,1093.25,1068.8,1076.55,6720,34.26528,208900,76700.0,964.45,982.9,962.85,979.3,13100,35.032453,225100,76700.0
2026-03-09 10:48:00 +0530,20452.4,20452.4,20447.4,20447.75,1984322.0,1075.85,1076.55,1066.8,1069.15,3880,34.32442,208900,76700.0,980.9,992.0,979.0,987.7,13000,35.042056,225100,76700.0
2026-03-09 10:49:00 +0530,20447.8,20447.85,20439.15,20440.15,2181760.0,1069.0,1075.15,1064.0,1064.5,4780,34.377985,208900,76700.0,990.0,1000.15,987.0,994.9,14720,35.098849,225100,76700.0
2026-03-09 10:50:00 +0530,20439.5,20466.1,20430.6,20463.9,3629689.0,1008.25,1108.0,1005.0,1081.8,44140,34.402788,250520,76800.0,1041.95,1046.1,931.45,956.1,59640,34.219457,215880,76800.0
2026-03-09 10:51:00 +0530,20464.7,20508.2,20459.4,20508.2,4290145.0,973.7,1069.3,959.45,1069.3,106860,34.706974,512800,77000.0,1040.85,1073.2,919.45,922.15,83060,32.248569,478560,77000.0
2026-03-09 10:52:00 +0530,20512.0,20515.25,20491.9,20510.95,4359275.0,1080.55,1080.55,1005.5,1058.8,105600,34.633794,512800,77000.0,917.5,1007.5,913.35,954.05,83160,33.067018,478560,77000.0
2026-03-09 10:53:00 +0530,20510.8,20527.1,20510.4,20527.1,3716739.0,1054.5,1085.7,1047.4,1080.05,76580,34.414746,531640,77000.0,957.0,959.55,928.65,943.3,58320,33.57438,512400,77000.0
2026-03-09 10:54:00 +0530,20527.05,20539.9,20527.05,20538.75,2132673.0,1076.15,1095.0,1066.6,1072.95,45900,34.173055,531640,77000.0,941.35,944.4,915.0,944.4,43880,33.620357,512400,77000.0
2026-03-09 10:55:00 +0530,20538.2,20552.2,20537.95,20549.55,3472261.0,1072.95,1099.25,1051.3,1084.4,51700,34.435882,531640,77000.0,949.25,953.55,914.1,942.55,51660,33.675796,512400,77000.0
2026-03-09 10:56:00 +0530,20549.6,20580.9,20547.55,20579.45,4397789.0,1019.3,1081.85,1013.5,1077.65,36180,34.327709,139160,77100.0,991.4,1004.85,932.0,932.95,35080,33.167611,96680,77100.0
2026-03-09 10:57:00 +0530,20580.1,20602.95,20580.1,20589.95,4543757.0,1082.75,1103.9,1046.3,1052.95,42280,34.000143,139160,77100.0,932.35,949.5,912.35,944.95,30300,33.11651,96680,77100.0
2026-03-09 10:58:00 +0530,20589.15,20589.15,20575.8,20580.1,2249240.0,1042.1,1052.95,1014.35,1018.75,16260,33.564047,144980,77100.0,945.6,976.1,944.95,967.05,19740,33.197199,96680,77100.0
2026-03-09 10:59:00 +0530,20579.85,20580.05,20570.7,20574.65,1996096.0,1025.15,1031.85,1001.55,1027.0,13160,34.042389,144980,77100.0,965.05,988.0,957.8,957.8,22200,32.701276,96680,77100.0
2026-03-09 11:00:00 +0530,20578.1,20585.35,20557.25,20557.25,4051285.0,1098.9,1099.6,1030.65,1031.9,51000,33.711991,538520,77000.0,902.15,962.5,902.15,961.35,62040,33.380862,555840,77000.0
2026-03-09 11:01:00 +0530,20557.7,20559.55,20554.65,20559.55,1532131.0,1024.6,1050.0,1023.55,1045.75,27520,33.835688,542820,77000.0,964.75,965.75,949.3,950.3,37020,33.334543,552960,77000.0
2026-03-09 11:02:00 +0530,20559.25,20574.3,20558.6,20570.95,1349194.0,1035.55,1062.95,1035.55,1041.85,18520,33.520266,542820,77000.0,953.05,956.8,935.3,952.75,25560,33.593384,552960,77000.0
2026-03-09 11:03:00 +0530,20570.2,20571.7,20564.6,20570.95,1923531.0,1039.25,1055.85,1027.95,1053.85,16640,33.702441,542820,77000.0,954.95,960.6,934.35,937.1,19580,33.275939,552960,77000.0
2026-03-09 11:04:00 +0530,20571.5,20577.85,20568.75,20571.45,1825473.0,1055.45,1060.0,1038.75,1048.9,11980,33.76555,546640,77000.0,935.15,952.95,934.0,947.05,16080,33.407315,558000,77000.0
2026-03-09 11:05:00 +0530,20571.35,20571.35,20556.85,20559.05,1173210.0,1050.9,1054.55,1027.25,1047.9,24620,33.91662,546640,77000.0,946.15,969.5,942.9,952.85,32380,33.438912,558000,77000.0
2026-03-09 11:06:00 +0530,20559.25,20565.5,20558.15,20563.2,982220.0,1049.9,1061.35,1046.35,1055.7,17900,33.746393,547100,77000.0,950.0,956.3,940.0,953.8,15980,33.875226,554780,77000.0
2026-03-09 11:07:00 +0530,20562.95,20563.2,20557.2,20558.1,1131967.0,1048.05,1055.7,1031.4,1031.4,18800,33.56007,547100,77000.0,956.0,966.0,945.05,964.0,20220,33.642546,554780,77000.0
2026-03-09 11:08:00 +0530,20557.75,20562.25,20555.45,20561.85,1249233.0,1023.9,1037.35,1018.5,1029.15,18280,33.564461,547100,77000.0,963.55,975.6,955.0,962.45,20000,33.522054,554780,77000.0
2026-03-09 11:09:00 +0530,20562.25,20562.25,20551.05,20554.05,1798272.0,1032.25,1033.35,996.65,1014.25,33240,33.791084,547620,77000.0,959.25,986.7,959.25,978.5,45700,33.379359,555580,77000.0
2026-03-09 11:10:00 +0530,20553.9,20556.8,20531.0,20531.35,3496986.0,1071.15,1083.05,1015.35,1025.55,22940,33.544874,113320,76900.0,934.95,980.25,924.0,974.15,38360,33.919268,123460,76900.0
2026-03-09 11:11:00 +0530,20530.4,20530.4,20520.65,20525.55,3909332.0,1081.55,1085.05,1048.35,1059.15,16740,33.973758,167940,76800.0,934.1,972.95,928.1,960.1,38200,34.188555,208420,76800.0
2026-03-09 11:12:00 +0530,20526.2,20526.2,20521.3,20522.1,1484952.0,1061.45,1072.75,1051.35,1062.15,15040,34.05522,164180,76800.0,958.75,971.1,946.25,962.8,26440,34.304721,205980,76800.0
2026-03-09 11:13:00 +0530,20521.65,20541.25,20521.65,20541.25,1739496.0,1002.0,1061.4,1002.0,1061.4,15560,34.240482,117060,76900.0,1007.6,1008.4,950.0,952.1,40100,33.672206,114300,76900.0
2026-03-09 11:14:00 +0530,20541.25,20542.95,20538.3,20541.85,970062.0,1054.9,1065.7,1041.5,1061.65,9480,33.989771,117060,76900.0,957.2,969.9,950.15,954.5,19160,33.996901,114300,76900.0
2026-03-09 11:15:00 +0530,20541.8,20541.8,20533.65,20534.0,999893.0,1056.05,1061.65,1029.15,1037.7,13680,33.964718,119580,76900.0,956.35,991.7,954.5,983.15,22500,34.247659,107860,76900.0
2026-03-09 11:16:00 +0530,20534.05,20534.05,20521.05,20530.4,1553970.0,1034.4,1037.7,1006.15,1025.7,6080,34.261697,119580,76900.0,986.4,1009.9,983.15,989.45,20740,33.801317,107860,76900.0
2026-03-09 11:17:00 +0530,20530.3,20539.95,20526.1,20537.7,1249757.0,1021.6,1047.4,1007.15,1035.75,10080,33.757213,124960,76900.0,991.4,1005.75,956.4,963.4,20440,33.726035,107860,76900.0
2026-03-09 11:18:00 +0530,20537.5,20554.2,20536.5,20554.2,1170712.0,1034.6,1088.0,1034.6,1086.7,14480,34.663697,124960,76900.0,972.65,972.65,922.7,927.45,21460,33.265696,107860,76900.0
2026-03-09 11:19:00 +0530,20554.05,20559.2,20554.05,20555.95,1094726.0,1028.85,1036.15,1017.55,1021.05,23960,33.768487,562720,77000.0,970.25,978.05,963.25,973.75,18600,33.52656,515560,77000.0
2026-03-09 11:20:00 +0530,20555.9,20557.35,20551.9,20557.35,1159124.0,1019.45,1040.8,1011.35,1038.15,23600,33.782685,572540,77000.0,978.85,978.85,952.05,952.05,20620,33.329937,532720,77000.0
2026-03-09 11:21:00 +0530,20558.0,20565.05,20557.85,20564.45,1423296.0,1035.3,1051.45,1031.95,1041.05,32860,33.511769,572540,77000.0,957.7,967.4,942.35,944.8,23820,33.432492,532720,77000.0
2026-03-09 11:22:00 +0530,20564.4,20574.45,20564.15,20572.8,4653788.0,1045.5,1065.45,1040.4,1055.65,30100,33.635539,572540,77000.0,949.55,949.55,928.5,935.75,29920,33.46996,532720,77000.0
2026-03-09 11:23:00 +0530,20572.95,20594.15,20572.65,20592.0,2589163.0,1049.45,1074.75,1049.45,1054.95,30380,33.50628,582180,77000.0,941.75,941.75,920.6,938.7,22100,33.671542,541460,77000.0
2026-03-09 11:24:00 +0530,20591.6,20591.65,20579.3,20580.7,1170019.0,1050.65,1054.95,1026.9,1033.9,29060,33.535078,582180,77000.0,940.95,955.25,938.7,948.95,26840,33.348269,541460,77000.0
2026-03-09 11:25:00 +0530,20580.25,20581.4,20576.2,20576.2,1163079.0,1034.85,1047.9,1033.9,1040.6,11920,33.671495,578560,77000.0,946.55,950.0,938.0,943.6,16060,33.257212,555340,77000.0
2026-03-09 11:26:00 +0530,20576.15,20583.6,20569.05,20583.25,1019387.0,1041.55,1045.3,1013.55,1044.4,18560,33.812667,578560,77000.0,942.3,963.0,939.2,939.2,22800,33.103319,555340,77000.0
2026-03-09 11:27:00 +0530,20583.3,20594.15,20583.3,20593.7,1425959.0,1042.15,1049.0,1036.75,1041.8,14540,33.543125,578560,77000.0,940.9,949.05,939.2,948.65,13760,33.5963,555340,77000.0
2026-03-09 11:28:00 +0530,20593.15,20619.85,20591.7,20619.85,3092025.0,982.95,1048.45,982.95,1043.35,23440,33.597964,197820,77100.0,988.9,991.85,935.9,937.65,23140,33.145908,101360,77100.0
2026-03-09 11:29:00 +0530,20619.35,20621.2,20609.5,20616.2,1994641.0,1044.8,1057.7,1015.85,1029.7,29740,33.321564,197820,77100.0,935.0,955.0,929.9,949.8,10840,33.392686,101360,77100.0
2026-03-09 11:30:00 +0530,20616.35,20622.15,20614.2,20622.05,1237317.0,1032.5,1049.3,1022.15,1048.05,18240,33.693738,197820,77100.0,946.05,952.85,935.8,939.2,11100,33.268936,101360,77100.0
2026-03-09 11:31:00 +0530,20622.1,20630.9,20622.1,20629.55,3983692.0,1049.85,1062.1,1038.2,1039.0,23540,33.223656,186380,77100.0,937.45,939.65,928.45,939.65,17360,33.440995,112720,77100.0
2026-03-09 11:32:00 +0530,20629.1,20629.5,20618.2,20625.1,1402685.0,1036.45,1042.5,1015.1,1031.7,12280,33.516208,186380,77100.0,938.25,958.85,936.1,945.5,10700,33.149459,112720,77100.0
2026-03-09 11:33:00 +0530,20624.55,20625.75,20612.9,20617.1,1171986.0,1032.0,1040.45,999.9,1009.75,13340,33.175601,185800,77100.0,946.8,965.0,940.45,952.95,12140,33.033139,112720,77100.0
2026-03-09 11:34:00 +0530,20617.45,20630.8,20617.45,20630.75,2015412.0,1018.0,1045.9,1009.75,1038.35,12700,33.493506,185800,77100.0,950.0,952.95,931.35,937.75,9140,33.12937,112720,77100.0
2026-03-09 11:35:00 +0530,20630.55,20633.55,20626.9,20627.25,1908968.0,1035.1,1061.0,1035.1,1042.4,15640,33.116596,185800,77100.0,938.9,939.0,927.15,932.8,9700,33.436783,112720,77100.0
2026-03-09 11:36:00 +0530,20626.9,20627.2,20619.0,20620.4,1104598.0,1044.65,1049.7,1031.65,1041.7,7940,33.400428,187240,77100.0,932.55,945.15,930.2,935.5,6760,33.255382,112720,77100.0
2026-03-09 11:37:00 +0530,20620.65,20630.7,20620.15,20629.6,1012030.0,995.55,1009.55,985.9,999.55,14020,33.259478,114160,77200.0,979.6,989.4,965.4,970.35,6560,33.156065,69540,77200.0
2026-03-09 11:38:00 +0530,20629.9,20630.95,20626.95,20627.85,1213809.0,1004.25,1015.0,999.55,1007.2,14260,33.303213,114160,77200.0,965.2,970.35,955.35,963.55,11300,33.137916,69540,77200.0
2026-03-09 11:39:00 +0530,20627.9,20637.6,20623.45,20636.4,1146598.0,1007.5,1028.45,995.5,1017.35,21340,33.407819,114160,77200.0,966.0,970.8,942.4,960.75,25880,33.275064,69540,77200.0
2026-03-09 11:40:00 +0530,20636.75,20664.35,20636.75,20663.2,3263822.0,965.75,1025.0,962.2,1011.2,28480,33.572677,70300,77300.0,1001.5,1010.85,958.0,969.55,21080,33.140864,50800,77300.0
2026-03-09 11:41:00 +0530,20663.4,20669.25,20663.4,20666.35,6562946.0,1015.95,1025.0,1005.05,1009.95,40300,33.450507,70300,77300.0,970.45,973.2,957.0,970.25,13860,33.247597,50800,77300.0
2026-03-09 11:42:00 +0530,20665.7,20665.7,20647.55,20648.2,2600464.0,1053.3,1066.6,1030.0,1034.9,21080,33.716111,114160,77200.0,930.1,956.15,925.75,952.0,18260,33.265669,69540,77200.0
2026-03-09 11:43:00 +0530,20648.15,20651.95,20636.5,20637.15,1498215.0,1034.9,1047.35,1005.25,1013.3,14500,33.812014,114160,77200.0,949.85,979.8,946.25,973.6,17940,33.22068,69540,77200.0
2026-03-09 11:44:00 +0530,20637.3,20645.85,20636.8,20641.3,1115787.0,1013.25,1040.7,1012.1,1022.4,16300,33.952172,128120,77200.0,973.6,978.15,958.2,963.6,18240,33.049833,95340,77200.0
2026-03-09 11:45:00 +0530,20641.8,20642.45,20630.6,20630.6,1156712.0,1082.5,1090.1,1055.75,1060.0,11360,33.762175,172140,77100.0,923.1,939.65,920.85,935.85,13100,33.559094,120860,77100.0
2026-03-09 11:46:00 +0530,20630.25,20630.35,20622.4,20629.65,1482414.0,1054.0,1067.1,1037.85,1067.1,11640,34.272035,172140,77100.0,940.55,950.25,935.85,936.0,18540,33.325741,120860,77100.0
2026-03-09 11:47:00 +0530,20630.25,20643.25,20630.25,20638.95,1317766.0,1008.0,1040.05,1008.0,1029.35,16740,33.656214,129640,77200.0,978.8,981.35,952.0,961.65,16040,33.505542,101380,77200.0
2026-03-09 11:48:00 +0530,20638.85,20638.95,20627.7,20627.7,1276361.0,1031.4,1034.5,1011.3,1013.95,7360,33.518039,129640,77200.0,961.3,971.95,958.7,971.4,9120,33.481644,101380,77200.0
2026-03-09 11:49:00 +0530,20627.4,20627.8,20618.7,20620.35,2219010.0,1012.0,1016.45,998.85,999.0,9160,33.305682,129640,77200.0,971.95,985.45,971.4,980.65,11500,33.521676,101380,77200.0
2026-03-09 11:50:00 +0530,20620.25,20627.8,20614.8,20627.3,1232512.0,1001.8,1015.4,985.45,1008.3,8080,33.672649,129640,77200.0,983.5,996.8,980.35,980.85,13180,33.484316,101380,77200.0
2026-03-09 11:51:00 +0530,20627.8,20630.4,20622.35,20625.3,1422910.0,1066.25,1073.0,1045.1,1054.25,6800,33.72559,172520,77100.0,938.4,950.0,937.6,943.8,7980,33.724417,127380,77100.0
2026-03-09 11:52:00 +0530,20624.85,20634.0,20624.25,20632.35,1270766.0,1001.05,1012.8,998.3,1002.75,3740,33.442305,140380,77200.0,987.0,991.35,973.7,980.7,6520,33.533941,103860,77200.0
2026-03-09 11:53:00 +0530,20632.45,20632.5,20616.45,20619.55,2700925.0,1055.85,1057.0,1033.8,1049.15,7340,33.718592,174740,77100.0,938.8,954.45,937.0,947.35,10800,33.706956,131980,77100.0
2026-03-09 11:54:00 +0530,20620.75,20634.65,20620.05,20634.25,2371596.0,1049.45,1053.7,1036.65,1052.75,3860,33.929117,174740,77100.0,946.25,954.0,940.0,940.15,7440,33.388856,131980,77100.0
2026-03-09 11:55:00 +0530,20634.1,20634.3,20612.15,20613.3,2355302.0,1045.75,1052.75,1022.3,1036.1,11500,33.377591,177080,77100.0,939.65,955.0,939.65,953.15,12020,33.824452,136160,77100.0
2026-03-09 11:56:00 +0530,20612.95,20615.05,20610.1,20610.1,1115491.0,1036.15,1052.4,1035.05,1050.0,7000,33.637595,177080,77100.0,953.85,953.85,937.5,941.5,10560,33.628864,136160,77100.0
2026-03-09 11:57:00 +0530,20609.95,20611.6,20602.85,20611.1,1159953.0,989.5,1007.65,984.25,1000.05,8140,33.324638,147020,77200.0,983.2,993.0,968.6,985.4,11000,33.75175,106300,77200.0
2026-03-09 11:58:00 +0530,20610.45,20610.5,20603.35,20603.75,693583.0,1054.95,1057.3,1030.0,1032.3,3720,33.28547,179080,77100.0,935.7,953.0,935.05,952.25,9080,33.780391,138840,77100.0
2026-03-09 11:59:00 +0530,20603.45,20604.9,20602.05,20602.75,1315814.0,1034.25,1041.75,1028.55,1036.4,4560,33.54399,179080,77100.0,949.0,955.0,944.15,946.9,8000,33.495861,138840,77100.0
2026-03-09 12:00:00 +0530,20602.85,20602.85,20587.55,20587.55,3213186.0,1032.05,1039.4,1007.65,1008.05,11880,33.127195,182320,77100.0,947.2,961.4,944.0,961.4,18340,33.488445,138840,77100.0
2026-03-09 12:01:00 +0530,20587.35,20593.55,20585.7,20593.55,2156069.0,1004.5,1032.8,1004.5,1028.8,14160,33.407134,182320,77100.0,961.95,967.25,947.5,947.5,22760,33.418264,138840,77100.0
2026-03-09 12:02:00 +0530,20594.2,20597.05,20588.55,20590.45,1113632.0,1031.7,1034.5,1013.45,1013.45,12180,33.110964,182320,77100.0,945.85,960.25,942.0,956.85,17960,33.53394,138840,77100.0
2026-03-09 12:03:00 +0530,20590.05,20590.1,20580.05,20581.9,1403453.0,1006.75,1013.45,990.7,992.75,9060,32.851201,182120,77100.0,955.0,971.65,955.0,967.8,19440,33.496803,146000,77100.0
2026-03-09 12:04:00 +0530,20581.7,20603.1,20579.55,20601.9,1684291.0,990.75,1038.95,989.5,1025.5,11680,33.35113,182120,77100.0,967.8,971.95,928.2,942.25,21360,33.20873,146000,77100.0
2026-03-09 12:05:00 +0530,20601.45,20601.45,20586.65,20586.95,1259826.0,1020.05,1026.65,1004.0,1007.3,14920,33.013835,182120,77100.0,944.95,969.55,942.25,960.85,18560,33.58546,146000,77100.0
2026-03-09 12:06:00 +0530,20586.9,20588.0,20581.25,20583.05,1354811.0,1008.4,1011.4,993.4,996.7,8040,33.06608,184220,77100.0,965.75,975.0,960.85,971.2,12060,33.554948,148520,77100.0
2026-03-09 12:07:00 +0530,20583.3,20584.4,20574.05,20574.5,1213201.0,1055.05,1061.3,1032.6,1034.0,9720,33.330115,588320,77000.0,929.75,944.6,922.55,942.1,25660,33.590935,633900,77000.0
2026-03-09 12:08:00 +0530,20574.5,20574.5,20569.95,20570.7,1188928.0,1032.6,1037.95,1025.25,1028.1,13240,33.204679,588320,77000.0,940.6,947.9,940.0,944.5,25380,33.610559,633900,77000.0
2026-03-09 12:09:00 +0530,20570.5,20571.65,20564.45,20564.85,1163648.0,1028.55,1031.8,1005.8,1007.4,21080,33.454442,591780,77000.0,944.05,975.85,942.45,975.85,36000,33.792941,634440,77000.0
2026-03-09 12:10:00 +0530,20564.7,20568.4,20559.3,20568.4,1295511.0,1005.4,1012.3,988.4,1009.8,43760,33.30879,591780,77000.0,975.45,988.1,963.35,967.15,67980,33.719092,634440,77000.0
2026-03-09 12:11:00 +0530,20567.65,20596.4,20567.65,20592.9,2440196.0,1011.9,1044.25,1009.8,1032.7,32940,33.169022,608000,77000.0,965.1,967.15,933.6,946.75,45940,33.881753,631720,77000.0
2026-03-09 12:12:00 +0530,20592.35,20593.2,20584.9,20585.7,870253.0,1034.35,1035.55,1023.1,1030.9,15340,33.373898,608000,77000.0,949.85,956.8,946.75,950.3,24020,33.765726,631720,77000.0
2026-03-09 12:13:00 +0530,20586.0,20587.25,20579.05,20581.7,782958.0,1025.8,1030.9,1015.0,1022.25,12820,33.412323,608000,77000.0,950.65,968.75,950.3,967.75,24920,34.05783,631720,77000.0
2026-03-09 12:14:00 +0530,20581.85,20590.2,20579.3,20590.05,1115124.0,1022.1,1029.1,1012.95,1029.1,11660,33.642694,619340,77000.0,965.5,977.05,959.3,959.85,23760,33.798351,641160,77000.0
2026-03-09 12:15:00 +0530,20590.15,20590.15,20585.0,20585.2,1115916.0,1027.35,1039.0,1025.7,1031.55,18040,33.508543,619340,77000.0,958.6,959.95,950.95,955.35,16820,33.853493,641160,77000.0
2026-03-09 12:16:00 +0530,20584.85,20585.35,20580.4,20580.85,700867.0,1030.35,1033.0,1020.65,1020.65,9080,33.317348,619340,77000.0,955.85,969.2,953.6,964.05,22960,33.990093,641160,77000.0
2026-03-09 12:17:00 +0530,20581.0,20590.2,20580.55,20585.25,1488741.0,1022.25,1041.35,1020.65,1026.15,15900,33.407822,628100,77000.0,963.0,966.75,945.0,957.6,35080,33.86694,653920,77000.0
2026-03-09 12:18:00 +0530,20585.3,20599.95,20584.75,20590.3,1167438.0,1027.55,1040.0,1021.5,1023.5,16700,33.519713,628100,77000.0,958.5,972.65,950.0,970.0,24300,34.107373,653920,77000.0
2026-03-09 12:19:00 +0530,20590.2,20591.0,20587.65,20588.5,546463.0,1021.25,1023.5,1014.7,1014.7,11180,33.193974,635400,77000.0,972.05,977.25,967.15,967.15,26000,34.042344,663500,77000.0
2026-03-09 12:20:00 +0530,20588.2,20588.65,20577.0,20580.2,1045603.0,1014.4,1014.7,994.5,1003.95,22640,33.512025,635400,77000.0,967.75,986.0,967.15,981.05,29400,33.877703,663500,77000.0
2026-03-09 12:21:00 +0530,20580.4,20587.25,20577.05,20587.25,3064955.0,1005.6,1028.0,999.05,1028.0,17260,33.758373,635400,77000.0,978.8,984.65,952.55,952.55,17480,33.45486,663500,77000.0
2026-03-09 12:22:00 +0530,20587.35,20591.65,20583.85,20584.1,1320602.0,1029.35,1029.35,1005.3,1010.25,14640,33.589291,643860,77000.0,950.0,978.6,949.7,976.85,22240,33.878646,663120,77000.0
2026-03-09 12:23:00 +0530,20583.9,20584.25,20580.15,20583.95,2063072.0,1007.55,1014.25,997.15,1010.2,16280,33.698433,643860,77000.0,977.0,988.0,975.0,983.25,21840,33.997509,663120,77000.0
2026-03-09 12:24:00 +0530,20583.2,20601.3,20583.2,20601.3,2024074.0,1012.5,1035.05,1010.0,1035.05,11740,33.780453,643860,77000.0,982.2,983.25,950.2,950.2,19160,33.59731,663120,77000.0
2026-03-09 12:25:00 +0530,20601.35,20604.0,20598.55,20599.5,760335.0,1037.1,1038.3,1025.2,1032.55,11800,33.855157,646460,77000.0,950.0,974.1,950.0,969.45,14640,34.10983,660960,77000.0
2026-03-09 12:26:00 +0530,20599.6,20609.15,20599.15,20608.75,884492.0,1032.8,1052.9,1030.75,1052.75,13660,34.020633,646460,77000.0,971.2,971.35,946.05,948.85,18520,33.897269,660960,77000.0
2026-03-09 12:27:00 +0530,20608.6,20611.2,20606.4,20611.2,641555.0,1053.25,1056.3,1038.1,1038.1,14480,33.651692,655600,77000.0,949.05,963.0,945.35,953.5,35600,33.94387,661720,77000.0
2026-03-09 12:28:00 +0530,20611.0,20613.2,20607.7,20607.7,1340461.0,1039.9,1043.35,1019.4,1019.4,11000,33.268245,655600,77000.0,955.4,971.2,953.5,971.2,15880,34.31962,661720,77000.0
2026-03-09 12:29:00 +0530,20607.45,20612.45,20606.35,20612.45,2903065.0,1018.3,1030.8,1012.55,1026.25,12860,33.617474,655600,77000.0,972.0,975.0,968.5,968.5,16140,34.126571,661720,77000.0
2026-03-09 12:30:00 +0530,20612.45,20622.5,20612.45,20621.25,996335.0,1028.6,1043.65,1026.25,1043.0,15460,33.886547,663160,77000.0,965.0,968.5,956.9,966.35,12320,34.338133,661220,77000.0
2026-03-09 12:31:00 +0530,20621.45,20622.6,20611.35,20622.5,1477974.0,1042.45,1045.1,1015.65,1043.3,28220,33.725258,663160,77000.0,963.95,988.75,958.2,958.25,37340,34.226763,661220,77000.0
2026-03-09 12:32:00 +0530,20622.1,20622.75,20607.65,20608.35,1060759.0,1042.75,1044.2,1015.55,1018.7,15100,33.921205,663160,77000.0,957.2,993.35,956.0,988.5,30160,34.300402,661220,77000.0
2026-03-09 12:33:00 +0530,20608.0,20608.85,20605.6,20606.5,699458.0,1019.5,1028.7,1018.15,1025.0,7240,33.883012,677380,77000.0,990.25,991.9,982.45,988.55,12900,34.547398,669920,77000.0
2026-03-09 12:34:00 +0530,20606.6,20610.6,20596.75,20596.9,1915662.0,1023.7,1034.95,1001.85,1002.4,18920,33.652181,677380,77000.0,988.7,1000.0,972.7,1000.0,30840,34.433128,669920,77000.0
2026-03-09 12:35:00 +0530,20596.85,20596.85,20590.15,20592.85,1576393.0,1056.2,1073.15,1050.0,1068.5,5340,34.348462,110860,76900.0,956.85,969.7,953.05,961.0,18880,34.645791,132300,76900.0
2026-03-09 12:36:00 +0530,20592.6,20600.35,20591.4,20598.6,976532.0,1007.2,1024.95,1007.2,1018.35,14900,34.084679,683800,77000.0,1008.05,1009.5,987.5,996.0,24220,34.416125,662460,77000.0
2026-03-09 12:37:00 +0530,20598.65,20604.35,20598.5,20603.6,642299.0,1027.0,1035.4,1018.35,1031.05,16880,34.255679,683800,77000.0,994.35,996.0,977.05,981.5,24340,34.17776,662460,77000.0
2026-03-09 12:38:00 +0530,20603.75,20607.7,20603.75,20607.7,625295.0,1031.65,1037.5,1026.5,1031.25,8240,34.172297,688040,77000.0,980.15,988.0,971.8,971.8,12020,33.939751,668100,77000.0
2026-03-09 12:39:00 +0530,20609.45,20621.05,20609.45,20619.15,1483452.0,1042.0,1056.0,1031.25,1047.05,21720,34.18291,688040,77000.0,968.75,980.0,961.0,972.35,20300,34.457196,668100,77000.0
2026-03-09 12:40:00 +0530,20619.15,20622.3,20618.5,20621.1,843367.0,1049.0,1059.3,1043.45,1053.6,13600,34.524609,688040,77000.0,972.8,978.95,964.0,974.85,13780,34.439039,668100,77000.0
2026-03-09 12:41:00 +0530,20620.7,20628.8,20615.35,20628.1,893867.0,1053.9,1073.85,1042.9,1063.1,17180,34.454576,687220,77000.0,975.55,986.0,963.45,971.3,18920,34.687787,670120,77000.0
2026-03-09 12:42:00 +0530,20628.45,20631.35,20624.45,20625.0,1092886.0,1060.3,1075.5,1057.95,1064.6,17140,34.499334,687220,77000.0,968.15,979.0,955.15,977.3,21120,34.904676,670120,77000.0
2026-03-09 12:43:00 +0530,20625.2,20631.3,20624.1,20630.7,790987.0,1006.9,1040.0,1006.9,1040.0,16460,34.863242,219940,77100.0,1018.45,1024.7,1001.7,1009.3,7700,34.789242,145020,77100.0
2026-03-09 12:44:00 +0530,20630.8,20631.9,20623.45,20625.55,804678.0,1094.1,1099.0,1071.45,1076.4,24820,34.750742,685340,77000.0,968.15,980.1,965.0,972.55,19600,34.894008,677320,77000.0
2026-03-09 12:45:00 +0530,20625.35,20635.5,20625.35,20635.5,620853.0,1024.85,1049.0,1021.2,1045.65,11280,34.965164,218120,77100.0,1017.05,1021.0,1001.05,1004.55,10160,34.727961,146060,77100.0
2026-03-09 12:46:00 +0530,20635.2,20636.4,20631.0,20631.35,1135632.0,1097.75,1107.5,1085.9,1089.1,21560,35.079006,687320,77000.0,967.05,979.9,964.6,979.9,15000,35.252989,682540,77000.0
2026-03-09 12:47:00 +0530,20631.05,20631.05,20626.1,20626.95,1752242.0,1091.25,1095.2,1078.65,1086.6,11640,34.934818,687320,77000.0,978.15,983.95,975.85,981.8,10900,35.378143,682540,77000.0
2026-03-09 12:48:00 +0530,20626.85,20627.3,20612.45,20612.5,1104243.0,1086.0,1086.6,1053.65,1058.85,17160,34.662925,687320,77000.0,979.0,999.6,978.05,999.6,25560,35.374739,682540,77000.0
2026-03-09 12:49:00 +0530,20612.4,20612.4,20592.05,20592.1,2730539.0,1062.45,1062.45,1042.6,1047.95,24220,34.620315,685220,77000.0,996.4,1016.0,996.4,1011.95,45620,35.496166,664640,77000.0
2026-03-09 12:50:00 +0530,20592.05,20598.75,20591.55,20595.7,1641552.0,1046.5,1064.85,1046.5,1056.25,25400,34.723904,685220,77000.0,1012.5,1014.85,995.0,1005.05,37300,35.43552,664640,77000.0
2026-03-09 12:51:00 +0530,20595.8,20603.15,20595.0,20603.15,998905.0,1059.95,1086.2,1054.5,1074.7,14880,35.021279,685220,77000.0,1006.45,1008.55,983.3,990.7,18420,35.260287,664640,77000.0
2026-03-09 12:52:00 +0530,20602.95,20602.95,20596.15,20597.35,1052241.0,1072.3,1076.85,1057.2,1061.15,11840,34.77867,695840,77000.0,991.75,1009.2,989.1,997.8,24580,35.30682,669680,77000.0
2026-03-09 12:53:00 +0530,20597.8,20624.65,20597.3,20624.4,1287832.0,1009.95,1057.1,1005.75,1055.2,16160,35.106206,205900,77100.0,1043.35,1048.6,1000.0,1002.45,21080,34.887617,144440,77100.0
2026-03-09 12:54:00 +0530,20624.15,20629.45,20622.9,20628.95,935700.0,1051.65,1067.9,1047.6,1067.05,20940,35.379129,203220,77100.0,1003.55,1013.3,996.6,1000.0,22480,34.93437,142380,77100.0
2026-03-09 12:55:00 +0530,20629.05,20630.2,20622.6,20629.1,746693.0,1067.45,1079.75,1050.75,1066.9,21400,35.064905,203220,77100.0,997.05,1015.1,992.0,1002.05,19240,35.300711,142380,77100.0
2026-03-09 12:56:00 +0530,20628.9,20631.8,20628.9,20631.3,1160225.0,1072.75,1088.65,1066.9,1083.4,16720,35.435095,203220,77100.0,999.05,1004.55,994.8,996.3,7020,35.289817,142380,77100.0
2026-03-09 12:57:00 +0530,20631.45,20641.35,20630.65,20639.0,1105988.0,1025.7,1063.8,1025.7,1057.1,19020,35.169038,130040,77200.0,1041.6,1046.0,1016.9,1024.45,9960,35.577365,95280,77200.0
2026-03-09 12:58:00 +0530,20639.45,20640.85,20634.5,20636.25,827760.0,1115.1,1118.05,1091.5,1107.05,13880,35.597721,199000,77100.0,980.0,996.05,978.7,990.85,8080,35.706496,141720,77100.0
2026-03-09 12:59:00 +0530,20635.85,20637.0,20634.5,20637.0,469183.0,1049.25,1070.0,1045.85,1059.3,12080,35.320798,130040,77200.0,1036.05,1036.05,1019.8,1028.8,7880,35.666658,95280,77200.0
2026-03-09 13:00:00 +0530,20636.95,20637.45,20625.1,20625.1,1064096.0,1120.4,1123.3,1091.7,1094.45,12700,35.189974,196860,77100.0,984.3,998.85,984.0,998.85,7240,35.973699,145920,77100.0
2026-03-09 13:01:00 +0530,20625.55,20625.55,20618.2,20623.2,1153895.0,1038.0,1071.9,1028.6,1065.0,15220,35.247961,131420,77200.0,1042.0,1046.6,1021.7,1027.5,7260,35.888829,100980,77200.0
2026-03-09 13:02:00 +0530,20623.15,20623.65,20612.35,20614.0,1355325.0,1064.25,1075.0,1059.25,1075.0,17020,35.460452,131420,77200.0,1023.25,1039.25,1023.25,1027.6,7860,36.019251,100980,77200.0
2026-03-09 13:03:00 +0530,20614.15,20624.5,20610.95,20618.85,1845382.0,1072.85,1075.0,1049.35,1056.85,29100,35.05196,131420,77200.0,1027.25,1045.2,1027.25,1037.7,23940,36.173709,100980,77200.0
2026-03-09 13:04:00 +0530,20618.5,20621.85,20606.85,20621.45,1241140.0,1056.0,1069.0,1022.25,1059.55,21280,35.159639,131420,77200.0,1039.6,1055.9,1029.55,1034.7,20800,36.063922,100980,77200.0
2026-03-09 13:05:00 +0530,20621.2,20627.2,20620.15,20623.3,897681.0,1061.8,1068.9,1048.35,1061.5,14220,35.450675,131420,77200.0,1039.0,1044.65,1029.85,1037.55,9800,35.955392,100980,77200.0
2026-03-09 13:06:00 +0530,20623.1,20626.45,20621.55,20622.25,985775.0,1064.75,1069.3,1052.15,1057.0,10940,35.141091,131420,77200.0,1035.8,1042.1,1031.25,1039.75,7760,36.185795,100980,77200.0
2026-03-09 13:07:00 +0530,20622.2,20624.05,20619.25,20619.6,909773.0,1056.95,1059.25,1038.55,1053.15,9440,35.414146,131420,77200.0,1040.45,1049.1,1039.0,1044.75,5380,35.978568,100980,77200.0
2026-03-09 13:08:00 +0530,20620.2,20621.65,20613.85,20614.2,2121537.0,1107.25,1109.15,1083.35,1096.8,8800,35.434522,197300,77100.0,997.55,1006.5,996.55,1006.0,9100,36.124827,160360,77100.0
2026-03-09 13:09:00 +0530,20614.0,20616.4,20611.6,20612.75,817617.0,1098.3,1103.9,1090.0,1092.7,4980,35.21431,197300,77100.0,1003.0,1008.95,998.3,1008.95,8200,36.305572,160360,77100.0
2026-03-09 13:10:00 +0530,20612.65,20613.45,20610.0,20610.75,878573.0,1094.05,1102.15,1092.7,1095.25,3160,35.314517,197300,77100.0,1006.85,1008.95,1000.75,1001.35,4940,36.04151,160360,77100.0
2026-03-09 13:11:00 +0530,20610.95,20610.95,20606.15,20606.15,1270493.0,1095.0,1097.9,1078.75,1085.5,8460,35.226737,198460,77100.0,1003.55,1014.75,1001.35,1010.85,7760,36.149644,162620,77100.0
2026-03-09 13:12:00 +0530,20606.3,20606.3,20599.85,20603.45,1283584.0,1081.3,1090.9,1064.95,1083.65,10000,35.226143,198460,77100.0,1011.2,1015.0,1000.0,1000.75,11360,35.755055,162620,77100.0
2026-03-09 13:13:00 +0530,20603.6,20603.8,20585.65,20586.2,1575975.0,1132.7,1140.4,1094.45,1099.4,16080,35.464515,678760,77000.0,964.4,1000.0,960.9,1000.0,31360,36.097567,677420,77000.0
2026-03-09 13:14:00 +0530,20585.9,20591.55,20583.35,20590.6,1446689.0,1042.65,1051.85,1028.85,1043.25,11600,35.059329,201120,77100.0,1039.2,1041.45,1023.0,1029.2,14620,35.606344,166300,77100.0
2026-03-09 13:15:00 +0530,20590.8,20603.3,20590.05,20601.1,1306948.0,1052.45,1075.0,1043.25,1061.8,13000,35.317828,201120,77100.0,1023.75,1030.05,1007.2,1020.2,11100,35.66179,166300,77100.0
2026-03-09 13:16:00 +0530,20601.7,20602.8,20596.25,20596.8,1099668.0,1064.9,1073.5,1055.1,1059.3,8920,35.413537,204240,77100.0,1016.05,1027.0,1011.6,1026.95,12000,35.728038,169160,77100.0
2026-03-09 13:17:00 +0530,20595.95,20595.95,20586.25,20586.35,1284404.0,1108.85,1114.25,1089.1,1089.1,16720,35.561537,695500,77000.0,988.6,1002.0,985.1,1001.3,19240,35.760862,696920,77000.0
2026-03-09 13:18:00 +0530,20586.05,20586.2,20580.75,20580.95,961041.0,1089.1,1093.65,1076.95,1080.4,16360,35.775309,695500,77000.0,1003.8,1009.95,1001.3,1005.2,24940,35.427489,696920,77000.0
2026-03-09 13:19:00 +0530,20580.7,20589.75,20580.7,20589.75,1190081.0,1083.2,1103.2,1080.4,1099.65,20160,36.094634,696820,77000.0,1005.9,1005.9,990.3,990.8,30580,35.257265,695180,77000.0
2026-03-09 13:20:00 +0530,20589.85,20616.75,20589.3,20616.6,2960269.0,1048.25,1112.3,1038.95,1112.3,16940,36.185878,204240,77100.0,1034.35,1038.65,974.3,974.3,22840,34.92567,168440,77100.0
2026-03-09 13:21:00 +0530,20616.6,20616.6,20584.65,20584.65,1333470.0,1167.95,1167.95,1100.0,1101.7,17640,35.60195,700700,77000.0,935.9,993.85,935.9,993.65,30600,35.88418,698840,77000.0
2026-03-09 13:22:00 +0530,20584.6,20589.05,20583.75,20587.45,712724.0,1099.65,1120.85,1098.0,1099.2,11740,35.508443,700700,77000.0,990.7,993.85,976.85,993.0,19060,35.876365,698840,77000.0
2026-03-09 13:23:00 +0530,20587.55,20597.0,20586.75,20592.0,878497.0,1044.95,1063.2,1032.05,1052.65,6080,35.235762,204240,77100.0,1034.75,1039.9,1015.35,1027.8,10880,35.761031,166240,77100.0
2026-03-09 13:24:00 +0530,20591.8,20594.8,20588.75,20589.1,951308.0,1100.3,1118.15,1098.15,1099.0,6900,35.607243,706580,77000.0,989.85,995.0,982.5,995.0,7380,35.863084,703800,77000.0
